[Leaders.Leader-4].Name;General Voronin
[Leaders.Leader-5].Name;Lukash
[Leaders.Leader-6].Name;Charon
[SpecialEvents.Burst].Name;Hyperemission!
[SpecialEvents.Burst].Desc-Yes;A major emission occurred in the Zone. Mutants became more active and appeared to be on the verge of a rampage. Our soldiers successfully survived the emission, but even in shelters they struggled, so the following amount of medical supplies were used:
[SpecialEvents.Burst].Desc-No;A major emission occurred in the Zone. Mutants became more active and appeared to be on the verge of a rampage. Some soldiers were unable to survive the emission due to a shortage of medical supplies, which they were forced to use even in shelters.
[Advisors.Advisor-Mutants-1].Name;Unknown
[Advisors.Advisor-Stalkers-1].Name;Unknown
[Advisors.Advisor-Soldiers-1].Name;Unknown
[Advisors.Advisor-Duty-1].Name;Unknown
[Advisors.Advisor-Freedom-1].Name;Unknown
[Advisors.Advisor-Monolith-1].Name;Unknown
[Advisors.Advisor-Zombie-1].Name;Unknown
[Advisors.Advisor-Mutants-KolRazum].Name;Collective mind
[Advisors.Advisor-Stalkers-Wolf].Name;Wolf
[Advisors.Advisor-Stalkers-Shustriy].Name;Nimble
[Advisors.Advisor-Stalkers-Fanat].Name;Fanatic
[Advisors.Advisor-Stalkers-Bes].Name;Bes
[Advisors.Advisor-Stalkers-Urik].Name;Yurik
[Advisors.Advisor-Stalkers-Seriy].Name;Seriy
[Advisors.Advisor-Stalkers-Demon].Name;Oleg «Friend» Gusarov
[Advisors.Advisor-Stalkers-Upir].Name;Vampire
[Advisors.Advisor-Stalkers-Arni].Name;Arnie
[Advisors.Advisor-Stalkers-Krot].Name;Mole
[Advisors.Advisor-Stalkers-Lis].Name;Fox
[Advisors.Advisor-Stalkers-Diodor].Name;Father Diodor
[Advisors.Advisor-Stalkers-Chuchelo].Name;Scarecrow
[Advisors.Advisor-Stalkers-Provodnik].Name;Guide
[Advisors.Advisor-Soldiers-Kuznecov].Name;Major Kuznetsov
[Advisors.Advisor-Soldiers-Capitan].Name;Captain
[Advisors.Advisor-Soldiers-Chuguykin].Name;Lieutenant Chuguykin
[Advisors.Advisor-Soldiers-Specialist].Name;Specialist
[Advisors.Advisor-Soldiers-Poproshayko].Name;Major Poproshaiko
[Advisors.Advisor-Duty-Petrenko].Name;Colonel Petrenko
[Advisors.Advisor-Duty-Cherep].Name;Skull
[Advisors.Advisor-Duty-Ivancov].Name;Captain Ivantsov
[Advisors.Advisor-Duty-Plichko].Name;Sergeant Plichko
[Advisors.Advisor-Duty-Kizenko].Name;Sergeant Kitsenko
[Advisors.Advisor-Duty-Prapor].Name;Warrant Officer
[Advisors.Advisor-Duty-Lohmatiy].Name;Shaggy Sergei
[Advisors.Advisor-Duty-Barin].Name;Barin
[Advisors.Advisor-Duty-Pulya].Name;Bullet
[Advisors.Advisor-Freedom-Ugrumiy].Name;Murk
[Advisors.Advisor-Freedom-Kep].Name;Cap
[Advisors.Advisor-Freedom-Skryaga].Name;Skinflint
[Advisors.Advisor-Freedom-Max].Name;Max
[Advisors.Advisor-Freedom-Povar].Name;Chef
[Advisors.Advisor-Freedom-Pavlik].Name;Pavlik
[Advisors.Advisor-Monolith-Propovednik].Name;Preacher
[Advisors.Advisor-Monolith-Molitvennik].Name;Devotee
[Advisors.Advisor-Monolith-Messiya].Name;Messiah
[Advisors.Advisor-Zombie-Kontroler].Name;Controller
[Achievements.Achiv-1].Name;Freedom for All, Free of Charge!
[Achievements.Achiv-1].Desc;New achievement unlocked! Survive the destruction of the Duty faction while playing as Freedom.
[Achievements.Achiv-1].Desc-Logo;Survive the destruction of the Duty faction while playing as Freedom.
[Achievements.Achiv-2].Name;We Shall Protect the World from the Zone!
[Achievements.Achiv-2].Desc;New achievement unlocked! Survive the destruction of the Freedom faction while playing as Duty.
[Achievements.Achiv-2].Desc-Logo;Survive the destruction of the Freedom faction while playing as Duty.
[Achievements.Achiv-3].Name;Father Monolith!
[Achievements.Achiv-3].Desc;New achievement unlocked! Capture CNPP, Pripyat, and Radar playing as the Monolith faction on Experienced difficulty or higher.
[Achievements.Achiv-3].Desc-Logo;Capture CNPP, Pripyat, and Radar playing as the Monolith faction on Experienced difficulty or higher.
[Achievements.Achiv-4].Name;Breakthrough!
[Achievements.Achiv-4].Desc;New achievement unlocked! Capture the Radar and Pripyat locations playing as the Duty or Freedom faction within the first 13 turns.
[Achievements.Achiv-4].Desc-Logo;Capture the Radar and Pripyat locations playing as the Duty or Freedom faction within the first 13 turns.
[Achievements.Achiv-5].Name;Probationary Combat Status!
[Achievements.Achiv-5].Desc;New achievement unlocked! Adopt the Legality ideology playing as the Duty faction and survive for 1 turn.
[Achievements.Achiv-5].Desc-Logo;Adopt the Legality ideology playing as the Duty faction and survive for 1 turn.
[Achievements.Achiv-6].Name;Cash is King!
[Achievements.Achiv-6].Desc;New achievement unlocked! Adopt the Mercenary ideology playing as the Freedom faction and survive for 1 turn.
[Achievements.Achiv-6].Desc-Logo;Adopt the Mercenary ideology playing as the Freedom faction and survive for 1 turn.
[Traders.World].Name;Outside World
[Traders.World].NeedText;Contact with the Outside World cannot always be established. Chance: 50%. Cost per connection attempt:
[Traders.YourGroup].Name;Your Faction Trader
[Traders.YourGroup].NeedText;You can always trade with your faction trader. Cost:
[Traders.OtherGroup].Name;Enemy Faction Trader
[Traders.OtherGroup].NeedText;To trade with other factions, first select an enemy territory on the map.
[Traders.Trader2].Name;Barman
[Traders.Trader2].NeedText;Barman will be available for trading only if you control the Crossroads territory on the Radar location. Cost:
[StoryEvents.Event-Radar-1].Name;The Marked One continues his journey
[StoryEvents.Event-Radar-1].Desc-Owner;The stalker known as the Marked One has been spotted in our territory %0:s at location %1:s. Our garrison let him pass.
[StoryEvents.Event-Radar-1].Desc-NonOwner;Rumors say that the stalker known as the Marked One was spotted in territory %0:s at location %1:s.
[StoryEvents.Event-Radar-2].Name;The Marked One attacked the territory garrison
[StoryEvents.Event-Radar-2].Desc-Owner;Our patrols encountered the stalker known as the Marked One. We lost the engagement in territory %0:s at location %1:s... Our casualties:
[StoryEvents.Event-Radar-2].Desc-NonOwner;Rumors say that the stalker known as the Marked One was spotted in territory %0:s at location %1:s.
[StoryEvents.Event-Radar-SoldiersIsDie-1].Name;Fate of Boar's Squad
[StoryEvents.Event-Radar-SoldiersIsDie-1].Desc-Owner;The Military squad that suddenly appeared in territory %0:s at location %1:s was destroyed by the Marked One!
[StoryEvents.Event-Radar-SoldiersIsDie-1].Desc-NonOwner;Reports indicate that there was a battle with a Military squad in territory %0:s at location %1:s. No survivors from that squad.
[StoryEvents.Event-Radar-ChangeZoneOwner-1].Name;Technical Event
[StoryEvents.Event-Radar-ChangeZoneOwner-1].Desc-Owner;If you see this message, it's a bug in event Event-Radar-ChangeZoneOwner-1.
[StoryEvents.Event-Radar-ChangeZoneOwner-1].Desc-NonOwner;If you see this message, it's a bug in event Event-Radar-ChangeZoneOwner-1.
[StoryEvents.Event-Radar-Invasion-0].Name;Loner Squad
[StoryEvents.Event-Radar-Invasion-0].Desc-Owner;A Loner squad is assaulting territory %0:s at location %1:s!
[StoryEvents.Event-Radar-Invasion-0].Desc-NonOwner;We received intelligence that a Loner squad is assaulting territory %0:s at location %1:s!
[StoryEvents.Event-Radar-Invasion-1].Name;Duty Squad
[StoryEvents.Event-Radar-Invasion-1].Desc-Owner;A Duty squad is assaulting territory %0:s at location %1:s!
[StoryEvents.Event-Radar-Invasion-1].Desc-NonOwner;We received intelligence that a Duty squad is assaulting territory %0:s at location %1:s!
[StoryEvents.Event-Radar-Invasion-2].Name;Freedom Squad
[StoryEvents.Event-Radar-Invasion-2].Desc-Owner;A Freedom squad is assaulting territory %0:s at location %1:s!
[StoryEvents.Event-Radar-Invasion-2].Desc-NonOwner;We received intelligence that a Freedom squad is assaulting territory %0:s at location %1:s!
[StoryEvents.Event-Radar-3].Name;The Marked One continues his journey
[StoryEvents.Event-Radar-3].Desc-Owner;The stalker known as the Marked One has been spotted in our territory %0:s at location %1:s. Our garrison let him pass.
[StoryEvents.Event-Radar-3].Desc-NonOwner;Rumors say that the stalker known as the Marked One was spotted in territory %0:s at location %1:s.
[StoryEvents.Event-Radar-4].Name;The Marked One attacked the territory garrison
[StoryEvents.Event-Radar-4].Desc-Owner;Our patrols encountered the stalker known as the Marked One. We lost the engagement in territory %0:s at location %1:s... Our casualties:
[StoryEvents.Event-Radar-4].Desc-NonOwner;Rumors say that the stalker known as the Marked One was spotted in territory %0:s at location %1:s.
[StoryEvents.Event-Radar-AddUnits-1].Name;Reinforcements Arrived
[StoryEvents.Event-Radar-AddUnits-1].Desc-Owner;Reinforcements have arrived at territory %0:s at location %1:s from the base!
[StoryEvents.Event-Radar-AddUnits-1].Desc-NonOwner;If you see this, it's a bug in event Event-Radar-AddUnits-1.
[StoryEvents.Event-Radar-Invasion-3].Name;Duty Squad
[StoryEvents.Event-Radar-Invasion-3].Desc-Owner;A Duty squad is assaulting territory %0:s at location %1:s again!
[StoryEvents.Event-Radar-Invasion-3].Desc-NonOwner;We received intelligence that a Duty squad is assaulting territory %0:s at location %1:s again!
[StoryEvents.Event-Radar-Invasion-4].Name;Military Squad
[StoryEvents.Event-Radar-Invasion-4].Desc-Owner;A Military squad is assaulting territory %0:s at location %1:s!
[StoryEvents.Event-Radar-Invasion-4].Desc-NonOwner;We received intelligence that a Military squad is assaulting territory %0:s at location %1:s!
[StoryEvents.Event-Radar-AddUnits-2].Name;Reinforcements Arrived
[StoryEvents.Event-Radar-AddUnits-2].Desc-Owner;Reinforcements have arrived at territory %0:s at location %1:s from the base!
[StoryEvents.Event-Radar-AddUnits-2].Desc-NonOwner;If you see this, it's a bug in event Event-Radar-AddUnits-2.
[StoryEvents.Event-Radar-Invasion-5].Name;Freedom Squad
[StoryEvents.Event-Radar-Invasion-5].Desc-Owner;A Freedom squad is assaulting territory %0:s at location %1:s again!
[StoryEvents.Event-Radar-Invasion-5].Desc-NonOwner;We received intelligence that a Freedom squad is assaulting territory %0:s at location %1:s again!
[StoryEvents.Event-Radar-5].Name;The Marked One continues his journey
[StoryEvents.Event-Radar-5].Desc-Owner;The stalker known as the Marked One has been spotted in our territory %0:s at location %1:s. Our garrison let him pass.
[StoryEvents.Event-Radar-5].Desc-NonOwner;Rumors say that the stalker known as the Marked One was spotted in territory %0:s at location %1:s.
[StoryEvents.Event-Radar-6].Name;The Marked One attacked the territory garrison
[StoryEvents.Event-Radar-6].Desc-Owner;Our patrols encountered the stalker known as the Marked One. We lost the engagement in territory %0:s at location %1:s... Our casualties:
[StoryEvents.Event-Radar-6].Desc-NonOwner;Rumors say that the stalker known as the Marked One was spotted in territory %0:s at location %1:s.
[StoryEvents.Event-Radar-Mickluha].Name;Miklukha Survived!
[StoryEvents.Event-Radar-Mickluha].Desc-Owner;Great news! Remnants of Miklukha's squad have been discovered in territory %0:s at location %1:s! Miklukha is alive and is being sent for extended treatment and rest. Soon he will be able to lead the faction again. This news has boosted morale among all fighters!
[StoryEvents.Event-Radar-Mickluha].Desc-NonOwner;Rumors say that remnants of Miklukha's squad, the Freedom leader who went to the Radar about a month ago and didn't return, were found in territory %0:s at location %1:s. Miklukha survived, but he needs treatment and rest, so Lukash continues to lead Freedom for now.
[StoryEvents.Event-Radar-AddUnits-4].Name;Reinforcements Arrived
[StoryEvents.Event-Radar-AddUnits-4].Desc-Owner;Reinforcements have arrived at territory %0:s at location %1:s!
[StoryEvents.Event-Radar-AddUnits-4].Desc-NonOwner;If you see this, it's a bug in event Event-Radar-AddUnits-4.
[StoryEvents.Event-Radar-Invasion-6].Name;Stalker Breakthrough
[StoryEvents.Event-Radar-Invasion-6].Desc-Owner;A Loner squad is assaulting territory %0:s at location %1:s!
[StoryEvents.Event-Radar-Invasion-6].Desc-NonOwner;We received intelligence that a Loner squad is assaulting territory %0:s at location %1:s!
[StoryEvents.Event-Radar-7].Name;The Marked One continues his journey
[StoryEvents.Event-Radar-7].Desc-Owner;The stalker known as the Marked One has been spotted in our territory %0:s at location %1:s. Our garrison let him pass.
[StoryEvents.Event-Radar-7].Desc-NonOwner;Rumors say that the stalker known as the Marked One was spotted in territory %0:s at location %1:s.
[StoryEvents.Event-Radar-8].Name;The Marked One attacked the territory garrison
[StoryEvents.Event-Radar-8].Desc-Owner;Our patrols encountered the stalker known as the Marked One. We lost the engagement in territory %0:s at location %1:s... Our casualties:
[StoryEvents.Event-Radar-8].Desc-NonOwner;Rumors say that the stalker known as the Marked One was spotted in territory %0:s at location %1:s.
[StoryEvents.Event-Pripyat-SetFlag1-1].Name;Technical Event
[StoryEvents.Event-Pripyat-SetFlag1-1].Desc-Owner;If you see this, it's a bug in event Event-Pripyat-SetFlag1-1.
[StoryEvents.Event-Pripyat-SetFlag1-1].Desc-NonOwner;If you see this, it's a bug in event Event-Pripyat-SetFlag1-1.
[StoryEvents.Event-Pripyat-SetFlag1-2].Name;Technical Event
[StoryEvents.Event-Pripyat-SetFlag1-2].Desc-Owner;If you see this, it's a bug in event Event-Pripyat-SetFlag1-1.
[StoryEvents.Event-Pripyat-SetFlag1-2].Desc-NonOwner;If you see this, it's a bug in event Event-Pripyat-SetFlag1-1.
[StoryEvents.Event-StartOperationMonolith].Name;Operation Monolith
[StoryEvents.Event-StartOperationMonolith].Desc-Owner;We received intelligence that the helicopters flying to CNPP are part of a large-scale Military operation codenamed "Monolith". It looks like the beginning of a massive assault!
[StoryEvents.Event-StartOperationMonolith].Desc-NonOwner;Military command is launching "Operation Monolith" in the northern Zone!
[StoryEvents.Event-Pripyat-Invasion-1].Name;Helicopter Shot Down in Pripyat
[StoryEvents.Event-Pripyat-Invasion-1].Desc-Owner;Territory %0:s at location %1:s is being assaulted by a Military squad, part of which survived the helicopter's emergency landing!
[StoryEvents.Event-Pripyat-Invasion-1].Desc-NonOwner;We received intelligence that territory %0:s at location %1:s is being assaulted by remnants of a Military squad who survived the emergency landing of a downed helicopter!
[StoryEvents.Event-Pripyat-SetFlag4-1].Name;Technical Event
[StoryEvents.Event-Pripyat-SetFlag4-1].Desc-Owner;If you see this, it's a bug in event Event-Pripyat-SetFlag4-1.
[StoryEvents.Event-Pripyat-SetFlag4-1].Desc-NonOwner;If you see this, it's a bug in event Event-Pripyat-SetFlag4-1.
[StoryEvents.Event-Pripyat-Invasion-2].Name;Breakthrough Group
[StoryEvents.Event-Pripyat-Invasion-2].Desc-Owner;A Loner squad is assaulting territory %0:s at location %1:s!
[StoryEvents.Event-Pripyat-Invasion-2].Desc-NonOwner;We received intelligence that a Loner squad is assaulting territory %0:s at location %1:s!
[StoryEvents.Event-Pripyat-1].Name;The Marked One continues his journey
[StoryEvents.Event-Pripyat-1].Desc-Owner;The stalker known as the Marked One has been spotted in our territory %0:s at location %1:s. Our garrison let him pass.
[StoryEvents.Event-Pripyat-1].Desc-NonOwner;Rumors say that the stalker known as the Marked One was spotted in territory %0:s at location %1:s.
[StoryEvents.Event-Pripyat-2].Name;The Marked One attacked the territory garrison
[StoryEvents.Event-Pripyat-2].Desc-Owner;Our patrols encountered the stalker known as the Marked One. We lost the engagement in territory %0:s at location %1:s... Our casualties:
[StoryEvents.Event-Pripyat-2].Desc-NonOwner;Rumors say that the stalker known as the Marked One was spotted in territory %0:s at location %1:s.
[StoryEvents.Event-Pripyat-SetFlag2-1].Name;Technical Event
[StoryEvents.Event-Pripyat-SetFlag2-1].Desc-Owner;If you see this, it's a bug in event Event-Pripyat-SetFlag2-1.
[StoryEvents.Event-Pripyat-SetFlag2-1].Desc-NonOwner;If you see this, it's a bug in event Event-Pripyat-SetFlag2-1.
[StoryEvents.Event-Pripyat-SetFlag3-1].Name;Technical Event
[StoryEvents.Event-Pripyat-SetFlag3-1].Desc-Owner;If you see this, it's a bug in event Event-Pripyat-SetFlag3-1.
[StoryEvents.Event-Pripyat-SetFlag3-1].Desc-NonOwner;If you see this, it's a bug in event Event-Pripyat-SetFlag3-1.
[StoryEvents.Event-Pripyat-Invasion-3].Name;Duty Vanguard
[StoryEvents.Event-Pripyat-Invasion-3].Desc-Owner;A Duty squad is assaulting territory %0:s at location %1:s!
[StoryEvents.Event-Pripyat-Invasion-3].Desc-NonOwner;We received intelligence that a Duty squad is assaulting territory %0:s at location %1:s!
[StoryEvents.Event-Pripyat-Invasion-4].Name;Freedom Vanguard
[StoryEvents.Event-Pripyat-Invasion-4].Desc-Owner;A Freedom squad is assaulting territory %0:s at location %1:s!
[StoryEvents.Event-Pripyat-Invasion-4].Desc-NonOwner;We received intelligence that a Freedom squad is assaulting territory %0:s at location %1:s!
[StoryEvents.Event-Pripyat-3].Name;The Marked One continues his journey
[StoryEvents.Event-Pripyat-3].Desc-Owner;The stalker known as the Marked One has been spotted in our territory %0:s at location %1:s. Our garrison let him pass.
[StoryEvents.Event-Pripyat-3].Desc-NonOwner;Rumors say that the stalker known as the Marked One was spotted in territory %0:s at location %1:s.
[StoryEvents.Event-Pripyat-4].Name;The Marked One attacked the territory garrison
[StoryEvents.Event-Pripyat-4].Desc-Owner;Our patrols encountered the stalker known as the Marked One. We lost the engagement in territory %0:s at location %1:s... Our casualties:
[StoryEvents.Event-Pripyat-4].Desc-NonOwner;Rumors say that the stalker known as the Marked One was spotted in territory %0:s at location %1:s.
[StoryEvents.Event-Pripyat-5].Name;The Marked One continues his journey
[StoryEvents.Event-Pripyat-5].Desc-Owner;The stalker known as the Marked One has been spotted in our territory %0:s at location %1:s. Our garrison let him pass.
[StoryEvents.Event-Pripyat-5].Desc-NonOwner;Rumors say that the stalker known as the Marked One was spotted in territory %0:s at location %1:s.
[StoryEvents.Event-Pripyat-6].Name;The Marked One attacked the territory garrison
[StoryEvents.Event-Pripyat-6].Desc-Owner;Our patrols encountered the stalker known as the Marked One. We lost the engagement in territory %0:s at location %1:s... Our casualties:
[StoryEvents.Event-Pripyat-6].Desc-NonOwner;Rumors say that the stalker known as the Marked One was spotted in territory %0:s at location %1:s.
[StoryEvents.Event-Pripyat-Helicopter].Name;Helicopter Shot Down!
[StoryEvents.Event-Pripyat-Helicopter].Desc-Owner;We managed to shoot down a helicopter of the faithless in territory %0:s at location %1:s! We shall avenge our brothers!
[StoryEvents.Event-Pripyat-Helicopter].Desc-NonOwner;Rumors say that a helicopter was shot down in territory %0:s at location %1:s!
[StoryEvents.Event-Pripyat-7].Name;The Marked One continues his journey
[StoryEvents.Event-Pripyat-7].Desc-Owner;The stalker known as the Marked One has been spotted in our territory %0:s at location %1:s. Our garrison let him pass.
[StoryEvents.Event-Pripyat-7].Desc-NonOwner;Rumors say that the stalker known as the Marked One was spotted in territory %0:s at location %1:s.
[StoryEvents.Event-Pripyat-8].Name;The Marked One attacked the territory garrison
[StoryEvents.Event-Pripyat-8].Desc-Owner;Our patrols encountered the stalker known as the Marked One. We lost the engagement in territory %0:s at location %1:s... Our casualties:
[StoryEvents.Event-Pripyat-8].Desc-NonOwner;Rumors say that the stalker known as the Marked One was spotted in territory %0:s at location %1:s.
[StoryEvents.Event-Pripyat-9].Name;The Marked One continues his journey
[StoryEvents.Event-Pripyat-9].Desc-Owner;The stalker known as the Marked One has been spotted in our territory %0:s at location %1:s. Our garrison let him pass.
[StoryEvents.Event-Pripyat-9].Desc-NonOwner;Rumors say that the stalker known as the Marked One was spotted in territory %0:s at location %1:s.
[StoryEvents.Event-Pripyat-10].Name;The Marked One attacked the territory garrison
[StoryEvents.Event-Pripyat-10].Desc-Owner;Our patrols encountered the stalker known as the Marked One. We lost the engagement in territory %0:s at location %1:s... Our casualties:
[StoryEvents.Event-Pripyat-10].Desc-NonOwner;Rumors say that the stalker known as the Marked One was spotted in territory %0:s at location %1:s.
[StoryEvents.Event-Pripyat-11].Name;The Marked One continues his journey
[StoryEvents.Event-Pripyat-11].Desc-Owner;The stalker known as the Marked One has been spotted in our territory %0:s at location %1:s. Our garrison let him pass.
[StoryEvents.Event-Pripyat-11].Desc-NonOwner;Rumors say that the stalker known as the Marked One was spotted in territory %0:s at location %1:s.
[StoryEvents.Event-Pripyat-12].Name;The Marked One attacked the territory garrison
[StoryEvents.Event-Pripyat-12].Desc-Owner;Our patrols encountered the stalker known as the Marked One. We lost the engagement in territory %0:s at location %1:s... Our casualties:
[StoryEvents.Event-Pripyat-12].Desc-NonOwner;Rumors say that the stalker known as the Marked One was spotted in territory %0:s at location %1:s.
[StoryEvents.Event-Pripyat-13].Name;The Marked One continues his journey
[StoryEvents.Event-Pripyat-13].Desc-Owner;The stalker known as the Marked One has been spotted in our territory %0:s at location %1:s. Our garrison let him pass.
[StoryEvents.Event-Pripyat-13].Desc-NonOwner;Rumors say that the stalker known as the Marked One was spotted in territory %0:s at location %1:s.
[StoryEvents.Event-Pripyat-14].Name;The Marked One attacked the territory garrison
[StoryEvents.Event-Pripyat-14].Desc-Owner;Our patrols encountered the stalker known as the Marked One. We lost the engagement in territory %0:s at location %1:s... Our casualties:
[StoryEvents.Event-Pripyat-14].Desc-NonOwner;Rumors say that the stalker known as the Marked One was spotted in territory %0:s at location %1:s.
[StoryEvents.Event-Pripyat-SetFlag1-3].Name;Technical Event
[StoryEvents.Event-Pripyat-SetFlag1-3].Desc-Owner;If you see this, it's a bug in event Event-Radar-SetFlag1-2.
[StoryEvents.Event-Pripyat-SetFlag1-3].Desc-NonOwner;If you see this, it's a bug in event Event-Radar-SetFlag1-2.
[StoryEvents.Event-Pripyat-SetFlag1-4].Name;Technical Event
[StoryEvents.Event-Pripyat-SetFlag1-4].Desc-Owner;If you see this, it's a bug in event Event-Pripyat-SetFlag1-3.
[StoryEvents.Event-Pripyat-SetFlag1-4].Desc-NonOwner;If you see this, it's a bug in event Event-Pripyat-SetFlag1-3.
[StoryEvents.Event-OperationMonolith-HelicopterAttack-1].Name;Helicopter Attack
[StoryEvents.Event-OperationMonolith-HelicopterAttack-1].Desc-Owner;A Military helicopter opened fire on territory %0:s at location %1:s!
[StoryEvents.Event-OperationMonolith-HelicopterAttack-1].Desc-NonOwner;If you see this, it's a bug in event Event-OperationMonolith-HelicopterAttack-1.
[StoryEvents.Event-OperationMonolith-Invasion-1].Name;Operation Monolith. Quartet.
[StoryEvents.Event-OperationMonolith-Invasion-1].Desc-Owner;The Military are assaulting territory %0:s at location %1:s!
[StoryEvents.Event-OperationMonolith-Invasion-1].Desc-NonOwner;We received intelligence that the Military are assaulting territory %0:s at location %1:s!
[StoryEvents.Event-OperationMonolith-HelicopterAttack-2].Name;Helicopter Attack
[StoryEvents.Event-OperationMonolith-HelicopterAttack-2].Desc-Owner;A Military helicopter opened fire on territory %0:s at location %1:s!
[StoryEvents.Event-OperationMonolith-HelicopterAttack-2].Desc-NonOwner;If you see this, it's a bug in event Event-OperationMonolith-HelicopterAttack-2.
[StoryEvents.Event-OperationMonolith-HelicopterAttack-3].Name;Helicopter Attack
[StoryEvents.Event-OperationMonolith-HelicopterAttack-3].Desc-Owner;A Military helicopter opened fire on territory %0:s at location %1:s!
[StoryEvents.Event-OperationMonolith-HelicopterAttack-3].Desc-NonOwner;If you see this, it's a bug in event Event-OperationMonolith-HelicopterAttack-3.
[StoryEvents.Event-OperationMonolith-Bridge-1].Name;Battle at the Bridge
[StoryEvents.Event-OperationMonolith-Bridge-1].Desc-Owner;In territory %0:s at location %1:s, we destroyed a Military convoy! We had to expend the following number of munitions:
[StoryEvents.Event-OperationMonolith-Bridge-1].Desc-NonOwner;A Military armored convoy was completely destroyed in territory %0:s at location %1:s!
[StoryEvents.Event-CHAES-1].Name;The Marked One continues his journey
[StoryEvents.Event-CHAES-1].Desc-Owner;The stalker known as the Marked One has been spotted in our territory %0:s at location %1:s. Our garrison let him pass.
[StoryEvents.Event-CHAES-1].Desc-NonOwner;Rumors say that the stalker known as the Marked One was spotted in territory %0:s at location %1:s.
[StoryEvents.Event-CHAES-2].Name;The Marked One attacked the territory garrison
[StoryEvents.Event-CHAES-2].Desc-Owner;Our patrols encountered the stalker known as the Marked One. We lost the engagement in territory %0:s at location %1:s... Our casualties:
[StoryEvents.Event-CHAES-2].Desc-NonOwner;Rumors say that the stalker known as the Marked One was spotted in territory %0:s at location %1:s.
[StoryEvents.Event-OperationMonolith-HelicopterAttack-4].Name;Helicopter Attack
[StoryEvents.Event-OperationMonolith-HelicopterAttack-4].Desc-Owner;A Military helicopter opened fire on territory %0:s at location %1:s!
[StoryEvents.Event-OperationMonolith-HelicopterAttack-4].Desc-NonOwner;If you see this, it's a bug in event Event-OperationMonolith-HelicopterAttack-4.
[StoryEvents.Event-OperationMonolith-Invasion-2].Name;Kite Squad
[StoryEvents.Event-OperationMonolith-Invasion-2].Desc-Owner;A Military squad is assaulting territory %0:s at location %1:s!
[StoryEvents.Event-OperationMonolith-Invasion-2].Desc-NonOwner;We received intelligence that a Military squad is assaulting territory %0:s at location %1:s!
[StoryEvents.Event-OperationMonolith-HelicopterShotdown-1].Name;Helicopter Shot Down
[StoryEvents.Event-OperationMonolith-HelicopterShotdown-1].Desc-Owner;A Military helicopter was shot down over location %1:s!
[StoryEvents.Event-OperationMonolith-HelicopterShotdown-1].Desc-NonOwner;A Military helicopter was shot down over location %1:s!
[StoryEvents.Event-OperationMonolith-Invasion-3].Name;Peregrine Squad
[StoryEvents.Event-OperationMonolith-Invasion-3].Desc-Owner;A Military squad is assaulting territory %0:s at location %1:s!
[StoryEvents.Event-OperationMonolith-Invasion-3].Desc-NonOwner;We received intelligence that a Military squad is assaulting territory %0:s at location %1:s!
[StoryEvents.Event-OperationMonolith-Reinforcement-1].Name;Hawk Squad
[StoryEvents.Event-OperationMonolith-Reinforcement-1].Desc-Owner;Reinforcements have arrived at territory %0:s at location %1:s!
[StoryEvents.Event-OperationMonolith-Reinforcement-1].Desc-NonOwner;We received intelligence that another Military squad has arrived at territory %0:s at location %1:s!
[StoryEvents.Event-OperationMonolith-Invasion-4].Name;Hawk Squad
[StoryEvents.Event-OperationMonolith-Invasion-4].Desc-Owner;A Military squad is assaulting territory %0:s at location %1:s!
[StoryEvents.Event-OperationMonolith-Invasion-4].Desc-NonOwner;We received intelligence that a Military squad is assaulting territory %0:s at location %1:s!
[StoryEvents.Event-CHAES-3].Name;The Marked One continues his journey
[StoryEvents.Event-CHAES-3].Desc-Owner;The stalker known as the Marked One has been spotted in our territory %0:s at location %1:s. Our garrison let him pass.
[StoryEvents.Event-CHAES-3].Desc-NonOwner;Rumors say that the stalker known as the Marked One was spotted in territory %0:s at location %1:s.
[StoryEvents.Event-CHAES-4].Name;The Marked One attacked the territory garrison
[StoryEvents.Event-CHAES-4].Desc-Owner;Our patrols encountered the stalker known as the Marked One. We lost the engagement in territory %0:s at location %1:s... Our casualties:
[StoryEvents.Event-CHAES-4].Desc-NonOwner;Rumors say that the stalker known as the Marked One was spotted in territory %0:s at location %1:s.
[StoryEvents.Event-OperationMonolith-HelicopterAttack-5].Name;Helicopter Attack
[StoryEvents.Event-OperationMonolith-HelicopterAttack-5].Desc-Owner;A Military helicopter opened fire on territory %0:s at location %1:s!
[StoryEvents.Event-OperationMonolith-HelicopterAttack-5].Desc-NonOwner;If you see this, it's a bug in event Event-OperationMonolith-HelicopterAttack-5.
[StoryEvents.Event-OperationMonolith-Invasion-5].Name;Operation Monolith
[StoryEvents.Event-OperationMonolith-Invasion-5].Desc-Owner;The Military are assaulting territory %0:s at location %1:s!
[StoryEvents.Event-OperationMonolith-Invasion-5].Desc-NonOwner;We received intelligence that the Military are assaulting territory %0:s at location %1:s!
[StoryEvents.Event-OperationMonolith-HelicopterShotdown-2].Name;Helicopter Shot Down
[StoryEvents.Event-OperationMonolith-HelicopterShotdown-2].Desc-Owner;A Military helicopter was shot down over location %1:s!
[StoryEvents.Event-OperationMonolith-HelicopterShotdown-2].Desc-NonOwner;A Military helicopter was shot down over location %1:s!
[StoryEvents.Event-OperationMonolith-HelicopterAttack-6].Name;Helicopter Attack
[StoryEvents.Event-OperationMonolith-HelicopterAttack-6].Desc-Owner;A Military helicopter opened fire on territory %0:s at location %1:s!
[StoryEvents.Event-OperationMonolith-HelicopterAttack-6].Desc-NonOwner;If you see this, it's a bug in event Event-OperationMonolith-HelicopterAttack-6.
[StoryEvents.Event-OperationMonolith-Reinforcement-2].Name;Falcon Squad
[StoryEvents.Event-OperationMonolith-Reinforcement-2].Desc-Owner;Reinforcements have arrived at territory %0:s at location %1:s!
[StoryEvents.Event-OperationMonolith-Reinforcement-2].Desc-NonOwner;We received intelligence that another Military squad has arrived at territory %0:s at location %1:s!
[StoryEvents.Event-OperationMonolith-Invasion-6].Name;Falcon Squad
[StoryEvents.Event-OperationMonolith-Invasion-6].Desc-Owner;A Military squad is assaulting territory %0:s at location %1:s!
[StoryEvents.Event-OperationMonolith-Invasion-6].Desc-NonOwner;We received intelligence that a Military squad is assaulting territory %0:s at location %1:s!
[StoryEvents.Event-OperationMonolith-HelicopterAttack-7].Name;Helicopter Attack
[StoryEvents.Event-OperationMonolith-HelicopterAttack-7].Desc-Owner;A Military helicopter opened fire on territory %0:s at location %1:s!
[StoryEvents.Event-OperationMonolith-HelicopterAttack-7].Desc-NonOwner;If you see this, it's a bug in event Event-OperationMonolith-HelicopterAttack-7.
[StoryEvents.Event-OperationMonolith-Reinforcement-3].Name;Buzzard Squad
[StoryEvents.Event-OperationMonolith-Reinforcement-3].Desc-Owner;Reinforcements have arrived at territory %0:s at location %1:s!
[StoryEvents.Event-OperationMonolith-Reinforcement-3].Desc-NonOwner;We received intelligence that another Military squad has arrived at territory %0:s at location %1:s!
[StoryEvents.Event-OperationMonolith-Invasion-7].Name;Buzzard Squad
[StoryEvents.Event-OperationMonolith-Invasion-7].Desc-Owner;A Military squad is assaulting territory %0:s at location %1:s!
[StoryEvents.Event-OperationMonolith-Invasion-7].Desc-NonOwner;We received intelligence that a Military squad is assaulting territory %0:s at location %1:s!
[StoryEvents.Event-CHAES-5].Name;The Marked One continues his journey
[StoryEvents.Event-CHAES-5].Desc-Owner;The stalker known as the Marked One has been spotted in our territory %0:s at location %1:s. Our garrison let him pass.
[StoryEvents.Event-CHAES-5].Desc-NonOwner;Rumors say that the stalker known as the Marked One was spotted in territory %0:s at location %1:s.
[StoryEvents.Event-CHAES-6].Name;The Marked One attacked the territory garrison
[StoryEvents.Event-CHAES-6].Desc-Owner;Our patrols encountered the stalker known as the Marked One. We lost the engagement in territory %0:s at location %1:s... Our casualties:
[StoryEvents.Event-CHAES-6].Desc-NonOwner;Rumors say that the stalker known as the Marked One was spotted in territory %0:s at location %1:s.
[StoryEvents.Event-OperationMonolith-HelicopterAttack-8].Name;Helicopter Attack
[StoryEvents.Event-OperationMonolith-HelicopterAttack-8].Desc-Owner;A Military helicopter opened fire on territory %0:s at location %1:s!
[StoryEvents.Event-OperationMonolith-HelicopterAttack-8].Desc-NonOwner;If you see this, it's a bug in event Event-OperationMonolith-HelicopterAttack-8.
[StoryEvents.Event-OperationMonolith-Reinforcement-4].Name;Kestrel Squad
[StoryEvents.Event-OperationMonolith-Reinforcement-4].Desc-Owner;Reinforcements have arrived at territory %0:s at location %1:s!
[StoryEvents.Event-OperationMonolith-Reinforcement-4].Desc-NonOwner;We received intelligence that another Military squad has arrived at territory %0:s at location %1:s!
[StoryEvents.Event-OperationMonolith-Invasion-8].Name;Kestrel Squad
[StoryEvents.Event-OperationMonolith-Invasion-8].Desc-Owner;A Military squad is assaulting territory %0:s at location %1:s!
[StoryEvents.Event-OperationMonolith-Invasion-8].Desc-NonOwner;We received intelligence that a Military squad is assaulting territory %0:s at location %1:s!
[StoryEvents.Event-OperationMonolith-BurstAlarm-1].Name;Readings Off the Charts!
[StoryEvents.Event-OperationMonolith-BurstAlarm-1].Desc-Owner;Warning! An Emission is imminent!
[StoryEvents.Event-OperationMonolith-BurstAlarm-1].Desc-NonOwner;Reports indicate an imminent Emission! Measuring instruments are reading off the charts!
[StoryEvents.Event-OperationMonolith-HelicopterAttack-9].Name;Helicopter Attack
[StoryEvents.Event-OperationMonolith-HelicopterAttack-9].Desc-Owner;A Military helicopter opened fire on territory %0:s at location %1:s!
[StoryEvents.Event-OperationMonolith-HelicopterAttack-9].Desc-NonOwner;If you see this, it's a bug in event Event-OperationMonolith-HelicopterAttack-9.
[StoryEvents.Event-OperationMonolith-Reinforcement-5].Name;Harrier Squad
[StoryEvents.Event-OperationMonolith-Reinforcement-5].Desc-Owner;Reinforcements have arrived at territory %0:s at location %1:s!
[StoryEvents.Event-OperationMonolith-Reinforcement-5].Desc-NonOwner;We received intelligence that another Military squad has arrived at territory %0:s at location %1:s!
[StoryEvents.Event-OperationMonolith-Invasion-9].Name;Harrier Squad
[StoryEvents.Event-OperationMonolith-Invasion-9].Desc-Owner;A Military squad is assaulting territory %0:s at location %1:s!
[StoryEvents.Event-OperationMonolith-Invasion-9].Desc-NonOwner;We received intelligence that a Military squad is assaulting territory %0:s at location %1:s!
[StoryEvents.Event-CHAES-7].Name;The Marked One continues his journey
[StoryEvents.Event-CHAES-7].Desc-Owner;The stalker known as the Marked One has been spotted in our territory %0:s at location %1:s. Our garrison let him pass.
[StoryEvents.Event-CHAES-7].Desc-NonOwner;Rumors say that the stalker known as the Marked One was spotted in territory %0:s at location %1:s.
[StoryEvents.Event-CHAES-8].Name;The Marked One attacked the territory garrison
[StoryEvents.Event-CHAES-8].Desc-Owner;Our patrols encountered the stalker known as the Marked One. We lost the engagement in territory %0:s at location %1:s... Our casualties:
[StoryEvents.Event-CHAES-8].Desc-NonOwner;Rumors say that the stalker known as the Marked One was spotted in territory %0:s at location %1:s.
[StoryEvents.Event-OperationMonolith-HelicopterAttack-10].Name;Helicopter Attack
[StoryEvents.Event-OperationMonolith-HelicopterAttack-10].Desc-Owner;A Military helicopter opened fire on territory %0:s at location %1:s!
[StoryEvents.Event-OperationMonolith-HelicopterAttack-10].Desc-NonOwner;If you see this, it's a bug in event Event-OperationMonolith-HelicopterAttack-10.
[StoryEvents.Event-OperationMonolith-Reinforcement-6].Name;Owl Squad
[StoryEvents.Event-OperationMonolith-Reinforcement-6].Desc-Owner;Reinforcements have arrived at territory %0:s at location %1:s!
[StoryEvents.Event-OperationMonolith-Reinforcement-6].Desc-NonOwner;We received intelligence that another Military squad has arrived at territory %0:s at location %1:s!
[StoryEvents.Event-OperationMonolith-Invasion-10].Name;Owl Squad
[StoryEvents.Event-OperationMonolith-Invasion-10].Desc-Owner;A Military squad is assaulting territory %0:s at location %1:s!
[StoryEvents.Event-OperationMonolith-Invasion-10].Desc-NonOwner;We received intelligence that a Military squad is assaulting territory %0:s at location %1:s!
[StoryEvents.Event-OperationMonolith-HelicopterAttack-11].Name;Helicopter Attack
[StoryEvents.Event-OperationMonolith-HelicopterAttack-11].Desc-Owner;A Military helicopter opened fire on territory %0:s at location %1:s!
[StoryEvents.Event-OperationMonolith-HelicopterAttack-11].Desc-NonOwner;If you see this, it's a bug in event Event-OperationMonolith-HelicopterAttack-11.
[StoryEvents.Event-OperationMonolith-Reinforcement-7].Name;Vulture Squad
[StoryEvents.Event-OperationMonolith-Reinforcement-7].Desc-Owner;Reinforcements have arrived at territory %0:s at location %1:s!
[StoryEvents.Event-OperationMonolith-Reinforcement-7].Desc-NonOwner;We received intelligence that another Military squad has arrived at territory %0:s at location %1:s!
[StoryEvents.Event-OperationMonolith-Invasion-11].Name;Vulture Squad
[StoryEvents.Event-OperationMonolith-Invasion-11].Desc-Owner;A Military squad is assaulting territory %0:s at location %1:s!
[StoryEvents.Event-OperationMonolith-Invasion-11].Desc-NonOwner;We received intelligence that a Military squad is assaulting territory %0:s at location %1:s!
[StoryEvents.Event-CHAES-9].Name;The Marked One continues his journey
[StoryEvents.Event-CHAES-9].Desc-Owner;The stalker known as the Marked One has been spotted in our territory %0:s at location %1:s. Our garrison let him pass.
[StoryEvents.Event-CHAES-9].Desc-NonOwner;Rumors say that the stalker known as the Marked One was spotted in territory %0:s at location %1:s.
[StoryEvents.Event-CHAES-10].Name;The Marked One attacked the territory garrison
[StoryEvents.Event-CHAES-10].Desc-Owner;Our patrols encountered the stalker known as the Marked One. We lost the engagement in territory %0:s at location %1:s... Our casualties:
[StoryEvents.Event-CHAES-10].Desc-NonOwner;Rumors say that the stalker known as the Marked One was spotted in territory %0:s at location %1:s.
[StoryEvents.Event-OperationMonolith-HelicopterShotdown-3].Name;Helicopter Shot Down
[StoryEvents.Event-OperationMonolith-HelicopterShotdown-3].Desc-Owner;A Military helicopter was shot down over location %1:s!
[StoryEvents.Event-OperationMonolith-HelicopterShotdown-3].Desc-NonOwner;A Military helicopter was shot down over location %1:s!
[StoryEvents.Event-OperationMonolith-HelicopterShotdown-4].Name;Another Helicopter Shot Down
[StoryEvents.Event-OperationMonolith-HelicopterShotdown-4].Desc-Owner;A Military helicopter was shot down over location %1:s!
[StoryEvents.Event-OperationMonolith-HelicopterShotdown-4].Desc-NonOwner;A Military helicopter was shot down over location %1:s!
[StoryEvents.Event-OperationMonolith-Clearing-1].Name;Ownership Change at CNPP
[StoryEvents.Event-OperationMonolith-Clearing-1].Desc-Owner;If you see this, it's a bug in event Event-OperationMonolith-Clearing-1.
[StoryEvents.Event-OperationMonolith-Clearing-1].Desc-NonOwner;If you see this, it's a bug in event Event-OperationMonolith-Clearing-1.
[StoryEvents.Event-OperationMonolith-Clearing-2].Name;Ownership Change at CNPP
[StoryEvents.Event-OperationMonolith-Clearing-2].Desc-Owner;If you see this, it's a bug in event Event-OperationMonolith-Clearing-2.
[StoryEvents.Event-OperationMonolith-Clearing-2].Desc-NonOwner;If you see this, it's a bug in event Event-OperationMonolith-Clearing-2.
[StoryEvents.Event-OperationMonolith-Clearing-3].Name;Ownership Change at CNPP
[StoryEvents.Event-OperationMonolith-Clearing-3].Desc-Owner;If you see this, it's a bug in event Event-OperationMonolith-Clearing-3.
[StoryEvents.Event-OperationMonolith-Clearing-3].Desc-NonOwner;If you see this, it's a bug in event Event-OperationMonolith-Clearing-3.
[StoryEvents.Event-OperationMonolith-Clearing-4].Name;Ownership Change at CNPP
[StoryEvents.Event-OperationMonolith-Clearing-4].Desc-Owner;If you see this, it's a bug in event Event-OperationMonolith-Clearing-4.
[StoryEvents.Event-OperationMonolith-Clearing-4].Desc-NonOwner;If you see this, it's a bug in event Event-OperationMonolith-Clearing-4.
[StoryEvents.Event-OperationMonolith-Clearing-5].Name;Ownership Change at CNPP
[StoryEvents.Event-OperationMonolith-Clearing-5].Desc-Owner;If you see this, it's a bug in event Event-OperationMonolith-Clearing-5.
[StoryEvents.Event-OperationMonolith-Clearing-5].Desc-NonOwner;If you see this, it's a bug in event Event-OperationMonolith-Clearing-5.
[StoryEvents.Event-OperationMonolith-Clearing-6].Name;Ownership Change at CNPP
[StoryEvents.Event-OperationMonolith-Clearing-6].Desc-Owner;If you see this, it's a bug in event Event-OperationMonolith-Clearing-6.
[StoryEvents.Event-OperationMonolith-Clearing-6].Desc-NonOwner;If you see this, it's a bug in event Event-OperationMonolith-Clearing-6.
[StoryEvents.Event-OperationMonolith-Clearing-7].Name;Ownership Change at CNPP
[StoryEvents.Event-OperationMonolith-Clearing-7].Desc-Owner;If you see this, it's a bug in event Event-OperationMonolith-Clearing-7.
[StoryEvents.Event-OperationMonolith-Clearing-7].Desc-NonOwner;If you see this, it's a bug in event Event-OperationMonolith-Clearing-7.
[StoryEvents.Event-OperationMonolith-Clearing-8].Name;Ownership Change at CNPP
[StoryEvents.Event-OperationMonolith-Clearing-8].Desc-Owner;If you see this, it's a bug in event Event-OperationMonolith-Clearing-8.
[StoryEvents.Event-OperationMonolith-Clearing-8].Desc-NonOwner;If you see this, it's a bug in event Event-OperationMonolith-Clearing-8.
[StoryEvents.Event-OperationMonolith-Clearing-9].Name;Ownership Change at CNPP
[StoryEvents.Event-OperationMonolith-Clearing-9].Desc-Owner;If you see this, it's a bug in event Event-OperationMonolith-Clearing-9.
[StoryEvents.Event-OperationMonolith-Clearing-9].Desc-NonOwner;If you see this, it's a bug in event Event-OperationMonolith-Clearing-9.
[StoryEvents.Event-OperationMonolith-Clearing-10].Name;Ownership Change at CNPP
[StoryEvents.Event-OperationMonolith-Clearing-10].Desc-Owner;If you see this, it's a bug in event Event-OperationMonolith-Clearing-10.
[StoryEvents.Event-OperationMonolith-Clearing-10].Desc-NonOwner;If you see this, it's a bug in event Event-OperationMonolith-Clearing-10.
[StoryEvents.Event-OperationMonolith-Clearing-11].Name;Ownership Change at CNPP
[StoryEvents.Event-OperationMonolith-Clearing-11].Desc-Owner;If you see this, it's a bug in event Event-OperationMonolith-Clearing-11.
[StoryEvents.Event-OperationMonolith-Clearing-11].Desc-NonOwner;If you see this, it's a bug in event Event-OperationMonolith-Clearing-11.
[StoryEvents.Event-OperationMonolith-Clearing-12].Name;Ownership Change at CNPP
[StoryEvents.Event-OperationMonolith-Clearing-12].Desc-Owner;If you see this, it's a bug in event Event-OperationMonolith-Clearing-12.
[StoryEvents.Event-OperationMonolith-Clearing-12].Desc-NonOwner;If you see this, it's a bug in event Event-OperationMonolith-Clearing-12.
[StoryEvents.Event-OperationMonolith-Clearing-13].Name;Ownership Change at CNPP
[StoryEvents.Event-OperationMonolith-Clearing-13].Desc-Owner;If you see this, it's a bug in event Event-OperationMonolith-Clearing-13.
[StoryEvents.Event-OperationMonolith-Clearing-13].Desc-NonOwner;If you see this, it's a bug in event Event-OperationMonolith-Clearing-13.
[StoryEvents.Event-OperationMonolith-Clearing-14].Name;Ownership Change at CNPP
[StoryEvents.Event-OperationMonolith-Clearing-14].Desc-Owner;If you see this, it's a bug in event Event-OperationMonolith-Clearing-14.
[StoryEvents.Event-OperationMonolith-Clearing-14].Desc-NonOwner;If you see this, it's a bug in event Event-OperationMonolith-Clearing-14.
[StoryEvents.Event-OperationMonolith-Clearing-15].Name;Ownership Change at CNPP
[StoryEvents.Event-OperationMonolith-Clearing-15].Desc-Owner;If you see this, it's a bug in event Event-OperationMonolith-Clearing-15.
[StoryEvents.Event-OperationMonolith-Clearing-15].Desc-NonOwner;If you see this, it's a bug in event Event-OperationMonolith-Clearing-15.
[StoryEvents.Event-OperationMonolith-Clearing-16].Name;Ownership Change at CNPP
[StoryEvents.Event-OperationMonolith-Clearing-16].Desc-Owner;If you see this, it's a bug in event Event-OperationMonolith-Clearing-16.
[StoryEvents.Event-OperationMonolith-Clearing-16].Desc-NonOwner;If you see this, it's a bug in event Event-OperationMonolith-Clearing-16.
[StoryEvents.Event-OperationMonolith-Clearing-17].Name;Ownership Change at CNPP
[StoryEvents.Event-OperationMonolith-Clearing-17].Desc-Owner;If you see this, it's a bug in event Event-OperationMonolith-Clearing-17.
[StoryEvents.Event-OperationMonolith-Clearing-17].Desc-NonOwner;If you see this, it's a bug in event Event-OperationMonolith-Clearing-17.
[StoryEvents.Event-OperationMonolith-Clearing-18].Name;Ownership Change at CNPP
[StoryEvents.Event-OperationMonolith-Clearing-18].Desc-Owner;If you see this, it's a bug in event Event-OperationMonolith-Clearing-18.
[StoryEvents.Event-OperationMonolith-Clearing-18].Desc-NonOwner;If you see this, it's a bug in event Event-OperationMonolith-Clearing-18.
[StoryEvents.Event-OperationMonolith-Clearing-19].Name;Ownership Change at CNPP
[StoryEvents.Event-OperationMonolith-Clearing-19].Desc-Owner;If you see this, it's a bug in event Event-OperationMonolith-Clearing-19.
[StoryEvents.Event-OperationMonolith-Clearing-19].Desc-NonOwner;If you see this, it's a bug in event Event-OperationMonolith-Clearing-19.
[StoryEvents.Event-OperationMonolith-Clearing-20].Name;Ownership Change at CNPP
[StoryEvents.Event-OperationMonolith-Clearing-20].Desc-Owner;If you see this, it's a bug in event Event-OperationMonolith-Clearing-20.
[StoryEvents.Event-OperationMonolith-Clearing-20].Desc-NonOwner;If you see this, it's a bug in event Event-OperationMonolith-Clearing-20.
[StoryEvents.Event-OperationMonolith-Clearing-21].Name;Ownership Change at CNPP
[StoryEvents.Event-OperationMonolith-Clearing-21].Desc-Owner;If you see this, it's a bug in event Event-OperationMonolith-Clearing-21.
[StoryEvents.Event-OperationMonolith-Clearing-21].Desc-NonOwner;If you see this, it's a bug in event Event-OperationMonolith-Clearing-21.
[StoryEvents.Event-OperationMonolith-Clearing-22].Name;Ownership Change at CNPP
[StoryEvents.Event-OperationMonolith-Clearing-22].Desc-Owner;If you see this, it's a bug in event Event-OperationMonolith-Clearing-22.
[StoryEvents.Event-OperationMonolith-Clearing-22].Desc-NonOwner;If you see this, it's a bug in event Event-OperationMonolith-Clearing-22.
[StoryEvents.Event-OperationMonolith-Finishing-Lose-1].Name;Operation Monolith Failed
[StoryEvents.Event-OperationMonolith-Finishing-Lose-1].Desc-Owner;The Great Monolith granted us strength and we repelled them!
[StoryEvents.Event-OperationMonolith-Finishing-Lose-1].Desc-NonOwner;Government forces failed to take control of the Sarcophagus! Is this a complete disaster for them?
[StoryEvents.Event-OperationMonolith-Finishing-Lose-2].Name;Operation Monolith Failed
[StoryEvents.Event-OperationMonolith-Finishing-Lose-2].Desc-Owner;We managed to defend %0:s! We repelled the Military!
[StoryEvents.Event-OperationMonolith-Finishing-Lose-2].Desc-NonOwner;Government forces failed to take control of %0:s! Is this a complete disaster for them?
[StoryEvents.Event-OperationMonolith-Finishing-Lose-3].Name;Ambiguous Outcome
[StoryEvents.Event-OperationMonolith-Finishing-Lose-3].Desc-Owner;We managed to capture %0:s! Us, not "those" Military! We are the protection of this world from the Zone's contamination!
[StoryEvents.Event-OperationMonolith-Finishing-Lose-3].Desc-NonOwner;Government forces failed to take control of %0:s! Is this a complete disaster for them, or was there some kind of deal with Duty?
[StoryEvents.Event-OperationMonolith-Finishing-Victory].Name;Operation Results
[StoryEvents.Event-OperationMonolith-Finishing-Victory].Desc-Owner;Despite all the casualties, %0:s has been captured! It's a success, but given our losses in this campaign, we'll probably be summoned before a court-martial...
[StoryEvents.Event-OperationMonolith-Finishing-Victory].Desc-NonOwner;%0:s is under government control!
[StoryEvents.Event-CHAES-11].Name;The Marked One continues his journey
[StoryEvents.Event-CHAES-11].Desc-Owner;The stalker known as the Marked One has been spotted in our territory %0:s at location %1:s. Our garrison let him pass.
[StoryEvents.Event-CHAES-11].Desc-NonOwner;Rumors say that the stalker known as the Marked One was spotted in territory %0:s at location %1:s.
[StoryEvents.Event-CHAES-12].Name;The Marked One attacked the territory garrison
[StoryEvents.Event-CHAES-12].Desc-Owner;Our patrols encountered the stalker known as the Marked One. We lost the engagement in territory %0:s at location %1:s... Our casualties:
[StoryEvents.Event-CHAES-12].Desc-NonOwner;Rumors say that the stalker known as the Marked One was spotted in territory %0:s at location %1:s.
[StoryEvents.Event-Ending-Mutants].Name;The Marked One Made a Wish
[StoryEvents.Event-Ending-Mutants].Desc-Owner;Controller to another Controller: Have you seen the Marked One near the Wish Granter? Hah, he's walking around blind and deaf, muttering about green grass and beautiful meadows. Been like that for days. I wish I could wash people's brains like that stone...
[StoryEvents.Event-Ending-Mutants].Desc-NonOwner;Rumors say that the Marked One found the Wish Granter, but for some reason, he was later found wandering near CNPP. Blind and deaf, mumbling about green grass and beautiful meadows. What could he have wished for?
[StoryEvents.Event-Ending-Stalkers].Name;The Marked One Made a Wish
[StoryEvents.Event-Ending-Stalkers].Desc-Owner;Squad commanders reported finding the Marked One's body under debris in the Sarcophagus. He was holding a nut in his hand. What happened?
[StoryEvents.Event-Ending-Stalkers].Desc-NonOwner;Rumors say that the Marked One found the Wish Granter, but for some reason, he was later found under debris holding a nut. What could he have wished for?
[StoryEvents.Event-Ending-Soldiers].Name;The Marked One Made a Wish
[StoryEvents.Event-Ending-Soldiers].Desc-Owner;Officers reported finding the Marked One's gear near the Wish Granter. The Marked One himself is nowhere to be found. Did the Monolith take him? What happened?
[StoryEvents.Event-Ending-Soldiers].Desc-NonOwner;Rumors speak of the Marked One finding the Wish Granter, but for some reason, he vanished afterwards and hasn't been seen. Although his gear was found near the Wish Granter. Did the Monolith take him? What could he have wished for?
[StoryEvents.Event-Ending-Duty].Name;The Marked One Made a Wish
[StoryEvents.Event-Ending-Duty].Desc-Owner;Officers reported finding the Marked One in the Sarcophagus. He sees nothing and hears nothing, constantly talking about greenery all around and beautiful meadows. What happened?
[StoryEvents.Event-Ending-Duty].Desc-NonOwner;Rumors say that the Marked One found the Wish Granter, but for some reason, he was later found blind and deaf, mumbling about green grass and beautiful meadows. What could he have wished for?
[StoryEvents.Event-Ending-Freedom].Name;The Marked One Made a Wish
[StoryEvents.Event-Ending-Freedom].Desc-Owner;Officers reported finding the Marked One wandering aimlessly in the Sarcophagus. He sees nothing and hears nothing, constantly talking about darkness. What happened?
[StoryEvents.Event-Ending-Freedom].Desc-NonOwner;Rumors say that the Marked One found the Wish Granter, but for some reason, he was later found blind and deaf, wandering aimlessly and mumbling about darkness. What could he have wished for?
[StoryEvents.Event-CHAES-13].Name;The Marked One continues his journey
[StoryEvents.Event-CHAES-13].Desc-Owner;The stalker known as the Marked One has been spotted in our territory %0:s at location %1:s. Our garrison let him pass.
[StoryEvents.Event-CHAES-13].Desc-NonOwner;Rumors say that the stalker known as the Marked One was spotted in territory %0:s at location %1:s.
[StoryEvents.Event-CHAES-14].Name;The Marked One attacked the territory garrison
[StoryEvents.Event-CHAES-14].Desc-Owner;Our patrols encountered the stalker known as the Marked One. We lost the engagement in territory %0:s at location %1:s... Our casualties:
[StoryEvents.Event-CHAES-14].Desc-NonOwner;Rumors say that the stalker known as the Marked One was spotted in territory %0:s at location %1:s.
[StoryEvents.Event-Ending-Monolith].Name;The Marked One Destroyed the C-Consciousness!
[StoryEvents.Event-Ending-Monolith].Desc-Owner;Monolith! We can no longer hear you! Monolith! Answer us! Monolith! Monolith!!!
[StoryEvents.Event-Ending-Monolith].Desc-NonOwner;Rumors say that the Marked One destroyed a certain C-Consciousness, which used the Wish Granter and controlled the Monolith faction! I wonder if it's true?
[StoryEvents.Event-Ending-Zombie].Name;The Marked One Joined the C-Consciousness!
[StoryEvents.Event-Ending-Zombie].Desc-Owner;So it is. The Marked One has joined the C-Consciousness. He has earned his place among the masters of the Zone!
[StoryEvents.Event-Ending-Zombie].Desc-NonOwner;Rumors say that the Marked One managed to sneak inside CNPP. But there's no confirmation or information on what happened to him afterwards. Some assume he joined the Monolith faction, while others even claim he made a wish like "I want to become the master of the Zone". Anyway, rumors vary, and the Zone has begun expanding rapidly... Soon the Cordon will no longer be the outskirts...
ScenarioName;Operation "Monolith". Shadow of Chernobyl
ScenarioDescription;This scenario shifts the timeline to the moment when the Marked One disables the Brain Scorcher. The military operation "Monolith" is about to begin. To achieve victory, you must capture the territories of Radar, Pripyat, and the Chernobyl NPP before the Marked One reaches the Wish Granter! Faction diplomacy is close to canon. The Emission has triple strength.
ScenarioLoseDescription;Defeat conditions: lose all controlled territories or fail to meet victory conditions within approximately 21-23 turns.
[Groups.Duty.:main].Spy1-Name;Novice
[Groups.Duty.:main].Spy2-Name;Experienced
[Groups.Duty.:main].Spy3-Name;Veteran
[Groups.Duty.:main].Spy4-Name;Master
[Groups.Duty.:main].Name;Duty
[Groups.Duty.:main].Description;Duty - a faction whose goal is to protect the world from the infection of the Zone. A sufficiently powerful paramilitary group. Favorable positioning, good weaponry, and predisposition to fighting mutants guarantee success in capable hands.
[Groups.Duty.:main].DiplomacyText-Question-War;You and your gang are a threat to peace. Time to settle this!
[Groups.Duty.:main].DiplomacyText-Question-Neutral;We want to negotiate a ceasefire with you. Do you agree?
[Groups.Duty.:main].DiplomacyText-Question-Alliance;We propose an alliance. Together we can carry out a couple of operations against our enemies. Do you agree?
[Groups.Duty.:main].DiplomacyText-Question-BreakAlliance;We will no longer cooperate!
[Groups.Duty.:main].DiplomacyText-RequestMoney-Ask;Got any spare cash? Times are tough for us. We could use about this much:
[Groups.Duty.:main].DiplomacyText-Ans-0-Down;Understood. We'll cleanse the Zone of you too!
[Groups.Duty.:main].DiplomacyText-Ans-1-Down;Shame... but if you insist, so be it.
[Groups.Duty.:main].DiplomacyText-Ans-1-No;No, we definitely won't go for that right now.
[Groups.Duty.:main].DiplomacyText-Ans-1-Yes;We hope for further cooperation.
[Groups.Duty.:main].DiplomacyText-Ans-2-No;No, we definitely won't go for that right now.
[Groups.Duty.:main].DiplomacyText-Ans-2-Yes;Oooh, excellent, we have a deal!
[Groups.Duty.:main].DiplomacyText-RequestMoney-Ans-No;Sorry, we can't help out right now.
[Groups.Duty.:main].DiplomacyText-RequestMoney-Ans-Yes;Alright, we'll help you out.
[Groups.Duty.:main].DiplomacyText-Question-Neutral-No;Oh, you're making a mistake by refusing!
[Groups.Duty.:main].DiplomacyText-Question-Neutral-Yes;Good, that's reassuring!
[Groups.Duty.:main].DiplomacyText-Question-Alliance-No;Oh, you're making a mistake by refusing!
[Groups.Duty.:main].DiplomacyText-Question-Alliance-Yes;Good, that's reassuring!
[Groups.Duty.:main].Text-End-Step-Victory;You survived! Victory!
[Groups.Duty.:main].Text-End-EventFlag-Victory;Victory by event flag!
[Groups.Duty.:main].Text-End-Standart-Lose;Your faction has been completely wiped out in the northern Zone. The group will not recover from such losses for a long time and is unlikely to be taken seriously by other Stalkers anytime soon. Defeat!
[Groups.Duty.:main].Text-End-Step-Lose;Time's up. You failed to gain control over the Zone. Defeat!
[Groups.Duty.:main].Text-End-EventFlag-Lose;Defeat! You failed to capture the northern Zone!
[Groups.Duty.Anarchy].Text-End-Standart-Victory;Victory! It would seem the war is finally over. The Zone is controlled by a single faction. But not long ago, its ideology changed - to the very one its founders opposed. Even before the war ended, disagreements were brewing among commanders. It seems a new «War in Zone» is looming... and this one will be purely ideological...
[Groups.Duty.AntiZone].Text-End-Standart-Victory;Victory! Duty has seized the northern Zone and begun active cleansing of territories from mutants. Rumors say that faces never seen before are appearing more frequently within the faction. Is Duty cooperating with the government? Unknown, but Duty members don't let just anyone into the laboratories or near the Chernobyl NPP. Not even all of "their own" are allowed near these places. This "approach" didn't sit well with everyone, and soon other factions decided to start a new large-scale war for the northern territories of the Zone. Among the most active instigators was Freedom, which had managed to recover...
[Groups.Duty.AntiZone].Text-End-Standart-Lose;Your faction has been completely wiped out in the northern Zone. The group will not recover from such losses for a long time and is unlikely to be taken seriously by other Stalkers anytime soon. Defeat!
[Groups.Duty.Control].Text-End-Standart-Victory;Victory! Soon, the leadership made contact with the government and began open cooperation. Not everyone approved. Some Stalkers broke away from the main group and formed their own factions in different sectors of the Zone. A new «War in Zone» is brewing - this time for control over everything within the perimeter.
[Groups.Duty.Crime].Text-End-Standart-Victory;Victory! The northern Zone is now controlled by a powerful faction. And it's not Monolith. Stalkers can now pass beyond Radar, but with certain conditions. They must pay for passage and for "protection". And they must pay constantly, as the upper echelons of the faction are now in the hands of criminal elements. Everything is gradually sliding into ordinary racketeering, looting, and "protection" schemes. New conflicts are brewing. The faction certainly won't remain united while holding the northern Zone...
[Groups.Duty.Exploring].Text-End-Standart-Victory;Victory! Soon, the leadership made contact with the government and made certain concessions to avoid conflict with the outside world. Faction members largely supported this direction, as it's much easier to fight an enemy you've studied well. Stalkers in the field have already felt the first results of cooperation: excellent artifact detectors, more precise instruments for marking anomalous zones, vulnerable points of mutants. This allowed faction members to overlook the fact that documents from the laboratories were handed over to the government, and everyone who knew their contents suddenly disappeared for some reason. Allegedly, they "lost interest in the Zone and decided to return home". And to this day, anyone who finds any documents in the Zone's underground facilities disappears...
[Groups.Duty.Growth].Text-End-Standart-Victory;Victory! Soon, Duty made contact with the government and began cooperation. Mutants were being eradicated, scientists were being sent into the Zone more frequently. Duty members increasingly noticed secret service agents among them - though perhaps those were just rumors...
[Groups.Duty.Growth].Text-End-Standart-Lose;Your faction has been completely wiped out in the northern Zone. The group will not recover from such losses for a long time and is unlikely to be taken seriously by other Stalkers anytime soon. Defeat!
[Groups.Duty.Mercenary].Text-End-Standart-Victory;Victory! The northern Zone is now controlled by a faction with no connection to Monolith. The original goal of protecting the world from the Zone's infection is almost forgotten. For some reason, mutants are no longer being actively exterminated. Everyone talks about money and how to earn it easier... Organize "safaris for the rich from the outside world"? Or catch mutants for sale? Maybe smuggle a rare artifact through the perimeter into someone's private collection? This approach to the Zone didn't appeal to everyone. Within the faction's ranks, some still remembered what true Duty once stood for. They gradually separated from the main body and occupied key points within the perimeter. Rumor has it they're being aided by the Military. It's highly probable the northern Zone awaits new clashes with many casualties...
[Groups.Duty.Sectarianism].Text-End-Standart-Victory;Victory! It would seem the war is finally over. The Zone is controlled by a single faction. But not long ago, its priorities changed. For some reason, mutants are no longer being actively exterminated. Everyone speaks of certain patrons from the north. Documents from the laboratories disappear in unknown directions. Among ordinary fighters, resentment is growing over their commanders' strange religious speeches. Not everyone is ready to have their brains washed by incomprehensible sermons. Especially those in the southern Zone. New contacts with the Military have already been established. And recent news about psi-installations being activated in the north made one thing clear: there's no turning back. Within the perimeter, a new «War in Zone» is about to begin...
[Groups.Duty.Stability].Text-End-Standart-Victory;Victory! Soon, the faction made contact with the government and began cooperation. Progress was slow, despite pressure from the outside world. Mutants were still being eradicated, artifacts still sought, scientists still protected. But everything moved at a sluggish pace. Some got the impression that the leadership wasn't in a hurry to fight the Zone's manifestations. Certain individuals claimed the upper echelons were stalling to enrich themselves as much as possible; others said faction leaders didn't want to lose the power they held. Discontent among rank-and-file fighters was practically nonexistent, as no one was shortchanged on earnings - but ideologically driven commanders began preparing a coup...
[Groups.Duty.Stalkers].Text-End-Standart-Victory;Victory! Soon, faction leadership increasingly shifted the emphasis of their propaganda. Artifact hunting, cooperation with the government and scientists became routine. Bandits in the Zone disappeared, and any racketeering was nipped in the bud, making it slightly easier to earn money in the Zone. But while the government didn't openly conflict with the faction's upper echelons, it was preparing plans to take the Zone under its control...
[Groups.Duty.Unknow].Text-End-Standart-Victory;Victory! Soon, Duty made contact with the government and began cooperation. Mutants were being eradicated, scientists were being sent into the Zone more frequently. Duty members increasingly noticed secret service agents among them - though perhaps those were just rumors...
[Groups.Duty.Unknow].Text-End-Standart-Lose;Your faction has been completely wiped out in the northern Zone. The group will not recover from such losses for a long time and is unlikely to be taken seriously by other Stalkers anytime soon. Defeat!
[Groups.Duty.Zombie].Text-End-Standart-Victory;Victory! The C-Consciousness is now safe. Soon, psi-emission covered the entire Zone thanks to an increased number of emitters. Even the Cordon became dangerous. While the government still didn't allow mutants to escape the Zone, it no longer attempted to reclaim it...
[Groups.freedom.:main].Spy1-Name;Novice
[Groups.freedom.:main].Spy2-Name;Experienced
[Groups.freedom.:main].Spy3-Name;Veteran
[Groups.freedom.:main].Spy4-Name;Master
[Groups.freedom.:main].Name;Freedom
[Groups.freedom.:main].Description;Freedom - an anarchist faction hostile to government troops and research groups. Some analysts believe this faction's position at the Army Warehouses could be described as "between a rock and a hard place", however, experienced fighters who are also well-armed can give any faction a run for its money.
[Groups.freedom.:main].DiplomacyText-Question-War;Alright, man, get ready! We're coming for you and your crew.
[Groups.freedom.:main].DiplomacyText-Question-Neutral;Hey dude, how about we make peace, huh?
[Groups.freedom.:main].DiplomacyText-Question-Alliance;Hey man, what about an alliance? What do you think?
[Groups.freedom.:main].DiplomacyText-Question-BreakAlliance;Sorry, dude, but our paths diverge.
[Groups.freedom.:main].DiplomacyText-RequestMoney-Ask;Hey, man! Freedom's short on free cash... Could you kick us a sum like this:
[Groups.freedom.:main].DiplomacyText-Ans-0-Down;Guess coffins are about to get expensive!
[Groups.freedom.:main].DiplomacyText-Ans-1-Down;Oooh... Got it, man. Whatever.
[Groups.freedom.:main].DiplomacyText-Ans-1-No;Nah, we don't agree.
[Groups.freedom.:main].DiplomacyText-Ans-1-Yes;Okay, we're good!
[Groups.freedom.:main].DiplomacyText-Ans-2-No;Nah, dude, we're definitely passing on this one.
[Groups.freedom.:main].DiplomacyText-Ans-2-Yes;Oooh, sweet, deal!
[Groups.freedom.:main].DiplomacyText-RequestMoney-Ans-No;Man, nah, what's up with you? We can't spare that kind of cash right now...
[Groups.freedom.:main].DiplomacyText-RequestMoney-Ans-Yes;Dude, no problem! Transferred already!
[Groups.freedom.:main].DiplomacyText-Question-Neutral-No;Hey man. That's some sad, gloomy news. Shame you refused, but keep in mind - we did offer...
[Groups.freedom.:main].DiplomacyText-Question-Neutral-Yes;Dude, that's great news!
[Groups.freedom.:main].DiplomacyText-Question-Alliance-No;Oooh... Got it, man. Whatever.
[Groups.freedom.:main].DiplomacyText-Question-Alliance-Yes;Man, that's awesome!
[Groups.freedom.:main].Text-End-Step-Victory;You survived! Victory!
[Groups.freedom.:main].Text-End-EventFlag-Victory;Victory by event flag!
[Groups.freedom.:main].Text-End-Standart-Lose;Your faction has been completely wiped out in the northern Zone. The group will not recover from such losses for a long time and is unlikely to be taken seriously by other Stalkers anytime soon. Defeat!
[Groups.freedom.:main].Text-End-Step-Lose;Time's up. You failed to gain control over the Zone. Defeat!
[Groups.freedom.:main].Text-End-EventFlag-Lose;Defeat! You failed to capture the northern Zone!
[Groups.freedom.Anarchy].Text-End-Standart-Victory;Victory! Freedom controls the northern Zone. The faction began actively gathering information from the laboratories and the Sarcophagus so the whole world would know what's happening in the Zone. The government decided to stop the spread of classified information and quickly began preparing a new operation to storm the northern Zone... Meanwhile, Duty is also recovering fast and clearly wants in on this. Very soon, a new stage of bloody slaughter for the northern Zone will begin...
[Groups.freedom.AntiZone].Text-End-Standart-Victory;Victory! It would seem the war is finally over. The Zone is controlled by a single faction. But not long ago, its ideology changed - to the very one its founders opposed. Even before the war ended, disagreements were brewing among commanders. It seems a new «War in Zone» is looming... and this one will be purely ideological...
[Groups.freedom.Control].Text-End-Standart-Victory;Victory! Despite capturing all territories, the situation hasn't stabilized. Many fighters are unhappy with the current order. Rumors say government forces are working among the leadership, as certain key territories and the Chernobyl NPP itself were announced to be placed under Military control. Some commanders have already refused to obey orders from the top and are forming a unified resistance network. It seems a new stage of the «War in Zone» is coming...
[Groups.freedom.Crime].Text-End-Standart-Victory;Victory! Soon, the Zone was declared a free quasi-state. But the faction's recent shift toward criminal activity led to new chaos in the Zone. Within a week, a power struggle and turf wars began. This resulted in new mass battles across the entire Exclusion Zone. The Military has already prepared plans to seize key locations, and assaults are about to begin. A new «War in Zone» is already starting...
[Groups.freedom.Exploring].Text-End-Standart-Victory;Victory! Soon, the leadership made contact with the government and made certain concessions to avoid conflict with the outside world. Faction members largely supported this direction, as it's much easier to fight an enemy you've studied well. Stalkers in the field have already felt the first results of cooperation: excellent artifact detectors, more precise instruments for marking anomalous zones, vulnerable points of mutants. This allowed faction members to overlook the fact that documents from the laboratories were handed over to the government, and everyone who knew their contents suddenly disappeared for some reason. Allegedly, they "lost interest in the Zone and decided to return home". And to this day, anyone who finds any documents in the Zone's underground facilities disappears...
[Groups.freedom.Growth].Text-End-Standart-Victory;Victory! Soon, the Zone was declared a free quasi-state. The head of the SBU went gray from the news published in the media. Classified documents found by the Freedom faction in the Zone's laboratories became available to the public. Now the whole world knows what happened in the Zone and how it appeared!
[Groups.freedom.Mercenary].Text-End-Standart-Victory;Victory! The northern Zone is now controlled by a single faction. But not long ago, its priorities changed. Everyone talks about money and how to earn it easier... Organize "safaris for the rich from the outside world"? Or catch mutants for sale? Maybe smuggle a rare artifact through the perimeter into someone's private collection? This approach to the Zone didn't appeal to everyone. Within the faction's ranks, some still remembered what true Freedom once stood for. They gradually separated from the main body and occupied key points within the perimeter. It's highly probable the faction awaits new clashes with many casualties; moreover, Duty, which wasn't bothered for a long time after the struggle for the north, has been rapidly building up its strength...
[Groups.freedom.Sectarianism].Text-End-Standart-Victory;Victory! It would seem the war is finally over. The Zone is controlled by a single faction. But not long ago, its priorities changed. Everyone speaks of certain patrons from the north. Documents from the laboratories disappear in unknown directions. Among ordinary fighters, resentment is growing over their commanders' strange religious speeches. Not everyone is ready to have their brains washed by incomprehensible sermons. Especially those in the southern Zone. And recent news about psi-installations being activated in the north made one thing clear: there's no turning back. Within the perimeter, a new «War in Zone» is about to begin...
[Groups.freedom.Stability].Text-End-Standart-Victory;Victory! Soon, the faction began leaking information about the northern Zone to the media. But the revelation of the Zone's secrets to the world proceeded extremely slowly and sluggishly. Some got the impression that the leadership wasn't in a hurry to fight the government. Certain individuals claimed the upper echelons were stalling to enrich themselves as much as possible; others said faction leaders didn't want to lose the power they held; a third group claimed the leader had bent to the government... Discontent among rank-and-file fighters was practically nonexistent, as no one was shortchanged on earnings - but ideologically driven commanders began preparing a coup...
[Groups.freedom.Stalkers].Text-End-Standart-Victory;Victory! The faction now controls the entire north. Everyone in the Zone discusses the faction's successes and prospects, but current faction goals differ from the original ones about revealing the Zone's secrets to the world. But a few scandals after media publications guaranteed the government some trouble. After that, the state increased pressure on the faction's upper echelons, which led to a split. The once-unified faction fractured into several smaller ones. However, this didn't lead to a new war, only to occasional minor conflicts. The Military, deciding this was their chance, began preparing for a new operation to seize key locations in the Zone. Can the fractured faction defend the territory? Unknown...
[Groups.freedom.Unknow].Text-End-Standart-Victory;Victory! Soon, the Zone was declared a free quasi-state. The head of the SBU went gray from the news published in the media. Classified documents found by the Freedom faction in the Zone's laboratories became available to the public. Now the whole world knows what happened in the Zone and how it appeared!
[Groups.freedom.Zombie].Text-End-Standart-Victory;Victory! The C-Consciousness is now safe. Soon, psi-emission covered the entire Zone thanks to an increased number of emitters. Even the Cordon became dangerous. While the government still didn't allow mutants to escape the Zone, it no longer attempted to reclaim it...
[Groups.monolith.:main].Spy1-Name;Novice
[Groups.monolith.:main].Spy2-Name;Experienced
[Groups.monolith.:main].Spy3-Name;Veteran
[Groups.monolith.:main].Spy4-Name;Master
[Groups.monolith.:main].Name;Monolith
[Groups.monolith.:main].Description;Monolith - a faction serving as the shield of the C-Consciousness. Primary goal: protect the Zone from any external interference. Extremely hostile to all other factions. Despite advantages in weaponry, it has problems controlling its territories, as it's located in the northern Zone.
[Groups.monolith.:main].DiplomacyText-Question-War;Locate and eradicate!
[Groups.monolith.:main].DiplomacyText-Question-Neutral;The Monolith commands us to make peace with you. Do you agree, or what?
[Groups.monolith.:main].DiplomacyText-Question-Alliance;The Monolith commands us to become your friends.
[Groups.monolith.:main].DiplomacyText-Question-BreakAlliance;The Monolith is displeased with our alliance!
[Groups.monolith.:main].DiplomacyText-RequestMoney-Ask;By the will of the Great Monolith, we send you a request for a monetary transfer for our brothers in the following amount:
[Groups.monolith.:main].DiplomacyText-Ans-0-Down;Detect and eradicate! *Speaker has added you to their blacklist*
[Groups.monolith.:main].DiplomacyText-Ans-1-Down;The Monolith would certainly not approve of this! *Speaker has removed you from friends*
[Groups.monolith.:main].DiplomacyText-Ans-1-No;You shall know the wrath of the Monolith! *Speaker has left the chat*
[Groups.monolith.:main].DiplomacyText-Ans-1-Yes;And the day shall come, and the Monolith shall shine again in its glory! *Speaker has left the chat*
[Groups.monolith.:main].DiplomacyText-Ans-2-No;The Monolith will certainly not give its consent. *Speaker has left the chat*
[Groups.monolith.:main].DiplomacyText-Ans-2-Yes;Trust no one but the Monolith and its brothers, no one. *Speaker has added you to friends*
[Groups.monolith.:main].DiplomacyText-RequestMoney-Ans-No;The Monolith says show no mercy to the unbelievers! *Speaker has excluded you from chat*
[Groups.monolith.:main].DiplomacyText-RequestMoney-Ans-Yes;The Monolith commands us to show pity to the blind and make a monetary transfer to you.
[Groups.monolith.:main].DiplomacyText-Question-Neutral-No;Then we shall find you and destroy you!
[Groups.monolith.:main].DiplomacyText-Question-Neutral-Yes;It could be no other way. All by the will of the Great Monolith!
[Groups.monolith.:main].DiplomacyText-Question-Alliance-No;You do wrong by not following the will of the Monolith.
[Groups.monolith.:main].DiplomacyText-Question-Alliance-Yes;Let our brothers rejoice and our enemies tremble!
[Groups.monolith.:main].Text-End-Step-Victory;You survived! Victory!
[Groups.monolith.:main].Text-End-EventFlag-Victory;Victory by event flag!
[Groups.monolith.:main].Text-End-Standart-Lose;The faction has been completely destroyed; now other factions will divide the Zone. Defeat!
[Groups.monolith.:main].Text-End-Step-Lose;Time's up. You failed to gain control over the Zone. Defeat!
[Groups.monolith.:main].Text-End-EventFlag-Lose;Defeat! You failed to retake control of the northern Zone!
[Groups.monolith.Anarchy].Text-End-Standart-Victory;Victory! The C-Consciousness, with the help of Monolith fighters, reliably controls the Zone. But that may only seem so from the outside. Due to insufficient power of the psi-installations, people in the southern Zone gradually began to come to their senses. Memories returned to many of them. Clashes are brewing in places. Preachers already report a rise in resistance. Entire units are already refusing to obey orders. It seems they're preparing to liberate their comrades in the north... A new «War in Zone» is coming...
[Groups.monolith.AntiZone].Text-End-Standart-Victory;Victory! The C-Consciousness, with the help of Monolith fighters, reliably controls the Zone. But that may only seem so from the outside. Due to insufficient power of the psi-installations, people in the southern Zone gradually began to come to their senses. Memories returned to many of them. Clashes are brewing in places. Preachers already report a rise in resistance. Entire units are already refusing to obey orders. It seems they're preparing to liberate their comrades in the north... A new «War in Zone» is coming...
[Groups.monolith.Control].Text-End-Standart-Victory;Victory! The C-Consciousness, with the help of Monolith fighters, reliably controls the Zone. But that may only seem so from the outside. Due to insufficient power of the psi-installations, people in the southern Zone gradually began to come to their senses. Memories returned to many of them. Clashes are brewing in places. Preachers already report a rise in resistance. Entire units are already refusing to obey orders. It seems they're preparing to liberate their comrades in the north... A new «War in Zone» is coming...
[Groups.monolith.Crime].Text-End-Standart-Victory;Victory! The C-Consciousness, with the help of Monolith fighters, reliably controls the Zone. But that may only seem so from the outside. Due to insufficient power of the psi-installations, people in the southern Zone gradually began to come to their senses. Memories returned to many of them. Clashes are brewing in places. Preachers already report a rise in resistance. Entire units are already refusing to obey orders. It seems they're preparing to liberate their comrades in the north... A new «War in Zone» is coming...
[Groups.monolith.Exploring].Text-End-Standart-Victory;Victory! The C-Consciousness, with the help of Monolith fighters, reliably controls the Zone. But that may only seem so from the outside. Due to insufficient power of the psi-installations, people in the southern Zone gradually began to come to their senses. Memories returned to many of them. Clashes are brewing in places. Preachers already report a rise in resistance. Entire units are already refusing to obey orders. It seems they're preparing to liberate their comrades in the north... A new «War in Zone» is coming...
[Groups.monolith.Growth].Text-End-Standart-Victory;Victory! The C-Consciousness, with the help of Monolith fighters, reliably controls the Zone. Now the government no longer interferes. Monolith fighters shoot anyone attempting to enter the Zone. Soon it became completely closed to outside eyes...
[Groups.monolith.Growth].Text-End-Standart-Lose;The C-Consciousness is in panic. Its loyal hound - the Monolith faction - has been completely destroyed! A new plan to protect important persons of the «Institute» is already being developed
[Groups.monolith.Mercenary].Text-End-Standart-Victory;Victory! The C-Consciousness, with the help of Monolith fighters, reliably controls the Zone. But that may only seem so from the outside. Due to insufficient power of the psi-installations, people in the southern Zone gradually began to come to their senses. Memories returned to many of them. Clashes are brewing in places. Preachers already report a rise in resistance. Entire units are already refusing to obey orders. It seems they're preparing to liberate their comrades in the north... A new «War in Zone» is coming...
[Groups.monolith.Sectarianism].Text-End-Standart-Victory;Victory! The C-Consciousness, with the help of Monolith fighters, managed to regain control over the northern Zone. Now the government no longer plans any operations, and other factions have realized they've missed their last chance to break through beyond the Brain Scorcher. Monolith fighters shoot anyone attempting to reach Radar. Soon, an assault squad was assembled to take the Barrier, guarded by the remnants of Freedom...
[Groups.monolith.Sectarianism].Text-End-Standart-Lose;The C-Consciousness is in panic. Its loyal hound - the Monolith faction - has been completely destroyed! A new plan to protect important persons of the «Institute» is already being developed
[Groups.monolith.Stability].Text-End-Standart-Victory;Victory! The C-Consciousness, with the help of Monolith fighters, reliably controls the Zone. But that may only seem so from the outside. Due to insufficient power of the psi-installations, people in the southern Zone gradually began to come to their senses. Memories returned to many of them. Clashes are brewing in places. Preachers already report a rise in resistance. Entire units are already refusing to obey orders. It seems they're preparing to liberate their comrades in the north... A new «War in Zone» is coming...
[Groups.monolith.Stalkers].Text-End-Standart-Victory;Victory! The C-Consciousness, with the help of Monolith fighters, reliably controls the Zone. But that may only seem so from the outside. Due to insufficient power of the psi-installations, people in the southern Zone gradually began to come to their senses. Memories returned to many of them. Clashes are brewing in places. Preachers already report a rise in resistance. Entire units are already refusing to obey orders. It seems they're preparing to liberate their comrades in the north... A new «War in Zone» is coming...
[Groups.monolith.Unknow].Text-End-Standart-Victory;Victory! The C-Consciousness, with the help of Monolith fighters, reliably controls the Zone. Now the government no longer interferes. Monolith fighters shoot anyone attempting to enter the Zone. Soon it became completely closed to outside eyes...
[Groups.monolith.Unknow].Text-End-Standart-Lose;The C-Consciousness is in panic. Its loyal hound - the Monolith faction - has been completely destroyed! A new plan to protect important persons of the «Institute» is already being developed
[Groups.monolith.Zombie].Text-End-Standart-Victory;Victory! The C-Consciousness is now safe. Soon, psi-emission covered the entire Zone thanks to an increased number of emitters. Even the Cordon became dangerous. While the government still didn't allow mutants to escape the Zone, it no longer attempted to reclaim it...
[Groups.soldiers.:main].Spy1-Name;Novice
[Groups.soldiers.:main].Spy2-Name;Experienced
[Groups.soldiers.:main].Spy3-Name;Veteran
[Groups.soldiers.:main].Spy4-Name;Master
[Groups.soldiers.:main].Name;Military
[Groups.soldiers.:main].Description;Military - state forces within the Zone. They consider everything alive within the perimeter their enemy, except Ecologists. They have excellent equipment for fighting any Stalkers, however, they are poorly adapted to the anomalous creations of the Zone.
[Groups.soldiers.:main].DiplomacyText-Question-War;Your presence in the Zone is now considered illegal. If caught - execution on the spot!
[Groups.soldiers.:main].DiplomacyText-Question-Neutral;Command believes we should reduce operational activity. How about a ceasefire?
[Groups.soldiers.:main].DiplomacyText-Question-Alliance;Command believes we need an ally in the Zone for conducting operations. Do you agree?
[Groups.soldiers.:main].DiplomacyText-Question-BreakAlliance;We will no longer cooperate!
[Groups.soldiers.:main].DiplomacyText-RequestMoney-Ask;Government forces require financial assistance for a new general's mansion... Ahem. For... For carrying out special tasks, in the following amount. Will you help?
[Groups.soldiers.:main].DiplomacyText-Ans-0-Down;We'll grind you to dust!
[Groups.soldiers.:main].DiplomacyText-Ans-1-Down;How exactly are we supposed to understand that?
[Groups.soldiers.:main].DiplomacyText-Ans-1-No;No, we cannot turn a blind eye to your presence in the Zone.
[Groups.soldiers.:main].DiplomacyText-Ans-1-Yes;Alright, we'll turn a blind eye to your presence in the Zone...
[Groups.soldiers.:main].DiplomacyText-Ans-2-No;No, we cannot turn a blind eye to your presence in the Zone.
[Groups.soldiers.:main].DiplomacyText-Ans-2-Yes;The Army needs an ally in the Zone. Fine, we agree.
[Groups.soldiers.:main].DiplomacyText-RequestMoney-Ans-No;No, we do not provide financial assistance!
[Groups.soldiers.:main].DiplomacyText-RequestMoney-Ans-Yes;Yes, command has agreed to help you with finances.
[Groups.soldiers.:main].DiplomacyText-Question-Neutral-No;Refused? Well... That was a mistake!
[Groups.soldiers.:main].DiplomacyText-Question-Neutral-Yes;Excellent, glad you agreed!
[Groups.soldiers.:main].DiplomacyText-Question-Alliance-No;Refused? Well... That was a mistake!
[Groups.soldiers.:main].DiplomacyText-Question-Alliance-Yes;Excellent, glad you agreed!
[Groups.soldiers.:main].Text-End-Step-Victory;You survived! Victory!
[Groups.soldiers.:main].Text-End-EventFlag-Victory;Victory by event flag!
[Groups.soldiers.:main].Text-End-Standart-Lose;The faction has been completely destroyed; now other factions will divide the Zone. Defeat!
[Groups.soldiers.:main].Text-End-Step-Lose;Time's up. You failed to gain control over the Zone. You have been demoted. Defeat!
[Groups.soldiers.:main].Text-End-EventFlag-Lose;Defeat by event flag!
[Groups.soldiers.Anarchy].Text-End-Standart-Victory;Victory! The government has taken control of the Zone and, upon reviewing documents from the laboratories, immediately decided to classify everything. But part of the documentation somehow ended up in public hands. Weapons, human experiments, the cause of the Zone's appearance... Now much of this has become public knowledge...
[Groups.soldiers.AntiZone].Text-End-Standart-Victory;Victory! The government has taken control of the Zone and, upon reviewing documents from the laboratories, immediately decided to classify everything. Weapons, human experiments, the cause of the Zone's appearance... Now this will remain a secret forever... The new priority became the destruction of any manifestations of the Zone. Primary target: mutants. Special groups armed with shotguns and flamethrowers were formed to destroy any creature, even if it was just small rats. Eliminate anomalous manifestations of the Zone - the new government order that must be carried out.
[Groups.soldiers.Control].Text-End-Standart-Victory;Victory! The government has taken control of the Zone and, upon reviewing documents from the laboratories, immediately decided to classify everything. Weapons, human experiments, the cause of the Zone's appearance... Now this will remain a secret forever...
[Groups.soldiers.Control].Text-End-Standart-Lose;No Military remain in the Zone... Now it's unknown how things will end without government forces. You have been demoted for failure! Defeat!
[Groups.soldiers.Crime].Text-End-Standart-Victory;Victory! The government has taken control of the Zone. But corruption and negligence flourished. For raids against mutants, somehow there was never enough equipment - either it was unserviceable, or simply not in stock... Perimeter security of the Exclusion Zone wasn't focused on guarding, but on collecting bribes for smuggling prohibited items, such as artifacts. It's unknown where such careless attitude toward the Zone will lead, but hardly to anything good...
[Groups.soldiers.Exploring].Text-End-Standart-Victory;Victory! Government forces managed to take control of the entire Exclusion Zone and are now rapidly restoring order. The new priority became ensuring the safety of research groups. Various small squads of special forces soldiers were formed for operations in particularly hazardous conditions. These included underground complexes and laboratories, which, to the generals' surprise, turned out to be several times more numerous than initially assumed. All obtained information was rapidly classified, and the public knew about the Zone only what the government told them.
[Groups.soldiers.Growth].Text-End-Standart-Victory;Victory! The government has taken control of the Zone and, upon reviewing documents from the laboratories, immediately decided to classify everything. Weapons, human experiments, the cause of the Zone's appearance... Now this will remain a secret forever...
[Groups.soldiers.Growth].Text-End-Standart-Lose;No Military remain in the Zone... Now it's unknown how things will end without government forces. You have been demoted for failure! Defeat!
[Groups.soldiers.Mercenary].Text-End-Standart-Victory;Victory! Government forces managed to take control of the entire Exclusion Zone and are now rapidly restoring order. But corruption reigned among commanders. Some began engaging in suspicious contracts from private firms. Various small squads of soldiers formed, engaged in artifact hunting and mutant capture for private «collectors». Service or money? This question was asked by everyone without exception...
[Groups.soldiers.Sectarianism].Text-End-Standart-Victory;Victory! The government has taken control of the Zone, but local commanders increasingly disregarded subordination. Rotation didn't help. The SBU reported a certain element of sectarianism among commanders, but further investigation proved impossible. Commanders skillfully covered their tracks. So well, in fact, that even the C-Consciousness mentioned in found documents was never located...
[Groups.soldiers.Stability].Text-End-Standart-Victory;Victory! Government forces managed to take control of the entire Exclusion Zone and are now rapidly restoring order. Various small squads of special forces soldiers were formed for operations in particularly hazardous conditions. These included underground complexes and laboratories, which, to the generals' surprise, turned out to be several times more numerous than initially assumed. All obtained information was rapidly classified, and the public knew about the Zone only what the government told them.
[Groups.soldiers.Stalkers].Text-End-Standart-Victory;Victory! The government has taken control of the Zone. It decided not only to fight the Zone, but also to secretly earn money from it. Several secret squads of Military Stalkers were formed to search for particularly valuable artifacts, which were then sold on the black market abroad to enrich certain "upper echelons". Thus, the so-called «artifact oligarchs» eventually appeared...
[Groups.soldiers.Unknow].Text-End-Standart-Victory;Victory! The government has taken control of the Zone and, upon reviewing documents from the laboratories, immediately decided to classify everything. Weapons, human experiments, the cause of the Zone's appearance... Now this will remain a secret forever...
[Groups.soldiers.Unknow].Text-End-Standart-Lose;No Military remain in the Zone... Now it's unknown how things will end without government forces. You have been demoted for failure! Defeat!
[Groups.soldiers.Zombie].Text-End-Standart-Victory;Victory! The C-Consciousness is now safe. Soon, psi-emission covered the entire Zone thanks to an increased number of emitters. Even the Cordon became dangerous. While the government still didn't allow mutants to escape the Zone, it no longer attempted to reclaim it...
[Groups.stalkers.:main].Spy1-Name;Novice
[Groups.stalkers.:main].Spy2-Name;Experienced
[Groups.stalkers.:main].Spy3-Name;Veteran
[Groups.stalkers.:main].Spy4-Name;Master
[Groups.stalkers.:main].Name;Loners
[Groups.stalkers.:main].Description;Loners have no clear hierarchy or leader. An advantage can be considered their predisposition to artifact hunting, which will favorably affect their financial standing in capable hands. However, the territories under their control are scattered across locations, which brings greater difficulty in holding them. The faction must determine its development priorities.
[Groups.stalkers.:main].DiplomacyText-Question-War;We declare war on you!
[Groups.stalkers.:main].DiplomacyText-Question-Neutral;Time to end this slaughter. We're ready for peace - are you?
[Groups.stalkers.:main].DiplomacyText-Question-Alliance;We want to form an alliance with you. Do you agree?
[Groups.stalkers.:main].DiplomacyText-Question-BreakAlliance;We are terminating the alliance!
[Groups.stalkers.:main].DiplomacyText-RequestMoney-Ask;We've run into some financial difficulties here. We could use some help. We're looking for a sum in this amount:
[Groups.stalkers.:main].DiplomacyText-Ans-0-Down;You rat! War it is, then!
[Groups.stalkers.:main].DiplomacyText-Ans-1-Down;So be it.
[Groups.stalkers.:main].DiplomacyText-Ans-1-No;At this time, we see no necessity in this.
[Groups.stalkers.:main].DiplomacyText-Ans-1-Yes;Yes, we agree to a ceasefire.
[Groups.stalkers.:main].DiplomacyText-Ans-2-No;We're not sure we need this right now.
[Groups.stalkers.:main].DiplomacyText-Ans-2-Yes;Yes, we agree to cooperate.
[Groups.stalkers.:main].DiplomacyText-RequestMoney-Ans-No;Unfortunately, we're not in a position to help with that sum right now.
[Groups.stalkers.:main].DiplomacyText-RequestMoney-Ans-Yes;Alright, we'll transfer that sum to you.
[Groups.stalkers.:main].DiplomacyText-Question-Neutral-No;Very sorry you refused!
[Groups.stalkers.:main].DiplomacyText-Question-Neutral-Yes;Good! We're glad you agreed!
[Groups.stalkers.:main].DiplomacyText-Question-Alliance-No;Very sorry you refused!
[Groups.stalkers.:main].DiplomacyText-Question-Alliance-Yes;Good! We're glad you agreed!
[Groups.stalkers.:main].Text-End-Step-Victory;You survived! Victory!
[Groups.stalkers.:main].Text-End-EventFlag-Victory;Victory by event flag!
[Groups.stalkers.:main].Text-End-Standart-Lose;The faction has been completely destroyed; now other factions will divide the Zone. Defeat!
[Groups.stalkers.:main].Text-End-Step-Lose;Time's up. You failed to gain control over the Zone. Defeat!
[Groups.stalkers.:main].Text-End-EventFlag-Lose;Defeat by event flag!
[Groups.stalkers.Anarchy].Text-End-Standart-Victory;Victory! Soon, the unified Stalker faction developed a set of rules similar to those of Freedom, but with some clear differences. Emphasis was placed on money, not ideology. After some time, «separate» groups by "interests" began forming within the faction, leading to a split at the top. Many began saying that a new stage of the «War in Zone» would soon begin...
[Groups.stalkers.AntiZone].Text-End-Standart-Victory;Victory! Soon, the unified Stalker faction developed a set of rules similar to those of Duty, but without the military slant. Not everyone approved, but dissenters remained silent, as the new leadership fought with all its might against any manifestations of the Zone, allowing safer artifact collection and no fear of bandits. Mutant hunting was put on an assembly line, so even blind dogs weren't encountered in the south. Faction command actively cooperated with Scientists and tried not to conflict with the Military, leading to a new stage of Zone study - but its secrets were revealed to the public extremely reluctantly.
[Groups.stalkers.Control].Text-End-Standart-Victory;Victory! Soon, Stalkers developed a set of rules designed to establish order in the Zone. Even military ranks were replaced with tiers. No trace remained of the old command confusion. A clear system of subordination and command was established; newcomers to the Zone were forcibly integrated into this hierarchy, and those who disagreed were immediately handed over to the Military beyond the Cordon without further discussion. Rumors circulated that people from military command sat in the faction's upper echelons, but no one could prove it. Or perhaps they didn't have time to publish proof before being taken by the Military in an unknown direction. The Zone became less open, but safer - especially for government organizations.
[Groups.stalkers.Crime].Text-End-Standart-Victory;Victory! Soon, Stalkers created a rule that there would be only one faction in the Zone, and every person must pay a share, while traders were taxed. Those who couldn't pay were handed over to the Military beyond the Cordon. The Zone became less open for study by government forces, and the criminal nature of the order reduced the influx of new people to Stalker-guarded territory.
[Groups.stalkers.Exploring].Text-End-Standart-Victory;Victory! Soon, the faction of free Stalkers began actively cooperating with all Scientists within the Zone. Harvesting mutant body parts, artifacts, measuring anomalous activity... Everyone began earning a living this way. A real hunt began for any documents from underground laboratories. It wasn't enough just to obtain them... You still had to somehow deliver these papers to the nearest Scientists' bunker. And it didn't help that there were now an order of magnitude more bunkers. Bounty hunters - the new scourge of the Zone. If anyone learns that some Stalker has even one paper from a laboratory or, at the very least, a somewhat valuable item for Scientists... You can safely write them off as dead. They won't reach a single bunker. People in the Zone divided into two groups: those who obtain, and those who hunt those who managed to obtain something. Shooting everywhere. Gradually, the Zone became more and more dangerous...
[Groups.stalkers.Growth].Text-End-Standart-Victory;Victory! Soon, free Stalkers created a rule that there would no longer be any factions in the Zone, and those who decided to engage in banditry were handed over to the Military beyond the Cordon. The Zone became open for study to all who wished. And less dangerous.
[Groups.stalkers.Growth].Text-End-Standart-Lose;Loners have been completely destroyed; now only factions will divide the Zone. No free Stalkers remain! Defeat!
[Groups.stalkers.Mercenary].Text-End-Standart-Victory;Victory! Soon, the faction of free Stalkers began to resemble ordinary mercenaries more and more. The clear hierarchy crumbled, the faction fragmented. "Contracts" began ruling the current order. Murders increased so much that the Zone became full of "professional hitmen". But while people fought each other for the money they loved so much, the Zone became much more dangerous, as far less attention was paid to monsters than should have been. Rumor had it that new, previously unknown and extremely dangerous monsters had been spotted at the Cordon several times already.
[Groups.stalkers.Sectarianism].Text-End-Standart-Victory;Victory! Soon, the faction of free Stalkers began to resemble sectarians more and more. "At the bottom", rumors circulated that "the top" was under the influence of "certain forces from the north". Religious phrases appeared more frequently in commanders' speeches. Active combat operations were waged against government forces to expand their influence beyond the perimeter. With each day, more and more brainwashing was conducted among faction members - but some managed to resist and protect their minds. Most of them were in the south, as they weren't affected by psi-installations, which had been reactivated. A new stage of the «War in Zone» was brewing...
[Groups.stalkers.Stability].Text-End-Standart-Victory;Victory! Soon, due to the lack of external enemies, the faction of free Stalkers began searching for them within themselves. Intrigues, scandals, executions... That's what the faction turned into. Stalkers' tasks devolved to guarding and clearing main routes in the Zone, while remote areas received almost no attention. This led to an increase in the number of mutants and those who fled there from all this internal strife. The faction cooperated with Scientists and the Military, but not very willingly, which led government forces to consider creating a new base within the perimeter - which could lead to new clashes within the Zone's perimeter...
[Groups.stalkers.Stalkers].Text-End-Standart-Victory;Victory! Soon, free Stalkers created a rule that there would no longer be any factions in the Zone, and those who decided to engage in banditry were handed over to the Military beyond the Cordon. The Zone became open for study to all who wished. And less dangerous.
[Groups.stalkers.Stalkers].Text-End-Standart-Lose;Loners have been completely destroyed; now only factions will divide the Zone. No free Stalkers remain! Defeat!
[Groups.stalkers.Unknow].Text-End-Standart-Victory;Victory! Soon, free Stalkers created a rule that there would no longer be any factions in the Zone, and those who decided to engage in banditry were handed over to the Military beyond the Cordon. The Zone became open for study to all who wished. And less dangerous.
[Groups.stalkers.Unknow].Text-End-Standart-Lose;Loners have been completely destroyed; now only factions will divide the Zone. No free Stalkers remain! Defeat!
[Groups.stalkers.Zombie].Text-End-Standart-Victory;Victory! The C-Consciousness is now safe. Soon, psi-emission covered the entire Zone thanks to an increased number of emitters. Even the Cordon became dangerous. While the government still didn't allow mutants to escape the Zone, it no longer attempted to reclaim it...