[Advisors.Advisor-Mutants-1].Name;Unknown
[Advisors.Advisor-Stalkers-1].Name;Unknown
[Advisors.Advisor-Bandits-1].Name;Unknown
[Advisors.Advisor-Soldiers-1].Name;Unknown
[Advisors.Advisor-Duty-1].Name;Unknown
[Advisors.Advisor-Freedom-1].Name;Unknown
[Advisors.Advisor-Monolith-1].Name;Unknown
[Advisors.Advisor-Mercenaries-1].Name;Unknown
[Advisors.Advisor-Scientists-1].Name;Unknown
[Advisors.Advisor-Renegats-1].Name;Unknown
[Advisors.Advisor-ClearSky-1].Name;Unknown
[Advisors.Advisor-Zombie-1].Name;Unknown
[Advisors.Advisor-Mutants-KolRazum].Name;Collective mind
[Advisors.Advisor-Stalkers-Wolf].Name;Wolf
[Advisors.Advisor-Stalkers-Orest].Name;Orest
[Advisors.Advisor-Stalkers-Levsha].Name;Lefty
[Advisors.Advisor-Stalkers-Dikiy].Name;Wild Napr
[Advisors.Advisor-Stalkers-Aidar].Name;Aydar
[Advisors.Advisor-Stalkers-Drozd].Name;Thrush
[Advisors.Advisor-Stalkers-Dog].Name;Hound
[Advisors.Advisor-Stalkers-Furgon].Name;Van
[Advisors.Advisor-Stalkers-Shilov].Name;Shilov
[Advisors.Advisor-Stalkers-Avoska].Name;Stringov
[Advisors.Advisor-Stalkers-Vasiliy].Name;Vasiliy
[Advisors.Advisor-Stalkers-Vasyan].Name;Vasyan
[Advisors.Advisor-Stalkers-Goblin].Name;Goblin
[Advisors.Advisor-Stalkers-Doctor].Name;Doctor
[Advisors.Advisor-Stalkers-Puzo].Name;Belly
[Advisors.Advisor-Stalkers-Ezh].Name;Vovka the Hedgehog
[Advisors.Advisor-Bandits-Chugun].Name;Cast Iron
[Advisors.Advisor-Bandits-Borov].Name;Borov
[Advisors.Advisor-Bandits-Zhivoder].Name;Flayer
[Advisors.Advisor-Bandits-Zub].Name;Tooth
[Advisors.Advisor-Bandits-Prozrachniy].Name;Limpid
[Advisors.Advisor-Bandits-Senka].Name;Senka
[Advisors.Advisor-Bandits-Father].Name;Father
[Advisors.Advisor-Soldiers-Capitan].Name;Captain
[Advisors.Advisor-Soldiers-Ovechko].Name;Semyon Lambee
[Advisors.Advisor-Soldiers-Specialist].Name;Specialist
[Advisors.Advisor-Soldiers-Poproshayko].Name;Major Poproshaiko
[Advisors.Advisor-Soldiers-Haleckiy].Name;Major Khaletsky
[Advisors.Advisor-Soldiers-Sokolov].Name;Ensign Sokolov
[Advisors.Advisor-Duty-Zvyagincev].Name;Major Zvyagintsev
[Advisors.Advisor-Duty-Incvizitor].Name;Inquisitor
[Advisors.Advisor-Duty-Nalivayko].Name;Sergeant Nalivaiko
[Advisors.Advisor-Duty-Fekl].Name;Fyokl
[Advisors.Advisor-Duty-Kolobok].Name;Kolobok
[Advisors.Advisor-Duty-Sudar].Name;Sir
[Advisors.Advisor-Duty-Semen].Name;Semyon Semyonovich
[Advisors.Advisor-Duty-Milutin].Name;Milyutin
[Advisors.Advisor-Duty-Gromov].Name;Thunderov
[Advisors.Advisor-Duty-Mityay].Name;Mitay
[Advisors.Advisor-Duty-Lis].Name;Fox Bandicoot
[Advisors.Advisor-Duty-Galin].Name;Galin
[Advisors.Advisor-Duty-Serega].Name;Seryoga
[Advisors.Advisor-Freedom-Shukin].Name;Lingov
[Advisors.Advisor-Freedom-Voron].Name;Raven
[Advisors.Advisor-Freedom-Ganzha].Name;Ganja
[Advisors.Advisor-Freedom-Yar].Name;Yar
[Advisors.Advisor-Freedom-Kostuk].Name;Kostyan
[Advisors.Advisor-Freedom-Ashot].Name;Ashot
[Advisors.Advisor-Freedom-Zhurnalist].Name;Journalist
[Advisors.Advisor-Monolith-Propovednik].Name;Preacher
[Advisors.Advisor-Monolith-Molitvennik].Name;Devotee
[Advisors.Advisor-Monolith-Messiya].Name;Messiah
[Advisors.Advisor-Mercenaries-Hog].Name;Hog
[Advisors.Advisor-Mercenaries-Leshiy].Name;Leshiy
[Advisors.Advisor-Mercenaries-Shtyr].Name;Pin
[Advisors.Advisor-Mercenaries-Tancpol].Name;Vitya Dancefloor
[Advisors.Advisor-Mercenaries-Avtobus].Name;Lyokha Bus
[Advisors.Advisor-Mercenaries-Rzhaviy].Name;Valera Rusty
[Advisors.Advisor-Mercenaries-Shtirlic].Name;Tolyan Stirlitz
[Advisors.Advisor-Mercenaries-Dollar].Name;Ivan «One Dollar»
[Advisors.Advisor-Mercenaries-Plintus].Name;Timur Plintus
[Advisors.Advisor-Scientists-Nachalnik].Name;Head of Security
[Advisors.Advisor-Scientists-Levsha].Name;Lefty
[Advisors.Advisor-Scientists-Platonov].Name;Platonov
[Advisors.Advisor-Renegats-Kosoy].Name;Oblique
[Advisors.Advisor-Renegats-Kruk].Name;Hook
[Advisors.Advisor-Renegats-Batya].Name;Dad
[Advisors.Advisor-Renegats-Krendel].Name;Pretzel
[Advisors.Advisor-Renegats-Grach].Name;Rook
[Advisors.Advisor-Renegats-Temniy].Name;Dark
[Advisors.Advisor-Renegats-Pirate].Name;Pirate
[Advisors.Advisor-Renegats-Sin].Name;Blue
[Advisors.Advisor-Renegats-Kayzer].Name;Kaiser
[Advisors.Advisor-ClearSky-Kalancha].Name;Kalancha
[Advisors.Advisor-ClearSky-Suslov].Name;Suslov
[Advisors.Advisor-ClearSky-Cold].Name;Cold
[Advisors.Advisor-ClearSky-Faster].Name;Nimble
[Advisors.Advisor-ClearSky-Tropnik].Name;Ivan Trodnik
[Advisors.Advisor-ClearSky-Petro].Name;Petro
[Advisors.Advisor-ClearSky-Vasilenko].Name;Vasilenko
[Advisors.Advisor-ClearSky-Petrenko].Name;Petrenko
[Advisors.Advisor-Zombie-Controler].Name;Controller
[Achievements.Achiv-1].Name;Could It Be Done Like This?
[Achievements.Achiv-1].Desc;New achievement unlocked! Capture the CNPP location and hold it for 1 turn until the scenario ends as the Clear Sky faction.
[Achievements.Achiv-1].Desc-Logo;Capture the CNPP location and hold it for 1 turn until the scenario ends as the Clear Sky faction.
[Achievements.Achiv-2].Name;Swamp Monster!
[Achievements.Achiv-2].Desc;New achievement unlocked! Capture the entire Zone as the Renegades faction on Master difficulty.
[Achievements.Achiv-2].Desc-Logo;Capture the entire Zone as the Renegades faction on Master difficulty.
[Achievements.Achiv-3].Name;This Is My Swamp!
[Achievements.Achiv-3].Desc;New achievement unlocked! Capture the Swamp location and hold it for 1 turn as the Clear Sky faction on Experienced difficulty or higher.
[Achievements.Achiv-3].Desc-Logo;Capture the Swamp location and hold it for 1 turn as the Clear Sky faction on Experienced difficulty or higher.
[Achievements.Achiv-4].Name;Looks Like Coffins Are Gonna Get More Expensive!
[Achievements.Achiv-4].Desc;New achievement unlocked! Capture the Army Warehouses location and hold it for 1 turn as the Freedom faction on Veteran difficulty or higher.
[Achievements.Achiv-4].Desc-Logo;Capture the Army Warehouses location and hold it for 1 turn as the Freedom faction on Veteran difficulty or higher.
[Achievements.Achiv-5].Name;Unexpected Twist!
[Achievements.Achiv-5].Desc;New achievement unlocked! Adopt the Stability ideology as the Renegades faction on Master difficulty and hold out for 1 turn.
[Achievements.Achiv-5].Desc-Logo;Adopt the Stability ideology as the Renegades faction on Master difficulty and hold out for 1 turn.
[Achievements.Achiv-6].Name;A Wolf in Sheep's Clothing!
[Achievements.Achiv-6].Desc;New achievement unlocked! Adopt the Crime ideology as the Military faction on Master difficulty and hold out for 1 turn.
[Achievements.Achiv-6].Desc-Logo;Adopt the Crime ideology as the Military faction on Master difficulty and hold out for 1 turn.
[Traders.World].Name;The Outside World
[Traders.World].NeedText;Establishing contact with the outside world is not always possible. Cost to attempt contact:
[Traders.YourGroup].Name;Your Faction's Trader
[Traders.YourGroup].NeedText;You can always trade with your faction's trader. Cost:
[Traders.OtherGroup].Name;Other Faction's Trader
[Traders.OtherGroup].NeedText;To trade with other factions, first select their territory on the map.
[Traders.Trader1].Name;Sidorovich
[Traders.Trader1].NeedText;You can trade with him only if you control the Novice Village territory in the Cordon. Cost:
[Traders.Trader2].Name;Forester
[Traders.Trader2].NeedText;You can trade with the Forester only if you control the Camp by the Kaper territory in the Red Forest location. Cost:
[Traders.Trader3].Name;Sakharov
[Traders.Trader3].NeedText;Sakharov is available only if you control the Scientists' Bunker territory in the Yantar location. Cost:
[StoryEvents.Event-Swamp-1].Name;Scar's Appearance
[StoryEvents.Event-Swamp-1].Desc-Owner;Mentions have appeared in the stalker network that a mercenary nicknamed Scar survived the Emission. But few believed it. Now he's taken up Lebedev's work. Perhaps we'll soon find out what's what...
[StoryEvents.Event-Swamp-1].Desc-NonOwner;Rumors circulate about an unknown mercenary appearing in the Zone, called Scar. They say he was found alive after the Emission...
[StoryEvents.Event-Swamp-2].Name;Scar Attacks the Territory Garrison
[StoryEvents.Event-Swamp-2].Desc-Owner;Damn it! The unknown mercenary Scar has started a fight in the %0:s territory! Our losses:
[StoryEvents.Event-Swamp-2].Desc-NonOwner;Rumors say that the mercenary Scar engaged in combat in the %0:s territory.
[StoryEvents.Event-Swamp-3].Name;Scar Moves On
[StoryEvents.Event-Swamp-3].Desc-Owner;The mercenary Scar has been spotted in our %0:s territory at %1:s. Our garrison let him pass.
[StoryEvents.Event-Swamp-3].Desc-NonOwner;Rumors say that the mercenary Scar was spotted in the %0:s territory at %1:s.
[StoryEvents.Event-Swamp-4].Name;Scar Attacks the Territory Garrison
[StoryEvents.Event-Swamp-4].Desc-Owner;Our patrols encountered the mercenary nicknamed Scar. We lost the battle in the %0:s territory at %1:s... Our losses:
[StoryEvents.Event-Swamp-4].Desc-NonOwner;Rumors say that the mercenary Scar was spotted in the %0:s territory at %1:s.
[StoryEvents.Event-Swamp-5].Name;Scar Moves On
[StoryEvents.Event-Swamp-5].Desc-Owner;The mercenary Scar has been spotted in our %0:s territory at %1:s. Our garrison let him pass.
[StoryEvents.Event-Swamp-5].Desc-NonOwner;Rumors say that the mercenary Scar was spotted in the %0:s territory at %1:s.
[StoryEvents.Event-Swamp-6].Name;Scar Attacks the Territory Garrison
[StoryEvents.Event-Swamp-6].Desc-Owner;Our patrols encountered the mercenary nicknamed Scar. We lost the battle in the %0:s territory at %1:s... Our losses:
[StoryEvents.Event-Swamp-6].Desc-NonOwner;Rumors say that the mercenary Scar was spotted in the %0:s territory at %1:s.
[StoryEvents.Event-Swamp-7].Name;Scar Moves On
[StoryEvents.Event-Swamp-7].Desc-Owner;The mercenary Scar has been spotted in our %0:s territory at %1:s. Our garrison let him pass.
[StoryEvents.Event-Swamp-7].Desc-NonOwner;Rumors say that the mercenary Scar was spotted in the %0:s territory at %1:s.
[StoryEvents.Event-Swamp-8].Name;Scar Attacks the Territory Garrison
[StoryEvents.Event-Swamp-8].Desc-Owner;Our patrols encountered the mercenary nicknamed Scar. We lost the battle in the %0:s territory at %1:s... Our losses:
[StoryEvents.Event-Swamp-8].Desc-NonOwner;Rumors say that the mercenary Scar was spotted in the %0:s territory at %1:s.
[StoryEvents.Event-Swamp-9].Name;Scar Moves On
[StoryEvents.Event-Swamp-9].Desc-Owner;The mercenary Scar has been spotted in our %0:s territory at %1:s. Our garrison let him pass.
[StoryEvents.Event-Swamp-9].Desc-NonOwner;Rumors say that the mercenary Scar was spotted in the %0:s territory at %1:s.
[StoryEvents.Event-Swamp-10].Name;Scar Attacks the Territory Garrison
[StoryEvents.Event-Swamp-10].Desc-Owner;Our patrols encountered the mercenary nicknamed Scar. We lost the battle in the %0:s territory at %1:s... Our losses:
[StoryEvents.Event-Swamp-10].Desc-NonOwner;Rumors say that the mercenary Scar was spotted in the %0:s territory at %1:s.
[StoryEvents.Event-Swamp-11].Name;Scar Moves On
[StoryEvents.Event-Swamp-11].Desc-Owner;The mercenary Scar has been spotted in our %0:s territory at %1:s. Our garrison let him pass.
[StoryEvents.Event-Swamp-11].Desc-NonOwner;Rumors say that the mercenary Scar was spotted in the %0:s territory at %1:s.
[StoryEvents.Event-Swamp-12].Name;Scar Attacks the Territory Garrison
[StoryEvents.Event-Swamp-12].Desc-Owner;Our patrols encountered the mercenary nicknamed Scar. We lost the battle in the %0:s territory at %1:s... Our losses:
[StoryEvents.Event-Swamp-12].Desc-NonOwner;Rumors say that the mercenary Scar was spotted in the %0:s territory at %1:s.
[StoryEvents.Event-Swamp-13].Name;Scar Moves On
[StoryEvents.Event-Swamp-13].Desc-Owner;The mercenary Scar has been spotted in our %0:s territory at %1:s. Our garrison let him pass.
[StoryEvents.Event-Swamp-13].Desc-NonOwner;Rumors say that the mercenary Scar was spotted in the %0:s territory at %1:s.
[StoryEvents.Event-Swamp-14].Name;Scar Attacks the Territory Garrison
[StoryEvents.Event-Swamp-14].Desc-Owner;Our patrols encountered the mercenary nicknamed Scar. We lost the battle in the %0:s territory at %1:s... Our losses:
[StoryEvents.Event-Swamp-14].Desc-NonOwner;Rumors say that the mercenary Scar was spotted in the %0:s territory at %1:s.
[StoryEvents.Event-Swamp-15].Name;Scar Moves On
[StoryEvents.Event-Swamp-15].Desc-Owner;The mercenary Scar has been spotted in our %0:s territory at %1:s. Our garrison let him pass.
[StoryEvents.Event-Swamp-15].Desc-NonOwner;Rumors say that the mercenary Scar was spotted in the %0:s territory at %1:s.
[StoryEvents.Event-Swamp-16].Name;Scar Attacks the Territory Garrison
[StoryEvents.Event-Swamp-16].Desc-Owner;Our patrols encountered the mercenary nicknamed Scar. We lost the battle in the %0:s territory at %1:s... Our losses:
[StoryEvents.Event-Swamp-16].Desc-NonOwner;Rumors say that the mercenary Scar was spotted in the %0:s territory at %1:s.
[StoryEvents.Event-Swamp-17].Name;Scar Moves On
[StoryEvents.Event-Swamp-17].Desc-Owner;The mercenary Scar has been spotted in our %0:s territory at %1:s. Our garrison let him pass.
[StoryEvents.Event-Swamp-17].Desc-NonOwner;Rumors say that the mercenary Scar was spotted in the %0:s territory at %1:s.
[StoryEvents.Event-Swamp-18].Name;Scar Attacks the Territory Garrison
[StoryEvents.Event-Swamp-18].Desc-Owner;Our patrols encountered the mercenary nicknamed Scar. We lost the battle in the %0:s territory at %1:s... Our losses:
[StoryEvents.Event-Swamp-18].Desc-NonOwner;Rumors say that the mercenary Scar was spotted in the %0:s territory at %1:s.
[StoryEvents.Event-Swamp-19].Name;Scar Moves On
[StoryEvents.Event-Swamp-19].Desc-Owner;The mercenary Scar has been spotted in our %0:s territory at %1:s. Our garrison let him pass.
[StoryEvents.Event-Swamp-19].Desc-NonOwner;Rumors say that the mercenary Scar was spotted in the %0:s territory at %1:s.
[StoryEvents.Event-Swamp-20].Name;Scar Attacks the Territory Garrison
[StoryEvents.Event-Swamp-20].Desc-Owner;Our patrols encountered the mercenary nicknamed Scar. We lost the battle in the %0:s territory at %1:s... Our losses:
[StoryEvents.Event-Swamp-20].Desc-NonOwner;Rumors say that the mercenary Scar was spotted in the %0:s territory at %1:s.
[StoryEvents.Event-Swamp-21].Name;Scar Moves On
[StoryEvents.Event-Swamp-21].Desc-Owner;The mercenary Scar has been spotted in our %0:s territory at %1:s. Our garrison let him pass.
[StoryEvents.Event-Swamp-21].Desc-NonOwner;Rumors say that the mercenary Scar was spotted in the %0:s territory at %1:s.
[StoryEvents.Event-Swamp-22].Name;Scar Attacks the Territory Garrison
[StoryEvents.Event-Swamp-22].Desc-Owner;Our patrols encountered the mercenary nicknamed Scar. We lost the battle in the %0:s territory at %1:s... Our losses:
[StoryEvents.Event-Swamp-22].Desc-NonOwner;Rumors say that the mercenary Scar was spotted in the %0:s territory at %1:s.
[StoryEvents.Event-Swamp-23].Name;Scar Moves On
[StoryEvents.Event-Swamp-23].Desc-Owner;The mercenary Scar has been spotted in our %0:s territory at %1:s. Our garrison let him pass.
[StoryEvents.Event-Swamp-23].Desc-NonOwner;Rumors say that the mercenary Scar was spotted in the %0:s territory at %1:s.
[StoryEvents.Event-Swamp-24].Name;Scar Attacks the Territory Garrison
[StoryEvents.Event-Swamp-24].Desc-Owner;Our patrols encountered the mercenary nicknamed Scar. We lost the battle in the %0:s territory at %1:s... Our losses:
[StoryEvents.Event-Swamp-24].Desc-NonOwner;Rumors say that the mercenary Scar was spotted in the %0:s territory at %1:s.
[StoryEvents.Event-Swamp-25].Name;Scar Moves On
[StoryEvents.Event-Swamp-25].Desc-Owner;The mercenary Scar has been spotted in our %0:s territory at %1:s. Our garrison let him pass.
[StoryEvents.Event-Swamp-25].Desc-NonOwner;Rumors say that the mercenary Scar was spotted in the %0:s territory at %1:s.
[StoryEvents.Event-Swamp-26].Name;Scar Attacks the Territory Garrison
[StoryEvents.Event-Swamp-26].Desc-Owner;Our patrols encountered the mercenary nicknamed Scar. We lost the battle in the %0:s territory at %1:s... Our losses:
[StoryEvents.Event-Swamp-26].Desc-NonOwner;Rumors say that the mercenary Scar was spotted in the %0:s territory at %1:s.
[StoryEvents.Event-Swamp-27].Name;Scar Moves On
[StoryEvents.Event-Swamp-27].Desc-Owner;The mercenary Scar has been spotted in our %0:s territory at %1:s. Our garrison let him pass.
[StoryEvents.Event-Swamp-27].Desc-NonOwner;Rumors say that the mercenary Scar was spotted in the %0:s territory at %1:s.
[StoryEvents.Event-Swamp-28].Name;Scar Attacks the Territory Garrison
[StoryEvents.Event-Swamp-28].Desc-Owner;Our patrols encountered the mercenary nicknamed Scar. We lost the battle in the %0:s territory at %1:s... Our losses:
[StoryEvents.Event-Swamp-28].Desc-NonOwner;Rumors say that the mercenary Scar was spotted in the %0:s territory at %1:s.
[StoryEvents.Event-Escape-Advisor-1].Name;Vovka the Hedgehog
[StoryEvents.Event-Escape-Advisor-1].Desc-Owner;One of the stalkers has shown himself well and gained some fame within the faction circles... He is now available to the Loners faction as a candidate for deputy faction leader.
[StoryEvents.Event-Escape-Advisor-1].Desc-NonOwner;One of the stalkers is gaining popularity within the Loners faction... He is now available to them as a candidate for deputy faction leader.
[StoryEvents.Event-Escape-1].Name;Scar Moves On
[StoryEvents.Event-Escape-1].Desc-Owner;The mercenary Scar has been spotted in our %0:s territory at %1:s. Our garrison let him pass.
[StoryEvents.Event-Escape-1].Desc-NonOwner;Rumors say that the mercenary Scar was spotted in the %0:s territory at %1:s.
[StoryEvents.Event-Escape-2].Name;Scar Attacks the Territory Garrison
[StoryEvents.Event-Escape-2].Desc-Owner;Our patrols encountered the mercenary nicknamed Scar. We lost the battle in the %0:s territory at %1:s... Our losses:
[StoryEvents.Event-Escape-2].Desc-NonOwner;Rumors say that the mercenary Scar was spotted in the %0:s territory at %1:s.
[StoryEvents.Event-Escape-3].Name;Scar Moves On
[StoryEvents.Event-Escape-3].Desc-Owner;The mercenary Scar has been spotted in our %0:s territory at %1:s. Our garrison let him pass.
[StoryEvents.Event-Escape-3].Desc-NonOwner;Rumors say that the mercenary Scar was spotted in the %0:s territory at %1:s.
[StoryEvents.Event-Escape-4].Name;Scar Attacks the Territory Garrison
[StoryEvents.Event-Escape-4].Desc-Owner;Our patrols encountered the mercenary nicknamed Scar. We lost the battle in the %0:s territory at %1:s... Our losses:
[StoryEvents.Event-Escape-4].Desc-NonOwner;Rumors say that the mercenary Scar was spotted in the %0:s territory at %1:s.
[StoryEvents.Event-Escape-5].Name;Scar Moves On
[StoryEvents.Event-Escape-5].Desc-Owner;The mercenary Scar has been spotted in our %0:s territory at %1:s. Our garrison let him pass.
[StoryEvents.Event-Escape-5].Desc-NonOwner;Rumors say that the mercenary Scar was spotted in the %0:s territory at %1:s.
[StoryEvents.Event-Escape-6].Name;Scar Attacks the Territory Garrison
[StoryEvents.Event-Escape-6].Desc-Owner;Our patrols encountered the mercenary nicknamed Scar. We lost the battle in the %0:s territory at %1:s... Our losses:
[StoryEvents.Event-Escape-6].Desc-NonOwner;Rumors say that the mercenary Scar was spotted in the %0:s territory at %1:s.
[StoryEvents.Event-Escape-7].Name;Scar Moves On
[StoryEvents.Event-Escape-7].Desc-Owner;The mercenary Scar has been spotted in our %0:s territory at %1:s. Our garrison let him pass.
[StoryEvents.Event-Escape-7].Desc-NonOwner;Rumors say that the mercenary Scar was spotted in the %0:s territory at %1:s.
[StoryEvents.Event-Escape-8].Name;Scar Attacks the Territory Garrison
[StoryEvents.Event-Escape-8].Desc-Owner;Our patrols encountered the mercenary nicknamed Scar. We lost the battle in the %0:s territory at %1:s... Our losses:
[StoryEvents.Event-Escape-8].Desc-NonOwner;Rumors say that the mercenary Scar was spotted in the %0:s territory at %1:s.
[StoryEvents.Event-Escape-9].Name;Scar Moves On
[StoryEvents.Event-Escape-9].Desc-Owner;The mercenary Scar has been spotted in our %0:s territory at %1:s. Our garrison let him pass.
[StoryEvents.Event-Escape-9].Desc-NonOwner;Rumors say that the mercenary Scar was spotted in the %0:s territory at %1:s.
[StoryEvents.Event-Escape-10].Name;Scar Attacks the Territory Garrison
[StoryEvents.Event-Escape-10].Desc-Owner;Our patrols encountered the mercenary nicknamed Scar. We lost the battle in the %0:s territory at %1:s... Our losses:
[StoryEvents.Event-Escape-10].Desc-NonOwner;Rumors say that the mercenary Scar was spotted in the %0:s territory at %1:s.
[StoryEvents.Event-Escape-11].Name;Scar Moves On
[StoryEvents.Event-Escape-11].Desc-Owner;The mercenary Scar has been spotted in our %0:s territory at %1:s. Our garrison let him pass.
[StoryEvents.Event-Escape-11].Desc-NonOwner;Rumors say that the mercenary Scar was spotted in the %0:s territory at %1:s.
[StoryEvents.Event-Escape-12].Name;Scar Attacks the Territory Garrison
[StoryEvents.Event-Escape-12].Desc-Owner;Our patrols encountered the mercenary nicknamed Scar. We lost the battle in the %0:s territory at %1:s... Our losses:
[StoryEvents.Event-Escape-12].Desc-NonOwner;Rumors say that the mercenary Scar was spotted in the %0:s territory at %1:s.
[StoryEvents.Event-Escape-Advisor-2].Name;Warrant Officer Sokolov
[StoryEvents.Event-Escape-Advisor-2].Desc-Owner;Warrant Officer Sokolov is now available to us as a candidate for deputy faction leader.
[StoryEvents.Event-Escape-Advisor-2].Desc-NonOwner;Warrant Officer Sokolov joins the Military faction... He is now available to them as a candidate for deputy faction leader.
[StoryEvents.Event-Escape-13].Name;Scar Moves On
[StoryEvents.Event-Escape-13].Desc-Owner;The mercenary Scar has been spotted in our %0:s territory at %1:s. Our garrison let him pass.
[StoryEvents.Event-Escape-13].Desc-NonOwner;Rumors say that the mercenary Scar was spotted in the %0:s territory at %1:s.
[StoryEvents.Event-Escape-14].Name;Scar Attacks the Territory Garrison
[StoryEvents.Event-Escape-14].Desc-Owner;Our patrols encountered the mercenary nicknamed Scar. We lost the battle in the %0:s territory at %1:s... Our losses:
[StoryEvents.Event-Escape-14].Desc-NonOwner;Rumors say that the mercenary Scar was spotted in the %0:s territory at %1:s.
[StoryEvents.Event-Escape-15].Name;Scar Moves On
[StoryEvents.Event-Escape-15].Desc-Owner;The mercenary Scar has been spotted in our %0:s territory at %1:s. Our garrison let him pass.
[StoryEvents.Event-Escape-15].Desc-NonOwner;Rumors say that the mercenary Scar was spotted in the %0:s territory at %1:s.
[StoryEvents.Event-Escape-16].Name;Scar Attacks the Territory Garrison
[StoryEvents.Event-Escape-16].Desc-Owner;Our patrols encountered the mercenary nicknamed Scar. We lost the battle in the %0:s territory at %1:s... Our losses:
[StoryEvents.Event-Escape-16].Desc-NonOwner;Rumors say that the mercenary Scar was spotted in the %0:s territory at %1:s.
[StoryEvents.Event-Escape-17].Name;Scar Moves On
[StoryEvents.Event-Escape-17].Desc-Owner;The mercenary Scar has been spotted in our %0:s territory at %1:s. Our garrison let him pass.
[StoryEvents.Event-Escape-17].Desc-NonOwner;Rumors say that the mercenary Scar was spotted in the %0:s territory at %1:s.
[StoryEvents.Event-Escape-18].Name;Scar Attacks the Territory Garrison
[StoryEvents.Event-Escape-18].Desc-Owner;Our patrols encountered the mercenary nicknamed Scar. We lost the battle in the %0:s territory at %1:s... Our losses:
[StoryEvents.Event-Escape-18].Desc-NonOwner;Rumors say that the mercenary Scar was spotted in the %0:s territory at %1:s.
[StoryEvents.Event-Escape-19].Name;Scar Moves On
[StoryEvents.Event-Escape-19].Desc-Owner;The mercenary Scar has been spotted in our %0:s territory at %1:s. Our garrison let him pass.
[StoryEvents.Event-Escape-19].Desc-NonOwner;Rumors say that the mercenary Scar was spotted in the %0:s territory at %1:s.
[StoryEvents.Event-Escape-20].Name;Scar Attacks the Territory Garrison
[StoryEvents.Event-Escape-20].Desc-Owner;Our patrols encountered the mercenary nicknamed Scar. We lost the battle in the %0:s territory at %1:s... Our losses:
[StoryEvents.Event-Escape-20].Desc-NonOwner;Rumors say that the mercenary Scar was spotted in the %0:s territory at %1:s.
[StoryEvents.Event-Escape-21].Name;Scar Moves On
[StoryEvents.Event-Escape-21].Desc-Owner;The mercenary Scar has been spotted in our %0:s territory at %1:s. Our garrison let him pass.
[StoryEvents.Event-Escape-21].Desc-NonOwner;Rumors say that the mercenary Scar was spotted in the %0:s territory at %1:s.
[StoryEvents.Event-Escape-22].Name;Scar Attacks the Territory Garrison
[StoryEvents.Event-Escape-22].Desc-Owner;Our patrols encountered the mercenary nicknamed Scar. We lost the battle in the %0:s territory at %1:s... Our losses:
[StoryEvents.Event-Escape-22].Desc-NonOwner;Rumors say that the mercenary Scar was spotted in the %0:s territory at %1:s.
[StoryEvents.Event-Escape-23].Name;Scar Moves On
[StoryEvents.Event-Escape-23].Desc-Owner;The mercenary Scar has been spotted in our %0:s territory at %1:s. Our garrison let him pass.
[StoryEvents.Event-Escape-23].Desc-NonOwner;Rumors say that the mercenary Scar was spotted in the %0:s territory at %1:s.
[StoryEvents.Event-Escape-24].Name;Scar Attacks the Territory Garrison
[StoryEvents.Event-Escape-24].Desc-Owner;Our patrols encountered the mercenary nicknamed Scar. We lost the battle in the %0:s territory at %1:s... Our losses:
[StoryEvents.Event-Escape-24].Desc-NonOwner;Rumors say that the mercenary Scar was spotted in the %0:s territory at %1:s.
[StoryEvents.Event-Escape-25].Name;Scar Moves On
[StoryEvents.Event-Escape-25].Desc-Owner;The mercenary Scar has been spotted in our %0:s territory at %1:s. Our garrison let him pass.
[StoryEvents.Event-Escape-25].Desc-NonOwner;Rumors say that the mercenary Scar was spotted in the %0:s territory at %1:s.
[StoryEvents.Event-Escape-26].Name;Scar Attacks the Territory Garrison
[StoryEvents.Event-Escape-26].Desc-Owner;Our patrols encountered the mercenary nicknamed Scar. We lost the battle in the %0:s territory at %1:s... Our losses:
[StoryEvents.Event-Escape-26].Desc-NonOwner;Rumors say that the mercenary Scar was spotted in the %0:s territory at %1:s.
[StoryEvents.Event-Escape-27].Name;Scar Moves On
[StoryEvents.Event-Escape-27].Desc-Owner;The mercenary Scar has been spotted in our %0:s territory at %1:s. Our garrison let him pass.
[StoryEvents.Event-Escape-27].Desc-NonOwner;Rumors say that the mercenary Scar was spotted in the %0:s territory at %1:s.
[StoryEvents.Event-Escape-28].Name;Scar Attacks the Territory Garrison
[StoryEvents.Event-Escape-28].Desc-Owner;Our patrols encountered the mercenary nicknamed Scar. We lost the battle in the %0:s territory at %1:s... Our losses:
[StoryEvents.Event-Escape-28].Desc-NonOwner;Rumors say that the mercenary Scar was spotted in the %0:s territory at %1:s.
[StoryEvents.Event-Escape-Advisor-3].Name;Vasily
[StoryEvents.Event-Escape-Advisor-3].Desc-Owner;The stalker Vasily, known in certain circles, joins the faction... He is now available to the Loners faction as a candidate for deputy faction leader.
[StoryEvents.Event-Escape-Advisor-3].Desc-NonOwner;The stalker Vasily, known in certain circles, joins the Loners faction... He is now available to them as a candidate for deputy faction leader.
[StoryEvents.Event-Escape-29].Name;Scar Moves On
[StoryEvents.Event-Escape-29].Desc-Owner;The mercenary Scar has been spotted in our %0:s territory at %1:s. Our garrison let him pass.
[StoryEvents.Event-Escape-29].Desc-NonOwner;Rumors say that the mercenary Scar was spotted in the %0:s territory at %1:s.
[StoryEvents.Event-Escape-30].Name;Scar Attacks the Territory Garrison
[StoryEvents.Event-Escape-30].Desc-Owner;Our patrols encountered the mercenary nicknamed Scar. We lost the battle in the %0:s territory at %1:s... Our losses:
[StoryEvents.Event-Escape-30].Desc-NonOwner;Rumors say that the mercenary Scar was spotted in the %0:s territory at %1:s.
[StoryEvents.Event-Escape-Advisor-4].Name;Dog
[StoryEvents.Event-Escape-Advisor-4].Desc-Owner;The stalker Dog joins the faction... He is now available as a candidate for deputy faction leader.
[StoryEvents.Event-Escape-Advisor-4].Desc-NonOwner;The stalker Dog joins the Loners faction... He is now available to the Loners as a candidate for deputy faction leader.
[StoryEvents.Event-Escape-AddRecruits-1].Name;Puzo and His Squad
[StoryEvents.Event-Escape-AddRecruits-1].Desc-Owner;The stalker Puzo, who has his own small squad, joins the faction... His men are now available as recruits, and Puzo himself is available as a candidate for deputy faction leader.
[StoryEvents.Event-Escape-AddRecruits-1].Desc-NonOwner;The stalker Puzo, who has his own small squad, joins the Loners faction... Puzo is now available to the Loners as a candidate for deputy faction leader.
[StoryEvents.Event-Escape-Advisor-5].Name;Puzo
[StoryEvents.Event-Escape-Advisor-5].Desc-Owner;The stalker Puzo, who has his own small squad, joins the faction... His men are now available as recruits, and Puzo himself is available as a candidate for deputy faction leader.
[StoryEvents.Event-Escape-Advisor-5].Desc-NonOwner;The stalker Puzo, who has his own small squad, joins the Loners faction... Puzo is now available to the Loners as a candidate for deputy faction leader.
[StoryEvents.Event-Garbage1-1].Name;Scar Moves On
[StoryEvents.Event-Garbage1-1].Desc-Owner;The mercenary Scar has been spotted in our %0:s territory at %1:s. Our garrison let him pass.
[StoryEvents.Event-Garbage1-1].Desc-NonOwner;Rumors say that the mercenary Scar was spotted in the %0:s territory at %1:s.
[StoryEvents.Event-Garbage1-2].Name;Scar Attacks the Territory Garrison
[StoryEvents.Event-Garbage1-2].Desc-Owner;Our patrols encountered the mercenary nicknamed Scar. We lost the battle in the %0:s territory at %1:s... Our losses:
[StoryEvents.Event-Garbage1-2].Desc-NonOwner;Rumors say that the mercenary Scar was spotted in the %0:s territory at %1:s.
[StoryEvents.Event-Garbage1-3].Name;Scar Moves On
[StoryEvents.Event-Garbage1-3].Desc-Owner;The mercenary Scar has been spotted in our %0:s territory at %1:s. Our garrison let him pass.
[StoryEvents.Event-Garbage1-3].Desc-NonOwner;Rumors say that the mercenary Scar was spotted in the %0:s territory at %1:s.
[StoryEvents.Event-Garbage1-4].Name;Scar Attacks the Territory Garrison
[StoryEvents.Event-Garbage1-4].Desc-Owner;Our patrols encountered the mercenary nicknamed Scar. We lost the battle in the %0:s territory at %1:s... Our losses:
[StoryEvents.Event-Garbage1-4].Desc-NonOwner;Rumors say that the mercenary Scar was spotted in the %0:s territory at %1:s.
[StoryEvents.Event-Garbage1-5].Name;Scar Moves On
[StoryEvents.Event-Garbage1-5].Desc-Owner;The mercenary Scar has been spotted in our %0:s territory at %1:s. Our garrison let him pass.
[StoryEvents.Event-Garbage1-5].Desc-NonOwner;Rumors say that the mercenary Scar was spotted in the %0:s territory at %1:s.
[StoryEvents.Event-Garbage1-6].Name;Scar Attacks the Territory Garrison
[StoryEvents.Event-Garbage1-6].Desc-Owner;Our patrols encountered the mercenary nicknamed Scar. We lost the battle in the %0:s territory at %1:s... Our losses:
[StoryEvents.Event-Garbage1-6].Desc-NonOwner;Rumors say that the mercenary Scar was spotted in the %0:s territory at %1:s.
[StoryEvents.Event-Garbage1-7].Name;Scar Moves On
[StoryEvents.Event-Garbage1-7].Desc-Owner;The mercenary Scar has been spotted in our %0:s territory at %1:s. Our garrison let him pass.
[StoryEvents.Event-Garbage1-7].Desc-NonOwner;Rumors say that the mercenary Scar was spotted in the %0:s territory at %1:s.
[StoryEvents.Event-Garbage1-8].Name;Scar Attacks the Territory Garrison
[StoryEvents.Event-Garbage1-8].Desc-Owner;Our patrols encountered the mercenary nicknamed Scar. We lost the battle in the %0:s territory at %1:s... Our losses:
[StoryEvents.Event-Garbage1-8].Desc-NonOwner;Rumors say that the mercenary Scar was spotted in the %0:s territory at %1:s.
[StoryEvents.Event-Garbage1-9].Name;Scar Moves On
[StoryEvents.Event-Garbage1-9].Desc-Owner;The mercenary Scar has been spotted in our %0:s territory at %1:s. Our garrison let him pass.
[StoryEvents.Event-Garbage1-9].Desc-NonOwner;Rumors say that the mercenary Scar was spotted in the %0:s territory at %1:s.
[StoryEvents.Event-Garbage1-10].Name;Scar Attacks the Territory Garrison
[StoryEvents.Event-Garbage1-10].Desc-Owner;Our patrols encountered the mercenary nicknamed Scar. We lost the battle in the %0:s territory at %1:s... Our losses:
[StoryEvents.Event-Garbage1-10].Desc-NonOwner;Rumors say that the mercenary Scar was spotted in the %0:s territory at %1:s.
[StoryEvents.Event-Garbage1-Advisor-1].Name;Vasyan and the Dogs
[StoryEvents.Event-Garbage1-Advisor-1].Desc-Owner;The mercenary Scar saved a stalker in the %0:s territory at %1:s... Vasyan is now available to the Loners faction as a candidate for deputy faction leader.
[StoryEvents.Event-Garbage1-Advisor-1].Desc-NonOwner;The mercenary Scar saved a stalker in the %0:s territory at %1:s... Vasyan is now available to the Loners faction as a candidate for deputy faction leader.
[StoryEvents.Event-Garbage1-Advisor-Non].Name;Vasyan's Death
[StoryEvents.Event-Garbage1-Advisor-Non].Desc-Owner;The mercenary Scar failed to save the stalker Vasyan in the %0:s territory at %1:s... Vasyan was still firing back when Scar spotted him in the distance, but as soon as the mercenary started approaching the location, the stalker ran out of ammo and died.
[StoryEvents.Event-Garbage1-Advisor-Non].Desc-NonOwner;The mercenary Scar failed to save the stalker Vasyan in the %0:s territory at %1:s... Vasyan was still firing back when Scar spotted him in the distance, but as soon as the mercenary started approaching the location, the stalker ran out of ammo and died.
[StoryEvents.Event-Garbage1-11].Name;Scar Moves On
[StoryEvents.Event-Garbage1-11].Desc-Owner;The mercenary Scar has been spotted in our %0:s territory at %1:s. Our garrison let him pass.
[StoryEvents.Event-Garbage1-11].Desc-NonOwner;Rumors say that the mercenary Scar was spotted in the %0:s territory at %1:s.
[StoryEvents.Event-Garbage1-12].Name;Scar Attacks the Territory Garrison
[StoryEvents.Event-Garbage1-12].Desc-Owner;Our patrols encountered the mercenary nicknamed Scar. We lost the battle in the %0:s territory at %1:s... Our losses:
[StoryEvents.Event-Garbage1-12].Desc-NonOwner;Rumors say that the mercenary Scar was spotted in the %0:s territory at %1:s.
[StoryEvents.Event-DarkVallery-1].Name;Scar Moves On
[StoryEvents.Event-DarkVallery-1].Desc-Owner;The mercenary Scar has been spotted in our %0:s territory at %1:s. Our garrison let him pass.
[StoryEvents.Event-DarkVallery-1].Desc-NonOwner;Rumors say that the mercenary Scar was spotted in the %0:s territory at %1:s.
[StoryEvents.Event-DarkVallery-2].Name;Scar Attacks the Territory Garrison
[StoryEvents.Event-DarkVallery-2].Desc-Owner;Our patrols encountered the mercenary nicknamed Scar. We lost the battle in the %0:s territory at %1:s... Our losses:
[StoryEvents.Event-DarkVallery-2].Desc-NonOwner;Rumors say that the mercenary Scar was spotted in the %0:s territory at %1:s.
[StoryEvents.Event-DarkVallery-3].Name;Scar Moves On
[StoryEvents.Event-DarkVallery-3].Desc-Owner;The mercenary Scar has been spotted in our %0:s territory at %1:s. Our garrison let him pass.
[StoryEvents.Event-DarkVallery-3].Desc-NonOwner;Rumors say that the mercenary Scar was spotted in the %0:s territory at %1:s.
[StoryEvents.Event-DarkVallery-4].Name;Scar Attacks the Territory Garrison
[StoryEvents.Event-DarkVallery-4].Desc-Owner;Our patrols encountered the mercenary nicknamed Scar. We lost the battle in the %0:s territory at %1:s... Our losses:
[StoryEvents.Event-DarkVallery-4].Desc-NonOwner;Rumors say that the mercenary Scar was spotted in the %0:s territory at %1:s.
[StoryEvents.Event-DarkVallery-5].Name;Scar Moves On
[StoryEvents.Event-DarkVallery-5].Desc-Owner;The mercenary Scar has been spotted in our %0:s territory at %1:s. Our garrison let him pass.
[StoryEvents.Event-DarkVallery-5].Desc-NonOwner;Rumors say that the mercenary Scar was spotted in the %0:s territory at %1:s.
[StoryEvents.Event-DarkVallery-6].Name;Scar Attacks the Territory Garrison
[StoryEvents.Event-DarkVallery-6].Desc-Owner;Our patrols encountered the mercenary nicknamed Scar. We lost the battle in the %0:s territory at %1:s... Our losses:
[StoryEvents.Event-DarkVallery-6].Desc-NonOwner;Rumors say that the mercenary Scar was spotted in the %0:s territory at %1:s.
[StoryEvents.Event-DarkVallery-7].Name;Scar Moves On
[StoryEvents.Event-DarkVallery-7].Desc-Owner;The mercenary Scar has been spotted in our %0:s territory at %1:s. Our garrison let him pass.
[StoryEvents.Event-DarkVallery-7].Desc-NonOwner;Rumors say that the mercenary Scar was spotted in the %0:s territory at %1:s.
[StoryEvents.Event-DarkVallery-8].Name;Scar Attacks the Territory Garrison
[StoryEvents.Event-DarkVallery-8].Desc-Owner;Our patrols encountered the mercenary nicknamed Scar. We lost the battle in the %0:s territory at %1:s... Our losses:
[StoryEvents.Event-DarkVallery-8].Desc-NonOwner;Rumors say that the mercenary Scar was spotted in the %0:s territory at %1:s.
[StoryEvents.Event-DarkVallery-Mutants].Name;Reduced Mutant Activity
[StoryEvents.Event-DarkVallery-Mutants].Desc-Owner;After the mercenary Scar's actions in the %0:s territory at %1:s, mutant activity, if there was any, has completely subsided. For a while.
[StoryEvents.Event-DarkVallery-Mutants].Desc-NonOwner;Rumors say that the mercenary Scar was shooting mutants in the %0:s territory at %1:s, reducing their activity there.
[StoryEvents.Event-DarkVallery-9].Name;Scar Moves On
[StoryEvents.Event-DarkVallery-9].Desc-Owner;The mercenary Scar has been spotted in our %0:s territory at %1:s. Our garrison let him pass.
[StoryEvents.Event-DarkVallery-9].Desc-NonOwner;Rumors say that the mercenary Scar was spotted in the %0:s territory at %1:s.
[StoryEvents.Event-DarkVallery-10].Name;Scar Attacks the Territory Garrison
[StoryEvents.Event-DarkVallery-10].Desc-Owner;Our patrols encountered the mercenary nicknamed Scar. We lost the battle in the %0:s territory at %1:s... Our losses:
[StoryEvents.Event-DarkVallery-10].Desc-NonOwner;Rumors say that the mercenary Scar was spotted in the %0:s territory at %1:s.
[StoryEvents.Event-DarkVallery-11].Name;Scar Moves On
[StoryEvents.Event-DarkVallery-11].Desc-Owner;The mercenary Scar has been spotted in our %0:s territory at %1:s. Our garrison let him pass.
[StoryEvents.Event-DarkVallery-11].Desc-NonOwner;Rumors say that the mercenary Scar was spotted in the %0:s territory at %1:s.
[StoryEvents.Event-DarkVallery-12].Name;Scar Attacks the Territory Garrison
[StoryEvents.Event-DarkVallery-12].Desc-Owner;Our patrols encountered the mercenary nicknamed Scar. We lost the battle in the %0:s territory at %1:s... Our losses:
[StoryEvents.Event-DarkVallery-12].Desc-NonOwner;Rumors say that the mercenary Scar was spotted in the %0:s territory at %1:s.
[StoryEvents.Event-DarkVallery-Advisor-1].Name;Shchukin's Disappearance
[StoryEvents.Event-DarkVallery-Advisor-1].Desc-Owner;The rat has fled! Shchukin is missing!
[StoryEvents.Event-DarkVallery-Advisor-1].Desc-NonOwner;The mercenary Scar saved a stalker in the %0:s territory at %1:s... Vasyan is now available to the Loners faction as a candidate for deputy faction leader.
[StoryEvents.Event-DarkVallery-Invasion-1].Name;Mercenary Squad
[StoryEvents.Event-DarkVallery-Invasion-1].Desc-Owner;Alert! A Mercenary squad has attacked the %0:s territory at %1:s!
[StoryEvents.Event-DarkVallery-Invasion-1].Desc-NonOwner;A Mercenary squad has attacked the %0:s territory at %1:s.
[StoryEvents.Event-DarkVallery-13].Name;Scar Moves On
[StoryEvents.Event-DarkVallery-13].Desc-Owner;The mercenary Scar has been spotted in our %0:s territory at %1:s. Our garrison let him pass.
[StoryEvents.Event-DarkVallery-13].Desc-NonOwner;Rumors say that the mercenary Scar was spotted in the %0:s territory at %1:s.
[StoryEvents.Event-DarkVallery-14].Name;Scar Attacks the Territory Garrison
[StoryEvents.Event-DarkVallery-14].Desc-Owner;Our patrols encountered the mercenary nicknamed Scar. We lost the battle in the %0:s territory at %1:s... Our losses:
[StoryEvents.Event-DarkVallery-14].Desc-NonOwner;Rumors say that the mercenary Scar was spotted in the %0:s territory at %1:s.
[StoryEvents.Event-DarkVallery-15].Name;Scar Moves On
[StoryEvents.Event-DarkVallery-15].Desc-Owner;The mercenary Scar has been spotted in our %0:s territory at %1:s. Our garrison let him pass.
[StoryEvents.Event-DarkVallery-15].Desc-NonOwner;Rumors say that the mercenary Scar was spotted in the %0:s territory at %1:s.
[StoryEvents.Event-DarkVallery-16].Name;Scar Attacks the Territory Garrison
[StoryEvents.Event-DarkVallery-16].Desc-Owner;Our patrols encountered the mercenary nicknamed Scar. We lost the battle in the %0:s territory at %1:s... Our losses:
[StoryEvents.Event-DarkVallery-16].Desc-NonOwner;Rumors say that the mercenary Scar was spotted in the %0:s territory at %1:s.
[StoryEvents.Event-DarkVallery-17].Name;Scar Moves On
[StoryEvents.Event-DarkVallery-17].Desc-Owner;The mercenary Scar has been spotted in our %0:s territory at %1:s. Our garrison let him pass.
[StoryEvents.Event-DarkVallery-17].Desc-NonOwner;Rumors say that the mercenary Scar was spotted in the %0:s territory at %1:s.
[StoryEvents.Event-DarkVallery-18].Name;Scar Attacks the Territory Garrison
[StoryEvents.Event-DarkVallery-18].Desc-Owner;Our patrols encountered the mercenary nicknamed Scar. We lost the battle in the %0:s territory at %1:s... Our losses:
[StoryEvents.Event-DarkVallery-18].Desc-NonOwner;Rumors say that the mercenary Scar was spotted in the %0:s territory at %1:s.
[StoryEvents.Event-DarkVallery-Invasion-2].Name;Mercenary Squad
[StoryEvents.Event-DarkVallery-Invasion-2].Desc-Owner;Alert! A Mercenary squad has attacked the %0:s territory at %1:s!
[StoryEvents.Event-DarkVallery-Invasion-2].Desc-NonOwner;A Mercenary squad has attacked the %0:s territory at %1:s.
[StoryEvents.Event-DarkVallery-19].Name;Scar Moves On
[StoryEvents.Event-DarkVallery-19].Desc-Owner;The mercenary Scar has been spotted in our %0:s territory at %1:s. Our garrison let him pass.
[StoryEvents.Event-DarkVallery-19].Desc-NonOwner;Rumors say that the mercenary Scar was spotted in the %0:s territory at %1:s.
[StoryEvents.Event-DarkVallery-20].Name;Scar Attacks the Territory Garrison
[StoryEvents.Event-DarkVallery-20].Desc-Owner;Our patrols encountered the mercenary nicknamed Scar. We lost the battle in the %0:s territory at %1:s... Our losses:
[StoryEvents.Event-DarkVallery-20].Desc-NonOwner;Rumors say that the mercenary Scar was spotted in the %0:s territory at %1:s.
[StoryEvents.Event-DarkVallery-21].Name;Scar Moves On
[StoryEvents.Event-DarkVallery-21].Desc-Owner;The mercenary Scar has been spotted in our %0:s territory at %1:s. Our garrison let him pass.
[StoryEvents.Event-DarkVallery-21].Desc-NonOwner;Rumors say that the mercenary Scar was spotted in the %0:s territory at %1:s.
[StoryEvents.Event-DarkVallery-22].Name;Scar Attacks the Territory Garrison
[StoryEvents.Event-DarkVallery-22].Desc-Owner;Our patrols encountered the mercenary nicknamed Scar. We lost the battle in the %0:s territory at %1:s... Our losses:
[StoryEvents.Event-DarkVallery-22].Desc-NonOwner;Rumors say that the mercenary Scar was spotted in the %0:s territory at %1:s.
[StoryEvents.Event-DarkVallery-23].Name;Scar Moves On
[StoryEvents.Event-DarkVallery-23].Desc-Owner;The mercenary Scar has been spotted in our %0:s territory at %1:s. Our garrison let him pass.
[StoryEvents.Event-DarkVallery-23].Desc-NonOwner;Rumors say that the mercenary Scar was spotted in the %0:s territory at %1:s.
[StoryEvents.Event-DarkVallery-24].Name;Scar Attacks the Territory Garrison
[StoryEvents.Event-DarkVallery-24].Desc-Owner;Our patrols encountered the mercenary nicknamed Scar. We lost the battle in the %0:s territory at %1:s... Our losses:
[StoryEvents.Event-DarkVallery-24].Desc-NonOwner;Rumors say that the mercenary Scar was spotted in the %0:s territory at %1:s.
[StoryEvents.Event-DarkVallery-25].Name;Scar Moves On
[StoryEvents.Event-DarkVallery-25].Desc-Owner;The mercenary Scar has been spotted in our %0:s territory at %1:s. Our garrison let him pass.
[StoryEvents.Event-DarkVallery-25].Desc-NonOwner;Rumors say that the mercenary Scar was spotted in the %0:s territory at %1:s.
[StoryEvents.Event-DarkVallery-26].Name;Scar Attacks the Territory Garrison
[StoryEvents.Event-DarkVallery-26].Desc-Owner;Our patrols encountered the mercenary nicknamed Scar. We lost the battle in the %0:s territory at %1:s... Our losses:
[StoryEvents.Event-DarkVallery-26].Desc-NonOwner;Rumors say that the mercenary Scar was spotted in the %0:s territory at %1:s.
[StoryEvents.Event-DarkVallery-27].Name;Scar Moves On
[StoryEvents.Event-DarkVallery-27].Desc-Owner;The mercenary Scar has been spotted in our %0:s territory at %1:s. Our garrison let him pass.
[StoryEvents.Event-DarkVallery-27].Desc-NonOwner;Rumors say that the mercenary Scar was spotted in the %0:s territory at %1:s.
[StoryEvents.Event-DarkVallery-28].Name;Scar Attacks the Territory Garrison
[StoryEvents.Event-DarkVallery-28].Desc-Owner;Our patrols encountered the mercenary nicknamed Scar. We lost the battle in the %0:s territory at %1:s... Our losses:
[StoryEvents.Event-DarkVallery-28].Desc-NonOwner;Rumors say that the mercenary Scar was spotted in the %0:s territory at %1:s.
[StoryEvents.Event-Garbage2-1].Name;Scar Moves On
[StoryEvents.Event-Garbage2-1].Desc-Owner;The mercenary Scar has been spotted in our %0:s territory at %1:s. Our garrison let him pass.
[StoryEvents.Event-Garbage2-1].Desc-NonOwner;Rumors say that the mercenary Scar was spotted in the %0:s territory at %1:s.
[StoryEvents.Event-Garbage2-2].Name;Scar Attacks the Territory Garrison
[StoryEvents.Event-Garbage2-2].Desc-Owner;Our patrols encountered the mercenary nicknamed Scar. We lost the battle in the %0:s territory at %1:s... Our losses:
[StoryEvents.Event-Garbage2-2].Desc-NonOwner;Rumors say that the mercenary Scar was spotted in the %0:s territory at %1:s.
[StoryEvents.Event-Garbage2-3].Name;Scar Moves On
[StoryEvents.Event-Garbage2-3].Desc-Owner;The mercenary Scar has been spotted in our %0:s territory at %1:s. Our garrison let him pass.
[StoryEvents.Event-Garbage2-3].Desc-NonOwner;Rumors say that the mercenary Scar was spotted in the %0:s territory at %1:s.
[StoryEvents.Event-Garbage2-4].Name;Scar Attacks the Territory Garrison
[StoryEvents.Event-Garbage2-4].Desc-Owner;Our patrols encountered the mercenary nicknamed Scar. We lost the battle in the %0:s territory at %1:s... Our losses:
[StoryEvents.Event-Garbage2-4].Desc-NonOwner;Rumors say that the mercenary Scar was spotted in the %0:s territory at %1:s.
[StoryEvents.Event-Garbage2-5].Name;Scar Moves On
[StoryEvents.Event-Garbage2-5].Desc-Owner;The mercenary Scar has been spotted in our %0:s territory at %1:s. Our garrison let him pass.
[StoryEvents.Event-Garbage2-5].Desc-NonOwner;Rumors say that the mercenary Scar was spotted in the %0:s territory at %1:s.
[StoryEvents.Event-Garbage2-6].Name;Scar Attacks the Territory Garrison
[StoryEvents.Event-Garbage2-6].Desc-Owner;Our patrols encountered the mercenary nicknamed Scar. We lost the battle in the %0:s territory at %1:s... Our losses:
[StoryEvents.Event-Garbage2-6].Desc-NonOwner;Rumors say that the mercenary Scar was spotted in the %0:s territory at %1:s.
[StoryEvents.Event-Garbage2-7].Name;Scar Moves On
[StoryEvents.Event-Garbage2-7].Desc-Owner;The mercenary Scar has been spotted in our %0:s territory at %1:s. Our garrison let him pass.
[StoryEvents.Event-Garbage2-7].Desc-NonOwner;Rumors say that the mercenary Scar was spotted in the %0:s territory at %1:s.
[StoryEvents.Event-Garbage2-8].Name;Scar Attacks the Territory Garrison
[StoryEvents.Event-Garbage2-8].Desc-Owner;Our patrols encountered the mercenary nicknamed Scar. We lost the battle in the %0:s territory at %1:s... Our losses:
[StoryEvents.Event-Garbage2-8].Desc-NonOwner;Rumors say that the mercenary Scar was spotted in the %0:s territory at %1:s.
[StoryEvents.Event-Garbage2-Advisor-1].Name;Avoska's Betrayal
[StoryEvents.Event-Garbage2-Advisor-1].Desc-Owner;Avoska betrayed us and was killed by the mercenary Scar... Information about our fighters was being leaked to the opposition. But no more of that.
[StoryEvents.Event-Garbage2-Advisor-1].Desc-NonOwner;A shootout occurred at %1:s location in which a certain Avoska died. It turns out this Avoska was leaking information about the Loners to the opposition, but now the spy is dead.
[StoryEvents.Event-Garbage2-9].Name;Scar Moves On
[StoryEvents.Event-Garbage2-9].Desc-Owner;The mercenary Scar has been spotted in our %0:s territory at %1:s. Our garrison let him pass.
[StoryEvents.Event-Garbage2-9].Desc-NonOwner;Rumors say that the mercenary Scar was spotted in the %0:s territory at %1:s.
[StoryEvents.Event-Garbage2-10].Name;Scar Attacks the Territory Garrison
[StoryEvents.Event-Garbage2-10].Desc-Owner;Our patrols encountered the mercenary nicknamed Scar. We lost the battle in the %0:s territory at %1:s... Our losses:
[StoryEvents.Event-Garbage2-10].Desc-NonOwner;Rumors say that the mercenary Scar was spotted in the %0:s territory at %1:s.
[StoryEvents.Event-Garbage2-11].Name;Scar Moves On
[StoryEvents.Event-Garbage2-11].Desc-Owner;The mercenary Scar has been spotted in our %0:s territory at %1:s. Our garrison let him pass.
[StoryEvents.Event-Garbage2-11].Desc-NonOwner;Rumors say that the mercenary Scar was spotted in the %0:s territory at %1:s.
[StoryEvents.Event-Garbage2-12].Name;Scar Attacks the Territory Garrison
[StoryEvents.Event-Garbage2-12].Desc-Owner;Our patrols encountered the mercenary nicknamed Scar. We lost the battle in the %0:s territory at %1:s... Our losses:
[StoryEvents.Event-Garbage2-12].Desc-NonOwner;Rumors say that the mercenary Scar was spotted in the %0:s territory at %1:s.
[StoryEvents.Event-Garbage2-13].Name;Scar Moves On
[StoryEvents.Event-Garbage2-13].Desc-Owner;The mercenary Scar has been spotted in our %0:s territory at %1:s. Our garrison let him pass.
[StoryEvents.Event-Garbage2-13].Desc-NonOwner;Rumors say that the mercenary Scar was spotted in the %0:s territory at %1:s.
[StoryEvents.Event-Garbage2-14].Name;Scar Attacks the Territory Garrison
[StoryEvents.Event-Garbage2-14].Desc-Owner;Our patrols encountered the mercenary nicknamed Scar. We lost the battle in the %0:s territory at %1:s... Our losses:
[StoryEvents.Event-Garbage2-14].Desc-NonOwner;Rumors say that the mercenary Scar was spotted in the %0:s territory at %1:s.
[StoryEvents.Event-Agroprom-1].Name;Scar Moves On
[StoryEvents.Event-Agroprom-1].Desc-Owner;The mercenary Scar has been spotted in our %0:s territory at %1:s. Our garrison let him pass.
[StoryEvents.Event-Agroprom-1].Desc-NonOwner;Rumors say that the mercenary Scar was spotted in the %0:s territory at %1:s.
[StoryEvents.Event-Agroprom-2].Name;Scar Attacks the Territory Garrison
[StoryEvents.Event-Agroprom-2].Desc-Owner;Our patrols encountered the mercenary nicknamed Scar. We lost the battle in the %0:s territory at %1:s... Our losses:
[StoryEvents.Event-Agroprom-2].Desc-NonOwner;Rumors say that the mercenary Scar was spotted in the %0:s territory at %1:s.
[StoryEvents.Event-Agroprom-3].Name;Scar Moves On
[StoryEvents.Event-Agroprom-3].Desc-Owner;The mercenary Scar has been spotted in our %0:s territory at %1:s. Our garrison let him pass.
[StoryEvents.Event-Agroprom-3].Desc-NonOwner;Rumors say that the mercenary Scar was spotted in the %0:s territory at %1:s.
[StoryEvents.Event-Agroprom-4].Name;Scar Attacks the Territory Garrison
[StoryEvents.Event-Agroprom-4].Desc-Owner;Our patrols encountered the mercenary nicknamed Scar. We lost the battle in the %0:s territory at %1:s... Our losses:
[StoryEvents.Event-Agroprom-4].Desc-NonOwner;Rumors say that the mercenary Scar was spotted in the %0:s territory at %1:s.
[StoryEvents.Event-Agroprom-5].Name;Scar Moves On
[StoryEvents.Event-Agroprom-5].Desc-Owner;The mercenary Scar has been spotted in our %0:s territory at %1:s. Our garrison let him pass.
[StoryEvents.Event-Agroprom-5].Desc-NonOwner;Rumors say that the mercenary Scar was spotted in the %0:s territory at %1:s.
[StoryEvents.Event-Agroprom-6].Name;Scar Attacks the Territory Garrison
[StoryEvents.Event-Agroprom-6].Desc-Owner;Our patrols encountered the mercenary nicknamed Scar. We lost the battle in the %0:s territory at %1:s... Our losses:
[StoryEvents.Event-Agroprom-6].Desc-NonOwner;Rumors say that the mercenary Scar was spotted in the %0:s territory at %1:s.
[StoryEvents.Event-Agroprom-7].Name;Scar Moves On
[StoryEvents.Event-Agroprom-7].Desc-Owner;The mercenary Scar has been spotted in our %0:s territory at %1:s. Our garrison let him pass.
[StoryEvents.Event-Agroprom-7].Desc-NonOwner;Rumors say that the mercenary Scar was spotted in the %0:s territory at %1:s.
[StoryEvents.Event-Agroprom-8].Name;Scar Attacks the Territory Garrison
[StoryEvents.Event-Agroprom-8].Desc-Owner;Our patrols encountered the mercenary nicknamed Scar. We lost the battle in the %0:s territory at %1:s... Our losses:
[StoryEvents.Event-Agroprom-8].Desc-NonOwner;Rumors say that the mercenary Scar was spotted in the %0:s territory at %1:s.
[StoryEvents.Event-Agroprom-9].Name;Scar Moves On
[StoryEvents.Event-Agroprom-9].Desc-Owner;The mercenary Scar has been spotted in our %0:s territory at %1:s. Our garrison let him pass.
[StoryEvents.Event-Agroprom-9].Desc-NonOwner;Rumors say that the mercenary Scar was spotted in the %0:s territory at %1:s.
[StoryEvents.Event-Agroprom-10].Name;Scar Attacks the Territory Garrison
[StoryEvents.Event-Agroprom-10].Desc-Owner;Our patrols encountered the mercenary nicknamed Scar. We lost the battle in the %0:s territory at %1:s... Our losses:
[StoryEvents.Event-Agroprom-10].Desc-NonOwner;Rumors say that the mercenary Scar was spotted in the %0:s territory at %1:s.
[StoryEvents.Event-Swamp-Advisor-1].Name;Doctor
[StoryEvents.Event-Swamp-Advisor-1].Desc-Owner;We managed to contact the legendary stalker Doctor... He is now available to the Loners faction as a candidate for deputy faction leader.
[StoryEvents.Event-Swamp-Advisor-1].Desc-NonOwner;The Loners faction managed to contact the legendary stalker Doctor... He is now available to them as a candidate for deputy faction leader.
[StoryEvents.Event-Agroprom-11].Name;Scar Moves On
[StoryEvents.Event-Agroprom-11].Desc-Owner;The mercenary Scar has been spotted in our %0:s territory at %1:s. Our garrison let him pass.
[StoryEvents.Event-Agroprom-11].Desc-NonOwner;Rumors say that the mercenary Scar was spotted in the %0:s territory at %1:s.
[StoryEvents.Event-Agroprom-12].Name;Scar Attacks the Territory Garrison
[StoryEvents.Event-Agroprom-12].Desc-Owner;Our patrols encountered the mercenary nicknamed Scar. We lost the battle in the %0:s territory at %1:s... Our losses:
[StoryEvents.Event-Agroprom-12].Desc-NonOwner;Rumors say that the mercenary Scar was spotted in the %0:s territory at %1:s.
[StoryEvents.Event-Agroprom-13].Name;Scar Moves On
[StoryEvents.Event-Agroprom-13].Desc-Owner;The mercenary Scar has been spotted in our %0:s territory at %1:s. Our garrison let him pass.
[StoryEvents.Event-Agroprom-13].Desc-NonOwner;Rumors say that the mercenary Scar was spotted in the %0:s territory at %1:s.
[StoryEvents.Event-Agroprom-14].Name;Scar Attacks the Territory Garrison
[StoryEvents.Event-Agroprom-14].Desc-Owner;Our patrols encountered the mercenary nicknamed Scar. We lost the battle in the %0:s territory at %1:s... Our losses:
[StoryEvents.Event-Agroprom-14].Desc-NonOwner;Rumors say that the mercenary Scar was spotted in the %0:s territory at %1:s.
[StoryEvents.Event-AgropromUndeground-0].Name;Scar Moves On
[StoryEvents.Event-AgropromUndeground-0].Desc-Owner;Our fighters reported that water noises are coming from the lower levels in the %0:s territory at %1:s! It seems Scar managed to flood the lower levels.
[StoryEvents.Event-AgropromUndeground-0].Desc-NonOwner;Rumors say that the mercenary Scar managed to flood the lower underground levels at the %1:s location.
[StoryEvents.Event-AgropromUndeground-1].Name;Scar Moves On
[StoryEvents.Event-AgropromUndeground-1].Desc-Owner;The mercenary Scar has been spotted in our %0:s territory at %1:s. Our garrison let him pass.
[StoryEvents.Event-AgropromUndeground-1].Desc-NonOwner;Rumors say that the mercenary Scar was spotted in the %0:s territory at %1:s.
[StoryEvents.Event-AgropromUndeground-2].Name;Scar Attacks the Territory Garrison
[StoryEvents.Event-AgropromUndeground-2].Desc-Owner;Our patrols encountered the mercenary nicknamed Scar. We lost the battle in the %0:s territory at %1:s... Our losses:
[StoryEvents.Event-AgropromUndeground-2].Desc-NonOwner;Rumors say that the mercenary Scar was spotted in the %0:s territory at %1:s.
[StoryEvents.Event-Agroprom-15].Name;Scar Moves On
[StoryEvents.Event-Agroprom-15].Desc-Owner;The mercenary Scar has been spotted in our %0:s territory at %1:s. Our garrison let him pass.
[StoryEvents.Event-Agroprom-15].Desc-NonOwner;Rumors say that the mercenary Scar was spotted in the %0:s territory at %1:s.
[StoryEvents.Event-Agroprom-16].Name;Scar Attacks the Territory Garrison
[StoryEvents.Event-Agroprom-16].Desc-Owner;Our patrols encountered the mercenary nicknamed Scar. We lost the battle in the %0:s territory at %1:s... Our losses:
[StoryEvents.Event-Agroprom-16].Desc-NonOwner;Rumors say that the mercenary Scar was spotted in the %0:s territory at %1:s.
[StoryEvents.Event-Agroprom-17].Name;Scar Moves On
[StoryEvents.Event-Agroprom-17].Desc-Owner;The mercenary Scar has been spotted in our %0:s territory at %1:s. Our garrison let him pass.
[StoryEvents.Event-Agroprom-17].Desc-NonOwner;Rumors say that the mercenary Scar was spotted in the %0:s territory at %1:s.
[StoryEvents.Event-Agroprom-18].Name;Scar Attacks the Territory Garrison
[StoryEvents.Event-Agroprom-18].Desc-Owner;Our patrols encountered the mercenary nicknamed Scar. We lost the battle in the %0:s territory at %1:s... Our losses:
[StoryEvents.Event-Agroprom-18].Desc-NonOwner;Rumors say that the mercenary Scar was spotted in the %0:s territory at %1:s.
[StoryEvents.Event-Agroprom-19].Name;Scar Moves On
[StoryEvents.Event-Agroprom-19].Desc-Owner;The mercenary Scar has been spotted in our %0:s territory at %1:s. Our garrison let him pass.
[StoryEvents.Event-Agroprom-19].Desc-NonOwner;Rumors say that the mercenary Scar was spotted in the %0:s territory at %1:s.
[StoryEvents.Event-Agroprom-20].Name;Scar Attacks the Territory Garrison
[StoryEvents.Event-Agroprom-20].Desc-Owner;Our patrols encountered the mercenary nicknamed Scar. We lost the battle in the %0:s territory at %1:s... Our losses:
[StoryEvents.Event-Agroprom-20].Desc-NonOwner;Rumors say that the mercenary Scar was spotted in the %0:s territory at %1:s.
[StoryEvents.Event-Yantar-1].Name;Scar Moves On
[StoryEvents.Event-Yantar-1].Desc-Owner;The mercenary Scar has been spotted in our %0:s territory at %1:s. Our garrison let him pass.
[StoryEvents.Event-Yantar-1].Desc-NonOwner;Rumors say that the mercenary Scar was spotted in the %0:s territory at %1:s.
[StoryEvents.Event-Yantar-2].Name;Scar Attacks the Territory Garrison
[StoryEvents.Event-Yantar-2].Desc-Owner;Our patrols encountered the mercenary nicknamed Scar. We lost the battle in the %0:s territory at %1:s... Our losses:
[StoryEvents.Event-Yantar-2].Desc-NonOwner;Rumors say that the mercenary Scar was spotted in the %0:s territory at %1:s.
[StoryEvents.Event-Yantar-3].Name;Scar Moves On
[StoryEvents.Event-Yantar-3].Desc-Owner;The mercenary Scar has been spotted in our %0:s territory at %1:s. Our garrison let him pass.
[StoryEvents.Event-Yantar-3].Desc-NonOwner;Rumors say that the mercenary Scar was spotted in the %0:s territory at %1:s.
[StoryEvents.Event-Yantar-4].Name;Scar Attacks the Territory Garrison
[StoryEvents.Event-Yantar-4].Desc-Owner;Our patrols encountered the mercenary nicknamed Scar. We lost the battle in the %0:s territory at %1:s... Our losses:
[StoryEvents.Event-Yantar-4].Desc-NonOwner;Rumors say that the mercenary Scar was spotted in the %0:s territory at %1:s.
[StoryEvents.Event-Yantar-5].Name;Scar Moves On
[StoryEvents.Event-Yantar-5].Desc-Owner;The mercenary Scar has been spotted in our %0:s territory at %1:s. Our garrison let him pass.
[StoryEvents.Event-Yantar-5].Desc-NonOwner;Rumors say that the mercenary Scar was spotted in the %0:s territory at %1:s.
[StoryEvents.Event-Yantar-6].Name;Scar Attacks the Territory Garrison
[StoryEvents.Event-Yantar-6].Desc-Owner;Our patrols encountered the mercenary nicknamed Scar. We lost the battle in the %0:s territory at %1:s... Our losses:
[StoryEvents.Event-Yantar-6].Desc-NonOwner;Rumors say that the mercenary Scar was spotted in the %0:s territory at %1:s.
[StoryEvents.Event-Monolith-01].Name;Monolith's Awakening 1
[StoryEvents.Event-Monolith-01].Desc-Owner;If you are seeing this event, it's a bug in event Event-Monolith-01
[StoryEvents.Event-Monolith-01].Desc-NonOwner;If you are seeing this event, it's a bug in event Event-Monolith-01
[StoryEvents.Event-Monolith-02].Name;Monolith's Awakening 2
[StoryEvents.Event-Monolith-02].Desc-Owner;If you are seeing this event, it's a bug in event Event-Monolith-02
[StoryEvents.Event-Monolith-02].Desc-NonOwner;If you are seeing this event, it's a bug in event Event-Monolith-02
[StoryEvents.Event-Monolith-03].Name;Monolith's Awakening 3
[StoryEvents.Event-Monolith-03].Desc-Owner;If you are seeing this event, it's a bug in event Event-Monolith-02
[StoryEvents.Event-Monolith-03].Desc-NonOwner;If you are seeing this event, it's a bug in event Event-Monolith-02
[StoryEvents.Event-Monolith-04].Name;Monolith's Awakening 4
[StoryEvents.Event-Monolith-04].Desc-Owner;If you are seeing this event, it's a bug in event Event-Monolith-02
[StoryEvents.Event-Monolith-04].Desc-NonOwner;If you are seeing this event, it's a bug in event Event-Monolith-02
[StoryEvents.Event-Monolith-05].Name;Monolith's Awakening 5
[StoryEvents.Event-Monolith-05].Desc-Owner;If you are seeing this event, it's a bug in event Event-Limansk-Monolith-Check-05
[StoryEvents.Event-Monolith-05].Desc-NonOwner;If you are seeing this event, it's a bug in event Event-Limansk-Monolith-Check-05
[StoryEvents.Event-Monolith-06].Name;Monolith's Awakening 6
[StoryEvents.Event-Monolith-06].Desc-Owner;If you are seeing this event, it's a bug in event Event-Limansk-Monolith-Check-06
[StoryEvents.Event-Monolith-06].Desc-NonOwner;If you are seeing this event, it's a bug in event Event-Limansk-Monolith-Check-06
[StoryEvents.Event-Monolith-07].Name;Support
[StoryEvents.Event-Monolith-07].Desc-Owner;The Monolith demands decisive action from us! We must take control of the Limansk territories!
[StoryEvents.Event-Monolith-07].Desc-NonOwner;If you are seeing this event, it's a bug in event Event-Monolith-07
[StoryEvents.Event-Yantar-7].Name;Scar is on the move
[StoryEvents.Event-Yantar-7].Desc-Owner;Mercenary Scar has been spotted in our territory %0:s at location %1:s. Our garrison let him through.
[StoryEvents.Event-Yantar-7].Desc-NonOwner;Rumors say that mercenary Scar was spotted in territory %0:s at location %1:s.
[StoryEvents.Event-Yantar-8].Name;Scar attacked the territory garrison
[StoryEvents.Event-Yantar-8].Desc-Owner;Our patrols encountered the mercenary known as Scar. We lost the engagement in territory %0:s at location %1:s... Our casualties:
[StoryEvents.Event-Yantar-8].Desc-NonOwner;Rumors say that mercenary Scar was spotted in territory %0:s at location %1:s.
[StoryEvents.Event-Yantar-9].Name;Scar is on the move
[StoryEvents.Event-Yantar-9].Desc-Owner;Mercenary Scar has been spotted in our territory %0:s at location %1:s. Our garrison let him through.
[StoryEvents.Event-Yantar-9].Desc-NonOwner;Rumors say that mercenary Scar was spotted in territory %0:s at location %1:s.
[StoryEvents.Event-Yantar-10].Name;Scar attacked the territory garrison
[StoryEvents.Event-Yantar-10].Desc-Owner;Our patrols encountered the mercenary known as Scar. We lost the engagement in territory %0:s at location %1:s... Our casualties:
[StoryEvents.Event-Yantar-10].Desc-NonOwner;Rumors say that mercenary Scar was spotted in territory %0:s at location %1:s.
[StoryEvents.Event-Yantar-11].Name;Scar is on the move
[StoryEvents.Event-Yantar-11].Desc-Owner;Mercenary Scar has been spotted in our territory %0:s at location %1:s. Our garrison let him through.
[StoryEvents.Event-Yantar-11].Desc-NonOwner;Rumors say that mercenary Scar was spotted in territory %0:s at location %1:s.
[StoryEvents.Event-Yantar-12].Name;Scar attacked the territory garrison
[StoryEvents.Event-Yantar-12].Desc-Owner;Our patrols encountered the mercenary known as Scar. We lost the engagement in territory %0:s at location %1:s... Our casualties:
[StoryEvents.Event-Yantar-12].Desc-NonOwner;Rumors say that mercenary Scar was spotted in territory %0:s at location %1:s.
[StoryEvents.Event-Yantar-13].Name;Scar is on the move
[StoryEvents.Event-Yantar-13].Desc-Owner;Mercenary Scar has been spotted in our territory %0:s at location %1:s. Our garrison let him through.
[StoryEvents.Event-Yantar-13].Desc-NonOwner;Rumors say that mercenary Scar was spotted in territory %0:s at location %1:s.
[StoryEvents.Event-Yantar-14].Name;Scar attacked the territory garrison
[StoryEvents.Event-Yantar-14].Desc-Owner;Our patrols encountered the mercenary known as Scar. We lost the engagement in territory %0:s at location %1:s... Our casualties:
[StoryEvents.Event-Yantar-14].Desc-NonOwner;Rumors say that mercenary Scar was spotted in territory %0:s at location %1:s.
[StoryEvents.Event-Yantar-15].Name;Scar is on the move
[StoryEvents.Event-Yantar-15].Desc-Owner;Mercenary Scar has been spotted in our territory %0:s at location %1:s. Our garrison let him through.
[StoryEvents.Event-Yantar-15].Desc-NonOwner;Rumors say that mercenary Scar was spotted in territory %0:s at location %1:s.
[StoryEvents.Event-Yantar-16].Name;Scar attacked the territory garrison
[StoryEvents.Event-Yantar-16].Desc-Owner;Our patrols encountered the mercenary known as Scar. We lost the engagement in territory %0:s at location %1:s... Our casualties:
[StoryEvents.Event-Yantar-16].Desc-NonOwner;Rumors say that mercenary Scar was spotted in territory %0:s at location %1:s.
[StoryEvents.Event-Yantar-17].Name;Scar is on the move
[StoryEvents.Event-Yantar-17].Desc-Owner;Mercenary Scar has been spotted in our territory %0:s at location %1:s. Our garrison let him through.
[StoryEvents.Event-Yantar-17].Desc-NonOwner;Rumors say that mercenary Scar was spotted in territory %0:s at location %1:s.
[StoryEvents.Event-Yantar-18].Name;Scar attacked the territory garrison
[StoryEvents.Event-Yantar-18].Desc-Owner;Our patrols encountered the mercenary known as Scar. We lost the engagement in territory %0:s at location %1:s... Our casualties:
[StoryEvents.Event-Yantar-18].Desc-NonOwner;Rumors say that mercenary Scar was spotted in territory %0:s at location %1:s.
[StoryEvents.Event-Yantar-19].Name;Scar is on the move
[StoryEvents.Event-Yantar-19].Desc-Owner;Mercenary Scar has been spotted in our territory %0:s at location %1:s. Our garrison let him through.
[StoryEvents.Event-Yantar-19].Desc-NonOwner;Rumors say that mercenary Scar was spotted in territory %0:s at location %1:s.
[StoryEvents.Event-Yantar-20].Name;Scar attacked the territory garrison
[StoryEvents.Event-Yantar-20].Desc-Owner;Our patrols encountered the mercenary known as Scar. We lost the engagement in territory %0:s at location %1:s... Our casualties:
[StoryEvents.Event-Yantar-20].Desc-NonOwner;Rumors say that mercenary Scar was spotted in territory %0:s at location %1:s.
[StoryEvents.Event-Yantar-21].Name;Scar is on the move
[StoryEvents.Event-Yantar-21].Desc-Owner;Mercenary Scar has been spotted in our territory %0:s at location %1:s. Our garrison let him through.
[StoryEvents.Event-Yantar-21].Desc-NonOwner;Rumors say that mercenary Scar was spotted in territory %0:s at location %1:s.
[StoryEvents.Event-Yantar-22].Name;Scar attacked the territory garrison
[StoryEvents.Event-Yantar-22].Desc-Owner;Our patrols encountered the mercenary known as Scar. We lost the engagement in territory %0:s at location %1:s... Our casualties:
[StoryEvents.Event-Yantar-22].Desc-NonOwner;Rumors say that mercenary Scar was spotted in territory %0:s at location %1:s.
[StoryEvents.Event-Yantar-23].Name;Scar is on the move
[StoryEvents.Event-Yantar-23].Desc-Owner;Mercenary Scar has been spotted in our territory %0:s at location %1:s. Our garrison let him through.
[StoryEvents.Event-Yantar-23].Desc-NonOwner;Rumors say that mercenary Scar was spotted in territory %0:s at location %1:s.
[StoryEvents.Event-Yantar-24].Name;Scar attacked the territory garrison
[StoryEvents.Event-Yantar-24].Desc-Owner;Our patrols encountered the mercenary known as Scar. We lost the engagement in territory %0:s at location %1:s... Our casualties:
[StoryEvents.Event-Yantar-24].Desc-NonOwner;Rumors say that mercenary Scar was spotted in territory %0:s at location %1:s.
[StoryEvents.Event-Yantar-PsyFix].Name;Cooling System
[StoryEvents.Event-Yantar-PsyFix].Desc-Owner;Our fighters reported that psi-emission at location %1:s has been significantly reduced! Scar managed to repair the cooling system.
[StoryEvents.Event-Yantar-PsyFix].Desc-NonOwner;Rumors say that mercenary Scar managed to repair the cooling system at location %1:s, and psi-emission has now noticeably decreased.
[StoryEvents.Event-Yantar-25].Name;Scar is on the move
[StoryEvents.Event-Yantar-25].Desc-Owner;Mercenary Scar has been spotted in our territory %0:s at location %1:s. Our garrison let him through.
[StoryEvents.Event-Yantar-25].Desc-NonOwner;Rumors say that mercenary Scar was spotted in territory %0:s at location %1:s.
[StoryEvents.Event-Yantar-26].Name;Scar attacked the territory garrison
[StoryEvents.Event-Yantar-26].Desc-Owner;Our patrols encountered the mercenary known as Scar. We lost the engagement in territory %0:s at location %1:s... Our casualties:
[StoryEvents.Event-Yantar-26].Desc-NonOwner;Rumors say that mercenary Scar was spotted in territory %0:s at location %1:s.
[StoryEvents.Event-Yantar-SpawnScientists].Name;Scientists Arrive
[StoryEvents.Event-Yantar-SpawnScientists].Desc-Owner;Due to recent events with the psi-installation, international organizations have decided to increase the scientific contingent in the Zone. We were forced to cede territory %0:s at location %1:s to them to avoid negative consequences.
[StoryEvents.Event-Yantar-SpawnScientists].Desc-NonOwner;Due to recent events with the psi-installation, international organizations have decided to increase the scientific contingent in the Zone. Territory %0:s at location %1:s has been handed over to them to serve as their main base.
[StoryEvents.Event-Yantar-InvasionScientists].Name;Scientists Arrive
[StoryEvents.Event-Yantar-InvasionScientists].Desc-Owner;Due to recent events with the psi-installation, international organizations have decided to increase the scientific contingent in the Zone. Our territory %0:s at location %1:s has become their target for a military operation.
[StoryEvents.Event-Yantar-InvasionScientists].Desc-NonOwner;Due to recent events with the psi-installation, international organizations have decided to increase the scientific contingent in the Zone. Territory %0:s at location %1:s has become their target for a military operation.
[StoryEvents.Event-RedForest1-1].Name;Scar is on the move
[StoryEvents.Event-RedForest1-1].Desc-Owner;Mercenary Scar has been spotted in our territory %0:s at location %1:s. Our garrison let him through.
[StoryEvents.Event-RedForest1-1].Desc-NonOwner;Rumors say that mercenary Scar was spotted in territory %0:s at location %1:s.
[StoryEvents.Event-RedForest1-2].Name;Scar attacked the territory garrison
[StoryEvents.Event-RedForest1-2].Desc-Owner;Our patrols encountered the mercenary known as Scar. We lost the engagement in territory %0:s at location %1:s... Our casualties:
[StoryEvents.Event-RedForest1-2].Desc-NonOwner;Rumors say that mercenary Scar was spotted in territory %0:s at location %1:s.
[StoryEvents.Event-Limansk-Freedom-Invasion].Name;Freedom Breakthrough
[StoryEvents.Event-Limansk-Freedom-Invasion].Desc-Owner;One of Freedom's squads managed to break through to us via some bypass routes. Our territory %0:s at location %1:s has become their target.
[StoryEvents.Event-Limansk-Freedom-Invasion].Desc-NonOwner;One of Freedom's squads managed to break through to territory %0:s at location %1:s via some bypass routes. A firefight ensued.
[StoryEvents.Event-Limansk-Duty-Invasion].Name;Duty Breakthrough
[StoryEvents.Event-Limansk-Duty-Invasion].Desc-Owner;One of Duty's squads managed to break through to us via some bypass routes. Our territory %0:s at location %1:s has become their target.
[StoryEvents.Event-Limansk-Duty-Invasion].Desc-NonOwner;One of Duty's squads managed to break through to territory %0:s at location %1:s via some bypass routes. A firefight ensued.
[StoryEvents.Event-RedForest1-3].Name;Scar is on the move
[StoryEvents.Event-RedForest1-3].Desc-Owner;Mercenary Scar has been spotted in our territory %0:s at location %1:s. Our garrison let him through.
[StoryEvents.Event-RedForest1-3].Desc-NonOwner;Rumors say that mercenary Scar was spotted in territory %0:s at location %1:s.
[StoryEvents.Event-RedForest1-4].Name;Scar attacked the territory garrison
[StoryEvents.Event-RedForest1-4].Desc-Owner;Our patrols encountered the mercenary known as Scar. We lost the engagement in territory %0:s at location %1:s... Our casualties:
[StoryEvents.Event-RedForest1-4].Desc-NonOwner;Rumors say that mercenary Scar was spotted in territory %0:s at location %1:s.
[StoryEvents.Event-Limansk-Mercenaries-Invasion].Name;Mercenaries Breakthrough
[StoryEvents.Event-Limansk-Mercenaries-Invasion].Desc-Owner;One of the Mercenaries' squads managed to break through to us via some bypass routes. Our territory %0:s at location %1:s has become their target.
[StoryEvents.Event-Limansk-Mercenaries-Invasion].Desc-NonOwner;One of the Mercenaries' squads managed to break through to territory %0:s at location %1:s via some bypass routes. A firefight ensued.
[StoryEvents.Event-RedForest1-5].Name;Scar is on the move
[StoryEvents.Event-RedForest1-5].Desc-Owner;Mercenary Scar has been spotted in our territory %0:s at location %1:s. Our garrison let him through.
[StoryEvents.Event-RedForest1-5].Desc-NonOwner;Rumors say that mercenary Scar was spotted in territory %0:s at location %1:s.
[StoryEvents.Event-RedForest1-6].Name;Scar attacked the territory garrison
[StoryEvents.Event-RedForest1-6].Desc-Owner;Our patrols encountered the mercenary known as Scar. We lost the engagement in territory %0:s at location %1:s... Our casualties:
[StoryEvents.Event-RedForest1-6].Desc-NonOwner;Rumors say that mercenary Scar was spotted in territory %0:s at location %1:s.
[StoryEvents.Event-Limansk-Soldiers-Invasion].Name;Military Breakthrough
[StoryEvents.Event-Limansk-Soldiers-Invasion].Desc-Owner;One of the Military squads managed to break through to us via some bypass routes. Our territory %0:s at location %1:s has become their target.
[StoryEvents.Event-Limansk-Soldiers-Invasion].Desc-NonOwner;One of the Military squads managed to break through to territory %0:s at location %1:s via some bypass routes. A firefight ensued.
[StoryEvents.Event-RedForest1-7].Name;Scar is on the move
[StoryEvents.Event-RedForest1-7].Desc-Owner;Mercenary Scar has been spotted in our territory %0:s at location %1:s. Our garrison let him through.
[StoryEvents.Event-RedForest1-7].Desc-NonOwner;Rumors say that mercenary Scar was spotted in territory %0:s at location %1:s.
[StoryEvents.Event-RedForest1-8].Name;Scar attacked the territory garrison
[StoryEvents.Event-RedForest1-8].Desc-Owner;Our patrols encountered the mercenary known as Scar. We lost the engagement in territory %0:s at location %1:s... Our casualties:
[StoryEvents.Event-RedForest1-8].Desc-NonOwner;Rumors say that mercenary Scar was spotted in territory %0:s at location %1:s.
[StoryEvents.Event-Limansk-Bandits-Invasion].Name;Bandits Breakthrough
[StoryEvents.Event-Limansk-Bandits-Invasion].Desc-Owner;One of the Bandits' squads managed to break through to us via some bypass routes. Our territory %0:s at location %1:s has become their target.
[StoryEvents.Event-Limansk-Bandits-Invasion].Desc-NonOwner;One of the Bandits' squads managed to break through to territory %0:s at location %1:s via some bypass routes. A firefight ensued.
[StoryEvents.Event-RedForest1-9].Name;Scar is on the move
[StoryEvents.Event-RedForest1-9].Desc-Owner;Mercenary Scar has been spotted in our territory %0:s at location %1:s. Our garrison let him through.
[StoryEvents.Event-RedForest1-9].Desc-NonOwner;Rumors say that mercenary Scar was spotted in territory %0:s at location %1:s.
[StoryEvents.Event-RedForest1-10].Name;Scar attacked the territory garrison
[StoryEvents.Event-RedForest1-10].Desc-Owner;Our patrols encountered the mercenary known as Scar. We lost the engagement in territory %0:s at location %1:s... Our casualties:
[StoryEvents.Event-RedForest1-10].Desc-NonOwner;Rumors say that mercenary Scar was spotted in territory %0:s at location %1:s.
[StoryEvents.Event-RedForest1-11].Name;Scar is on the move
[StoryEvents.Event-RedForest1-11].Desc-Owner;Mercenary Scar has been spotted in our territory %0:s at location %1:s. Our garrison let him through.
[StoryEvents.Event-RedForest1-11].Desc-NonOwner;Rumors say that mercenary Scar was spotted in territory %0:s at location %1:s.
[StoryEvents.Event-RedForest1-12].Name;Scar attacked the territory garrison
[StoryEvents.Event-RedForest1-12].Desc-Owner;Our patrols encountered the mercenary known as Scar. We lost the engagement in territory %0:s at location %1:s... Our casualties:
[StoryEvents.Event-RedForest1-12].Desc-NonOwner;Rumors say that mercenary Scar was spotted in territory %0:s at location %1:s.
[StoryEvents.Event-RedForest1-13].Name;Scar is on the move
[StoryEvents.Event-RedForest1-13].Desc-Owner;Mercenary Scar has been spotted in our territory %0:s at location %1:s. Our garrison let him through.
[StoryEvents.Event-RedForest1-13].Desc-NonOwner;Rumors say that mercenary Scar was spotted in territory %0:s at location %1:s.
[StoryEvents.Event-RedForest1-14].Name;Scar attacked the territory garrison
[StoryEvents.Event-RedForest1-14].Desc-Owner;Our patrols encountered the mercenary known as Scar. We lost the engagement in territory %0:s at location %1:s... Our casualties:
[StoryEvents.Event-RedForest1-14].Desc-NonOwner;Rumors say that mercenary Scar was spotted in territory %0:s at location %1:s.
[StoryEvents.Event-RedForest1-15].Name;Scar is on the move
[StoryEvents.Event-RedForest1-15].Desc-Owner;Mercenary Scar has been spotted in our territory %0:s at location %1:s. Our garrison let him through.
[StoryEvents.Event-RedForest1-15].Desc-NonOwner;Rumors say that mercenary Scar was spotted in territory %0:s at location %1:s.
[StoryEvents.Event-RedForest1-16].Name;Scar attacked the territory garrison
[StoryEvents.Event-RedForest1-16].Desc-Owner;Our patrols encountered the mercenary known as Scar. We lost the engagement in territory %0:s at location %1:s... Our casualties:
[StoryEvents.Event-RedForest1-16].Desc-NonOwner;Rumors say that mercenary Scar was spotted in territory %0:s at location %1:s.
[StoryEvents.Event-RedForest1-17].Name;Scar is on the move
[StoryEvents.Event-RedForest1-17].Desc-Owner;Mercenary Scar has been spotted in our territory %0:s at location %1:s. Our garrison let him through.
[StoryEvents.Event-RedForest1-17].Desc-NonOwner;Rumors say that mercenary Scar was spotted in territory %0:s at location %1:s.
[StoryEvents.Event-RedForest1-18].Name;Scar attacked the territory garrison
[StoryEvents.Event-RedForest1-18].Desc-Owner;Our patrols encountered the mercenary known as Scar. We lost the engagement in territory %0:s at location %1:s... Our casualties:
[StoryEvents.Event-RedForest1-18].Desc-NonOwner;Rumors say that mercenary Scar was spotted in territory %0:s at location %1:s.
[StoryEvents.Event-RedForest1-19].Name;Scar is on the move
[StoryEvents.Event-RedForest1-19].Desc-Owner;Mercenary Scar has been spotted in our territory %0:s at location %1:s. Our garrison let him through.
[StoryEvents.Event-RedForest1-19].Desc-NonOwner;Rumors say that mercenary Scar was spotted in territory %0:s at location %1:s.
[StoryEvents.Event-RedForest1-20].Name;Scar attacked the territory garrison
[StoryEvents.Event-RedForest1-20].Desc-Owner;Our patrols encountered the mercenary known as Scar. We lost the engagement in territory %0:s at location %1:s... Our casualties:
[StoryEvents.Event-RedForest1-20].Desc-NonOwner;Rumors say that mercenary Scar was spotted in territory %0:s at location %1:s.
[StoryEvents.Event-RedForest1-21].Name;Scar is on the move
[StoryEvents.Event-RedForest1-21].Desc-Owner;Mercenary Scar has been spotted in our territory %0:s at location %1:s. Our garrison let him through.
[StoryEvents.Event-RedForest1-21].Desc-NonOwner;Rumors say that mercenary Scar was spotted in territory %0:s at location %1:s.
[StoryEvents.Event-RedForest1-22].Name;Scar attacked the territory garrison
[StoryEvents.Event-RedForest1-22].Desc-Owner;Our patrols encountered the mercenary known as Scar. We lost the engagement in territory %0:s at location %1:s... Our casualties:
[StoryEvents.Event-RedForest1-22].Desc-NonOwner;Rumors say that mercenary Scar was spotted in territory %0:s at location %1:s.
[StoryEvents.Event-RedForest1-23].Name;Scar is on the move
[StoryEvents.Event-RedForest1-23].Desc-Owner;Mercenary Scar has been spotted in our territory %0:s at location %1:s. Our garrison let him through.
[StoryEvents.Event-RedForest1-23].Desc-NonOwner;Rumors say that mercenary Scar was spotted in territory %0:s at location %1:s.
[StoryEvents.Event-RedForest1-24].Name;Scar attacked the territory garrison
[StoryEvents.Event-RedForest1-24].Desc-Owner;Our patrols encountered the mercenary known as Scar. We lost the engagement in territory %0:s at location %1:s... Our casualties:
[StoryEvents.Event-RedForest1-24].Desc-NonOwner;Rumors say that mercenary Scar was spotted in territory %0:s at location %1:s.
[StoryEvents.Event-RedForest1-25].Name;Scar is on the move
[StoryEvents.Event-RedForest1-25].Desc-Owner;Mercenary Scar has been spotted in our territory %0:s at location %1:s. Our garrison let him through.
[StoryEvents.Event-RedForest1-25].Desc-NonOwner;Rumors say that mercenary Scar was spotted in territory %0:s at location %1:s.
[StoryEvents.Event-RedForest1-26].Name;Scar attacked the territory garrison
[StoryEvents.Event-RedForest1-26].Desc-Owner;Our patrols encountered the mercenary known as Scar. We lost the engagement in territory %0:s at location %1:s... Our casualties:
[StoryEvents.Event-RedForest1-26].Desc-NonOwner;Rumors say that mercenary Scar was spotted in territory %0:s at location %1:s.
[StoryEvents.Event-Military-SpawnMercenaries].Name;Mercenary Squad
[StoryEvents.Event-Military-SpawnMercenaries].Desc-Owner;Under an old agreement with a small Mercenary group, we were forced to cede one of our territories. The Mercenaries now control territory %0:s at location %1:s!
[StoryEvents.Event-Military-SpawnMercenaries].Desc-NonOwner;According to our scouts, territory %0:s at location %1:s is now controlled by the Mercenary faction.
[StoryEvents.Event-Military-InvasionMercenaries].Name;Mercenary Squad
[StoryEvents.Event-Military-InvasionMercenaries].Desc-Owner;A Mercenary squad is assaulting our territory %0:s at location %1:s!
[StoryEvents.Event-Military-InvasionMercenaries].Desc-NonOwner;A Mercenary squad is assaulting territory %0:s at location %1:s.
[StoryEvents.Event-Military1-1].Name;Scar is on the move
[StoryEvents.Event-Military1-1].Desc-Owner;Mercenary Scar has been spotted in our territory %0:s at location %1:s. Our garrison let him through.
[StoryEvents.Event-Military1-1].Desc-NonOwner;Rumors say that mercenary Scar was spotted in territory %0:s at location %1:s.
[StoryEvents.Event-Military1-2].Name;Scar attacked the territory garrison
[StoryEvents.Event-Military1-2].Desc-Owner;Our patrols encountered the mercenary known as Scar. We lost the engagement in territory %0:s at location %1:s... Our casualties:
[StoryEvents.Event-Military1-2].Desc-NonOwner;Rumors say that mercenary Scar was spotted in territory %0:s at location %1:s.
[StoryEvents.Event-RedForest-Renegats-Spawn].Name;Renegade Squad
[StoryEvents.Event-RedForest-Renegats-Spawn].Desc-Owner;Under an old agreement with the Renegade faction, we were forced to cede one of our territories. The Renegades now control territory %0:s at location %1:s!
[StoryEvents.Event-RedForest-Renegats-Spawn].Desc-NonOwner;According to our scouts, territory %0:s at location %1:s is now controlled by the Renegade faction.
[StoryEvents.Event-RedForest-Renegats-Invasion].Name;Renegade Breakthrough
[StoryEvents.Event-RedForest-Renegats-Invasion].Desc-Owner;One of the Renegade squads managed to break through to us via some bypass routes. Our territory %0:s at location %1:s has become their target.
[StoryEvents.Event-RedForest-Renegats-Invasion].Desc-NonOwner;One of the Renegade squads managed to break through to territory %0:s at location %1:s via some bypass routes. A firefight ensued.
[StoryEvents.Event-Military1-3].Name;Scar is on the move
[StoryEvents.Event-Military1-3].Desc-Owner;Mercenary Scar has been spotted in our territory %0:s at location %1:s. Our garrison let him through.
[StoryEvents.Event-Military1-3].Desc-NonOwner;Rumors say that mercenary Scar was spotted in territory %0:s at location %1:s.
[StoryEvents.Event-Military1-4].Name;Scar attacked the territory garrison
[StoryEvents.Event-Military1-4].Desc-Owner;Our patrols encountered the mercenary known as Scar. We lost the engagement in territory %0:s at location %1:s... Our casualties:
[StoryEvents.Event-Military1-4].Desc-NonOwner;Rumors say that mercenary Scar was spotted in territory %0:s at location %1:s.
[StoryEvents.Event-Military1-5].Name;Scar is on the move
[StoryEvents.Event-Military1-5].Desc-Owner;Mercenary Scar has been spotted in our territory %0:s at location %1:s. Our garrison let him through.
[StoryEvents.Event-Military1-5].Desc-NonOwner;Rumors say that mercenary Scar was spotted in territory %0:s at location %1:s.
[StoryEvents.Event-Military1-6].Name;Scar attacked the territory garrison
[StoryEvents.Event-Military1-6].Desc-Owner;Our patrols encountered the mercenary known as Scar. We lost the engagement in territory %0:s at location %1:s... Our casualties:
[StoryEvents.Event-Military1-6].Desc-NonOwner;Rumors say that mercenary Scar was spotted in territory %0:s at location %1:s.
[StoryEvents.Event-RedForest2-1].Name;Scar is on the move
[StoryEvents.Event-RedForest2-1].Desc-Owner;Mercenary Scar has been spotted in our territory %0:s at location %1:s. Our garrison let him through.
[StoryEvents.Event-RedForest2-1].Desc-NonOwner;Rumors say that mercenary Scar was spotted in territory %0:s at location %1:s.
[StoryEvents.Event-RedForest2-2].Name;Scar attacked the territory garrison
[StoryEvents.Event-RedForest2-2].Desc-Owner;Our patrols encountered the mercenary known as Scar. We lost the engagement in territory %0:s at location %1:s... Our casualties:
[StoryEvents.Event-RedForest2-2].Desc-NonOwner;Rumors say that mercenary Scar was spotted in territory %0:s at location %1:s.
[StoryEvents.Event-RedForest2-3].Name;Scar is on the move
[StoryEvents.Event-RedForest2-3].Desc-Owner;Mercenary Scar has been spotted in our territory %0:s at location %1:s. Our garrison let him through.
[StoryEvents.Event-RedForest2-3].Desc-NonOwner;Rumors say that mercenary Scar was spotted in territory %0:s at location %1:s.
[StoryEvents.Event-RedForest2-4].Name;Scar attacked the territory garrison
[StoryEvents.Event-RedForest2-4].Desc-Owner;Our patrols encountered the mercenary known as Scar. We lost the engagement in territory %0:s at location %1:s... Our casualties:
[StoryEvents.Event-RedForest2-4].Desc-NonOwner;Rumors say that mercenary Scar was spotted in territory %0:s at location %1:s.
[StoryEvents.Event-RedForest2-5].Name;Scar is on the move
[StoryEvents.Event-RedForest2-5].Desc-Owner;Mercenary Scar has been spotted in our territory %0:s at location %1:s. Our garrison let him through.
[StoryEvents.Event-RedForest2-5].Desc-NonOwner;Rumors say that mercenary Scar was spotted in territory %0:s at location %1:s.
[StoryEvents.Event-RedForest2-6].Name;Scar attacked the territory garrison
[StoryEvents.Event-RedForest2-6].Desc-Owner;Our patrols encountered the mercenary known as Scar. We lost the engagement in territory %0:s at location %1:s... Our casualties:
[StoryEvents.Event-RedForest2-6].Desc-NonOwner;Rumors say that mercenary Scar was spotted in territory %0:s at location %1:s.
[StoryEvents.Event-RedForest2-7].Name;Scar is on the move
[StoryEvents.Event-RedForest2-7].Desc-Owner;Mercenary Scar has been spotted in our territory %0:s at location %1:s. Our garrison let him through.
[StoryEvents.Event-RedForest2-7].Desc-NonOwner;Rumors say that mercenary Scar was spotted in territory %0:s at location %1:s.
[StoryEvents.Event-RedForest2-8].Name;Scar attacked the territory garrison
[StoryEvents.Event-RedForest2-8].Desc-Owner;Our patrols encountered the mercenary known as Scar. We lost the engagement in territory %0:s at location %1:s... Our casualties:
[StoryEvents.Event-RedForest2-8].Desc-NonOwner;Rumors say that mercenary Scar was spotted in territory %0:s at location %1:s.
[StoryEvents.Event-RedForest2-9].Name;Scar is on the move
[StoryEvents.Event-RedForest2-9].Desc-Owner;Mercenary Scar has been spotted in our territory %0:s at location %1:s. Our garrison let him through.
[StoryEvents.Event-RedForest2-9].Desc-NonOwner;Rumors say that mercenary Scar was spotted in territory %0:s at location %1:s.
[StoryEvents.Event-RedForest2-10].Name;Scar attacked the territory garrison
[StoryEvents.Event-RedForest2-10].Desc-Owner;Our patrols encountered the mercenary known as Scar. We lost the engagement in territory %0:s at location %1:s... Our casualties:
[StoryEvents.Event-RedForest2-10].Desc-NonOwner;Rumors say that mercenary Scar was spotted in territory %0:s at location %1:s.
[StoryEvents.Event-RedForest2-11].Name;Scar is on the move
[StoryEvents.Event-RedForest2-11].Desc-Owner;Mercenary Scar has been spotted in our territory %0:s at location %1:s. Our garrison let him through.
[StoryEvents.Event-RedForest2-11].Desc-NonOwner;Rumors say that mercenary Scar was spotted in territory %0:s at location %1:s.
[StoryEvents.Event-RedForest2-12].Name;Scar attacked the territory garrison
[StoryEvents.Event-RedForest2-12].Desc-Owner;Our patrols encountered the mercenary known as Scar. We lost the engagement in territory %0:s at location %1:s... Our casualties:
[StoryEvents.Event-RedForest2-12].Desc-NonOwner;Rumors say that mercenary Scar was spotted in territory %0:s at location %1:s.
[StoryEvents.Event-RedForest2-13].Name;Scar is on the move
[StoryEvents.Event-RedForest2-13].Desc-Owner;Mercenary Scar has been spotted in our territory %0:s at location %1:s. Our garrison let him through.
[StoryEvents.Event-RedForest2-13].Desc-NonOwner;Rumors say that mercenary Scar was spotted in territory %0:s at location %1:s.
[StoryEvents.Event-RedForest2-14].Name;Scar attacked the territory garrison
[StoryEvents.Event-RedForest2-14].Desc-Owner;Our patrols encountered the mercenary known as Scar. We lost the engagement in territory %0:s at location %1:s... Our casualties:
[StoryEvents.Event-RedForest2-14].Desc-NonOwner;Rumors say that mercenary Scar was spotted in territory %0:s at location %1:s.
[StoryEvents.Event-RedForest2-15].Name;Scar is on the move
[StoryEvents.Event-RedForest2-15].Desc-Owner;Mercenary Scar has been spotted in our territory %0:s at location %1:s. Our garrison let him through.
[StoryEvents.Event-RedForest2-15].Desc-NonOwner;Rumors say that mercenary Scar was spotted in territory %0:s at location %1:s.
[StoryEvents.Event-RedForest2-16].Name;Scar attacked the territory garrison
[StoryEvents.Event-RedForest2-16].Desc-Owner;Our patrols encountered the mercenary known as Scar. We lost the engagement in territory %0:s at location %1:s... Our casualties:
[StoryEvents.Event-RedForest2-16].Desc-NonOwner;Rumors say that mercenary Scar was spotted in territory %0:s at location %1:s.
[StoryEvents.Event-RedForest2-17].Name;Scar is on the move
[StoryEvents.Event-RedForest2-17].Desc-Owner;Mercenary Scar has been spotted in our territory %0:s at location %1:s. Our garrison let him through.
[StoryEvents.Event-RedForest2-17].Desc-NonOwner;Rumors say that mercenary Scar was spotted in territory %0:s at location %1:s.
[StoryEvents.Event-RedForest2-18].Name;Scar attacked the territory garrison
[StoryEvents.Event-RedForest2-18].Desc-Owner;Our patrols encountered the mercenary known as Scar. We lost the engagement in territory %0:s at location %1:s... Our casualties:
[StoryEvents.Event-RedForest2-18].Desc-NonOwner;Rumors say that mercenary Scar was spotted in territory %0:s at location %1:s.
[StoryEvents.Event-Military2-1].Name;Scar is on the move
[StoryEvents.Event-Military2-1].Desc-Owner;Mercenary Scar has been spotted in our territory %0:s at location %1:s. Our garrison let him through.
[StoryEvents.Event-Military2-1].Desc-NonOwner;Rumors say that mercenary Scar was spotted in territory %0:s at location %1:s.
[StoryEvents.Event-Military2-2].Name;Scar attacked the territory garrison
[StoryEvents.Event-Military2-2].Desc-Owner;Our patrols encountered the mercenary known as Scar. We lost the engagement in territory %0:s at location %1:s... Our casualties:
[StoryEvents.Event-Military2-2].Desc-NonOwner;Rumors say that mercenary Scar was spotted in territory %0:s at location %1:s.
[StoryEvents.Event-Military2-3].Name;Scar is on the move
[StoryEvents.Event-Military2-3].Desc-Owner;Mercenary Scar has been spotted in our territory %0:s at location %1:s. Our garrison let him through.
[StoryEvents.Event-Military2-3].Desc-NonOwner;Rumors say that mercenary Scar was spotted in territory %0:s at location %1:s.
[StoryEvents.Event-Military2-4].Name;Scar attacked the territory garrison
[StoryEvents.Event-Military2-4].Desc-Owner;Our patrols encountered the mercenary known as Scar. We lost the engagement in territory %0:s at location %1:s... Our casualties:
[StoryEvents.Event-Military2-4].Desc-NonOwner;Rumors say that mercenary Scar was spotted in territory %0:s at location %1:s.
[StoryEvents.Event-Military2-5].Name;Scar is on the move
[StoryEvents.Event-Military2-5].Desc-Owner;Mercenary Scar has been spotted in our territory %0:s at location %1:s. Our garrison let him through.
[StoryEvents.Event-Military2-5].Desc-NonOwner;Rumors say that mercenary Scar was spotted in territory %0:s at location %1:s.
[StoryEvents.Event-Military2-6].Name;Scar attacked the territory garrison
[StoryEvents.Event-Military2-6].Desc-Owner;Our patrols encountered the mercenary known as Scar. We lost the engagement in territory %0:s at location %1:s... Our casualties:
[StoryEvents.Event-Military2-6].Desc-NonOwner;Rumors say that mercenary Scar was spotted in territory %0:s at location %1:s.
[StoryEvents.Event-Military2-7].Name;Scar is on the move
[StoryEvents.Event-Military2-7].Desc-Owner;Mercenary Scar has been spotted in our territory %0:s at location %1:s. Our garrison let him through.
[StoryEvents.Event-Military2-7].Desc-NonOwner;Rumors say that mercenary Scar was spotted in territory %0:s at location %1:s.
[StoryEvents.Event-Military2-8].Name;Scar attacked the territory garrison
[StoryEvents.Event-Military2-8].Desc-Owner;Our patrols encountered the mercenary known as Scar. We lost the engagement in territory %0:s at location %1:s... Our casualties:
[StoryEvents.Event-Military2-8].Desc-NonOwner;Rumors say that mercenary Scar was spotted in territory %0:s at location %1:s.
[StoryEvents.Event-Military2-9].Name;Scar is on the move
[StoryEvents.Event-Military2-9].Desc-Owner;Mercenary Scar has been spotted in our territory %0:s at location %1:s. Our garrison let him through.
[StoryEvents.Event-Military2-9].Desc-NonOwner;Rumors say that mercenary Scar was spotted in territory %0:s at location %1:s.
[StoryEvents.Event-Military2-10].Name;Scar attacked the territory garrison
[StoryEvents.Event-Military2-10].Desc-Owner;Our patrols encountered the mercenary known as Scar. We lost the engagement in territory %0:s at location %1:s... Our casualties:
[StoryEvents.Event-Military2-10].Desc-NonOwner;Rumors say that mercenary Scar was spotted in territory %0:s at location %1:s.
[StoryEvents.Event-Military2-11].Name;Scar is on the move
[StoryEvents.Event-Military2-11].Desc-Owner;Mercenary Scar has been spotted in our territory %0:s at location %1:s. Our garrison let him through.
[StoryEvents.Event-Military2-11].Desc-NonOwner;Rumors say that mercenary Scar was spotted in territory %0:s at location %1:s.
[StoryEvents.Event-Military2-12].Name;Scar attacked the territory garrison
[StoryEvents.Event-Military2-12].Desc-Owner;Our patrols encountered the mercenary known as Scar. We lost the engagement in territory %0:s at location %1:s... Our casualties:
[StoryEvents.Event-Military2-12].Desc-NonOwner;Rumors say that mercenary Scar was spotted in territory %0:s at location %1:s.
[StoryEvents.Event-Military2-13].Name;Scar is on the move
[StoryEvents.Event-Military2-13].Desc-Owner;Mercenary Scar has been spotted in our territory %0:s at location %1:s. Our garrison let him through.
[StoryEvents.Event-Military2-13].Desc-NonOwner;Rumors say that mercenary Scar was spotted in territory %0:s at location %1:s.
[StoryEvents.Event-Military2-14].Name;Scar attacked the territory garrison
[StoryEvents.Event-Military2-14].Desc-Owner;Our patrols encountered the mercenary known as Scar. We lost the engagement in territory %0:s at location %1:s... Our casualties:
[StoryEvents.Event-Military2-14].Desc-NonOwner;Rumors say that mercenary Scar was spotted in territory %0:s at location %1:s.
[StoryEvents.Event-Military2-15].Name;Scar is on the move
[StoryEvents.Event-Military2-15].Desc-Owner;Mercenary Scar has been spotted in our territory %0:s at location %1:s. Our garrison let him through.
[StoryEvents.Event-Military2-15].Desc-NonOwner;Rumors say that mercenary Scar was spotted in territory %0:s at location %1:s.
[StoryEvents.Event-Military2-16].Name;Scar attacked the territory garrison
[StoryEvents.Event-Military2-16].Desc-Owner;Our patrols encountered the mercenary known as Scar. We lost the engagement in territory %0:s at location %1:s... Our casualties:
[StoryEvents.Event-Military2-16].Desc-NonOwner;Rumors say that mercenary Scar was spotted in territory %0:s at location %1:s.
[StoryEvents.Event-Military2-17].Name;Scar is on the move
[StoryEvents.Event-Military2-17].Desc-Owner;Mercenary Scar has been spotted in our territory %0:s at location %1:s. Our garrison let him through.
[StoryEvents.Event-Military2-17].Desc-NonOwner;Rumors say that mercenary Scar was spotted in territory %0:s at location %1:s.
[StoryEvents.Event-Military2-18].Name;Scar attacked the territory garrison
[StoryEvents.Event-Military2-18].Desc-Owner;Our patrols encountered the mercenary known as Scar. We lost the engagement in territory %0:s at location %1:s... Our casualties:
[StoryEvents.Event-Military2-18].Desc-NonOwner;Rumors say that mercenary Scar was spotted in territory %0:s at location %1:s.
[StoryEvents.Event-Military2-19].Name;Scar is on the move
[StoryEvents.Event-Military2-19].Desc-Owner;Mercenary Scar has been spotted in our territory %0:s at location %1:s. Our garrison let him through.
[StoryEvents.Event-Military2-19].Desc-NonOwner;Rumors say that mercenary Scar was spotted in territory %0:s at location %1:s.
[StoryEvents.Event-Military2-20].Name;Scar attacked the territory garrison
[StoryEvents.Event-Military2-20].Desc-Owner;Our patrols encountered the mercenary known as Scar. We lost the engagement in territory %0:s at location %1:s... Our casualties:
[StoryEvents.Event-Military2-20].Desc-NonOwner;Rumors say that mercenary Scar was spotted in territory %0:s at location %1:s.
[StoryEvents.Event-RedForest3-SpawnClearSky].Name;Clear Sky Squad
[StoryEvents.Event-RedForest3-SpawnClearSky].Desc-Owner;Due to external pressure, we were forced to hand over one of our territories to the Clear Sky faction. Clear Sky now controls territory %0:s at location %1:s!
[StoryEvents.Event-RedForest3-SpawnClearSky].Desc-NonOwner;According to our scouts, territory %0:s at location %1:s is now controlled by the Clear Sky faction.
[StoryEvents.Event-RedForest3-InvasionClearSky].Name;Clear Sky Squad
[StoryEvents.Event-RedForest3-InvasionClearSky].Desc-Owner;A Clear Sky squad is assaulting our territory %0:s at location %1:s!
[StoryEvents.Event-RedForest3-InvasionClearSky].Desc-NonOwner;A Clear Sky squad is assaulting territory %0:s at location %1:s.
[StoryEvents.Event-RedForest3-1].Name;Scar is on the move
[StoryEvents.Event-RedForest3-1].Desc-Owner;Mercenary Scar has been spotted in our territory %0:s at location %1:s. Our garrison let him through.
[StoryEvents.Event-RedForest3-1].Desc-NonOwner;Rumors say that mercenary Scar was spotted in territory %0:s at location %1:s.
[StoryEvents.Event-RedForest3-2].Name;Scar attacked the territory garrison
[StoryEvents.Event-RedForest3-2].Desc-Owner;Our patrols encountered the mercenary known as Scar. We lost the engagement in territory %0:s at location %1:s... Our casualties:
[StoryEvents.Event-RedForest3-2].Desc-NonOwner;Rumors say that mercenary Scar was spotted in territory %0:s at location %1:s.
[StoryEvents.Event-RedForest3-3].Name;Scar is on the move
[StoryEvents.Event-RedForest3-3].Desc-Owner;Mercenary Scar has been spotted in our territory %0:s at location %1:s. Our garrison let him through.
[StoryEvents.Event-RedForest3-3].Desc-NonOwner;Rumors say that mercenary Scar was spotted in territory %0:s at location %1:s.
[StoryEvents.Event-RedForest3-4].Name;Scar attacked the territory garrison
[StoryEvents.Event-RedForest3-4].Desc-Owner;Our patrols encountered the mercenary known as Scar. We lost the engagement in territory %0:s at location %1:s... Our casualties:
[StoryEvents.Event-RedForest3-4].Desc-NonOwner;Rumors say that mercenary Scar was spotted in territory %0:s at location %1:s.
[StoryEvents.Event-RedForest3-5].Name;Scar is on the move
[StoryEvents.Event-RedForest3-5].Desc-Owner;Mercenary Scar has been spotted in our territory %0:s at location %1:s. Our garrison let him through.
[StoryEvents.Event-RedForest3-5].Desc-NonOwner;Rumors say that mercenary Scar was spotted in territory %0:s at location %1:s.
[StoryEvents.Event-RedForest3-6].Name;Scar attacked the territory garrison
[StoryEvents.Event-RedForest3-6].Desc-Owner;Our patrols encountered the mercenary known as Scar. We lost the engagement in territory %0:s at location %1:s... Our casualties:
[StoryEvents.Event-RedForest3-6].Desc-NonOwner;Rumors say that mercenary Scar was spotted in territory %0:s at location %1:s.
[StoryEvents.Event-RedForest3-7].Name;Scar is on the move
[StoryEvents.Event-RedForest3-7].Desc-Owner;Mercenary Scar has been spotted in our territory %0:s at location %1:s. Our garrison let him through.
[StoryEvents.Event-RedForest3-7].Desc-NonOwner;Rumors say that mercenary Scar was spotted in territory %0:s at location %1:s.
[StoryEvents.Event-RedForest3-8].Name;Scar attacked the territory garrison
[StoryEvents.Event-RedForest3-8].Desc-Owner;Our patrols encountered the mercenary known as Scar. We lost the engagement in territory %0:s at location %1:s... Our casualties:
[StoryEvents.Event-RedForest3-8].Desc-NonOwner;Rumors say that mercenary Scar was spotted in territory %0:s at location %1:s.
[StoryEvents.Event-RedForest3-9].Name;Scar is on the move
[StoryEvents.Event-RedForest3-9].Desc-Owner;Mercenary Scar has been spotted in our territory %0:s at location %1:s. Our garrison let him through.
[StoryEvents.Event-RedForest3-9].Desc-NonOwner;Rumors say that mercenary Scar was spotted in territory %0:s at location %1:s.
[StoryEvents.Event-RedForest3-10].Name;Scar attacked the territory garrison
[StoryEvents.Event-RedForest3-10].Desc-Owner;Our patrols encountered the mercenary known as Scar. We lost the engagement in territory %0:s at location %1:s... Our casualties:
[StoryEvents.Event-RedForest3-10].Desc-NonOwner;Rumors say that mercenary Scar was spotted in territory %0:s at location %1:s.
[StoryEvents.Event-RedForest3-SpawnMercenaries].Name;Mercenary Group
[StoryEvents.Event-RedForest3-SpawnMercenaries].Desc-Owner;A Mercenary squad has arrived at our territory %0:s at location %1:s, having emerged from the anomalies!
[StoryEvents.Event-RedForest3-SpawnMercenaries].Desc-NonOwner;An additional Mercenary squad has appeared in territory %0:s at location %1:s, having emerged from the anomalies.
[StoryEvents.Event-RedForest3-InvasionMercenaries].Name;Mercenary Group
[StoryEvents.Event-RedForest3-InvasionMercenaries].Desc-Owner;A Mercenary squad is assaulting our territory %0:s at location %1:s!
[StoryEvents.Event-RedForest3-InvasionMercenaries].Desc-NonOwner;A Mercenary squad is assaulting territory %0:s at location %1:s.
[StoryEvents.Event-RedForest3-11].Name;Scar is on the move
[StoryEvents.Event-RedForest3-11].Desc-Owner;Mercenary Scar has been spotted in our territory %0:s at location %1:s. Our garrison let him through.
[StoryEvents.Event-RedForest3-11].Desc-NonOwner;Rumors say that mercenary Scar was spotted in territory %0:s at location %1:s.
[StoryEvents.Event-RedForest3-12].Name;Scar attacked the territory garrison
[StoryEvents.Event-RedForest3-12].Desc-Owner;Our patrols encountered the mercenary known as Scar. We lost the engagement in territory %0:s at location %1:s... Our casualties:
[StoryEvents.Event-RedForest3-12].Desc-NonOwner;Rumors say that mercenary Scar was spotted in territory %0:s at location %1:s.
[StoryEvents.Event-RedForest3-13].Name;Scar is on the move
[StoryEvents.Event-RedForest3-13].Desc-Owner;Mercenary Scar has been spotted in our territory %0:s at location %1:s. Our garrison let him through.
[StoryEvents.Event-RedForest3-13].Desc-NonOwner;Rumors say that mercenary Scar was spotted in territory %0:s at location %1:s.
[StoryEvents.Event-RedForest3-14].Name;Scar attacked the territory garrison
[StoryEvents.Event-RedForest3-14].Desc-Owner;Our patrols encountered the mercenary known as Scar. We lost the engagement in territory %0:s at location %1:s... Our casualties:
[StoryEvents.Event-RedForest3-14].Desc-NonOwner;Rumors say that mercenary Scar was spotted in territory %0:s at location %1:s.
[StoryEvents.Event-Yantar-ScientistsAddResources].Name;Scientists Reinforcements
[StoryEvents.Event-Yantar-ScientistsAddResources].Desc-Owner;Several new personnel with extensive Zone experience have been transferred to us. They appear to hold the Master rank. It would be prudent to equip them and deploy them to sectors where armed intervention is necessary to secure results.
[StoryEvents.Event-Yantar-ScientistsAddResources].Desc-NonOwner;Rumors suggest that a contingent with significant combat experience has joined the Scientists. They may soon reinforce their base.
[StoryEvents.Event-Limansk-1].Name;Scar is on the move
[StoryEvents.Event-Limansk-1].Desc-Owner;Mercenary Scar has been spotted in our territory %0:s at location %1:s. Our garrison let him through.
[StoryEvents.Event-Limansk-1].Desc-NonOwner;Rumors say that mercenary Scar was spotted in territory %0:s at location %1:s.
[StoryEvents.Event-Limansk-2].Name;Scar attacked the territory garrison
[StoryEvents.Event-Limansk-2].Desc-Owner;Our patrols encountered the mercenary known as Scar. We lost the engagement in territory %0:s at location %1:s... Our casualties:
[StoryEvents.Event-Limansk-2].Desc-NonOwner;Rumors say that mercenary Scar was spotted in territory %0:s at location %1:s.
[StoryEvents.Event-Limansk-3].Name;Scar is on the move
[StoryEvents.Event-Limansk-3].Desc-Owner;Mercenary Scar has been spotted in our territory %0:s at location %1:s. Our garrison let him through.
[StoryEvents.Event-Limansk-3].Desc-NonOwner;Rumors say that mercenary Scar was spotted in territory %0:s at location %1:s.
[StoryEvents.Event-Limansk-4].Name;Scar attacked the territory garrison
[StoryEvents.Event-Limansk-4].Desc-Owner;Our patrols encountered the mercenary known as Scar. We lost the engagement in territory %0:s at location %1:s... Our casualties:
[StoryEvents.Event-Limansk-4].Desc-NonOwner;Rumors say that mercenary Scar was spotted in territory %0:s at location %1:s.
[StoryEvents.Event-Limansk-5].Name;Scar is on the move
[StoryEvents.Event-Limansk-5].Desc-Owner;Mercenary Scar has been spotted in our territory %0:s at location %1:s. Our garrison let him through.
[StoryEvents.Event-Limansk-5].Desc-NonOwner;Rumors say that mercenary Scar was spotted in territory %0:s at location %1:s.
[StoryEvents.Event-Limansk-6].Name;Scar attacked the territory garrison
[StoryEvents.Event-Limansk-6].Desc-Owner;Our patrols encountered the mercenary known as Scar. We lost the engagement in territory %0:s at location %1:s... Our casualties:
[StoryEvents.Event-Limansk-6].Desc-NonOwner;Rumors say that mercenary Scar was spotted in territory %0:s at location %1:s.
[StoryEvents.Event-Limansk-7].Name;Scar is on the move
[StoryEvents.Event-Limansk-7].Desc-Owner;Mercenary Scar has been spotted in our territory %0:s at location %1:s. Our garrison let him through.
[StoryEvents.Event-Limansk-7].Desc-NonOwner;Rumors say that mercenary Scar was spotted in territory %0:s at location %1:s.
[StoryEvents.Event-Limansk-8].Name;Scar attacked the territory garrison
[StoryEvents.Event-Limansk-8].Desc-Owner;Our patrols encountered the mercenary known as Scar. We lost the engagement in territory %0:s at location %1:s... Our casualties:
[StoryEvents.Event-Limansk-8].Desc-NonOwner;Rumors say that mercenary Scar was spotted in territory %0:s at location %1:s.
[StoryEvents.Event-Limansk-9].Name;Scar is on the move
[StoryEvents.Event-Limansk-9].Desc-Owner;Mercenary Scar has been spotted in our territory %0:s at location %1:s. Our garrison let him through.
[StoryEvents.Event-Limansk-9].Desc-NonOwner;Rumors say that mercenary Scar was spotted in territory %0:s at location %1:s.
[StoryEvents.Event-Limansk-10].Name;Scar attacked the territory garrison
[StoryEvents.Event-Limansk-10].Desc-Owner;Our patrols encountered the mercenary known as Scar. We lost the engagement in territory %0:s at location %1:s... Our casualties:
[StoryEvents.Event-Limansk-10].Desc-NonOwner;Rumors say that mercenary Scar was spotted in territory %0:s at location %1:s.
[StoryEvents.Event-Limansk-11].Name;Scar is on the move
[StoryEvents.Event-Limansk-11].Desc-Owner;Mercenary Scar has been spotted in our territory %0:s at location %1:s. Our garrison let him through.
[StoryEvents.Event-Limansk-11].Desc-NonOwner;Rumors say that mercenary Scar was spotted in territory %0:s at location %1:s.
[StoryEvents.Event-Limansk-12].Name;Scar attacked the territory garrison
[StoryEvents.Event-Limansk-12].Desc-Owner;Our patrols encountered the mercenary known as Scar. We lost the engagement in territory %0:s at location %1:s... Our casualties:
[StoryEvents.Event-Limansk-12].Desc-NonOwner;Rumors say that mercenary Scar was spotted in territory %0:s at location %1:s.
[StoryEvents.Event-Limansk-13].Name;Scar is on the move
[StoryEvents.Event-Limansk-13].Desc-Owner;Mercenary Scar has been spotted in our territory %0:s at location %1:s. Our garrison let him through.
[StoryEvents.Event-Limansk-13].Desc-NonOwner;Rumors say that mercenary Scar was spotted in territory %0:s at location %1:s.
[StoryEvents.Event-Limansk-14].Name;Scar attacked the territory garrison
[StoryEvents.Event-Limansk-14].Desc-Owner;Our patrols encountered the mercenary known as Scar. We lost the engagement in territory %0:s at location %1:s... Our casualties:
[StoryEvents.Event-Limansk-14].Desc-NonOwner;Rumors say that mercenary Scar was spotted in territory %0:s at location %1:s.
[StoryEvents.Event-Limansk-InvasionClearSky].Name;Clear Sky Squad
[StoryEvents.Event-Limansk-InvasionClearSky].Desc-Owner;A Clear Sky squad is assaulting our territory %0:s at location %1:s!
[StoryEvents.Event-Limansk-InvasionClearSky].Desc-NonOwner;A Clear Sky squad is assaulting territory %0:s at location %1:s.
[StoryEvents.Event-Limansk-15].Name;Scar is on the move
[StoryEvents.Event-Limansk-15].Desc-Owner;Mercenary Scar has been spotted in our territory %0:s at location %1:s. Our garrison let him through.
[StoryEvents.Event-Limansk-15].Desc-NonOwner;Rumors say that mercenary Scar was spotted in territory %0:s at location %1:s.
[StoryEvents.Event-Limansk-16].Name;Scar attacked the territory garrison
[StoryEvents.Event-Limansk-16].Desc-Owner;Our patrols encountered the mercenary known as Scar. We lost the engagement in territory %0:s at location %1:s... Our casualties:
[StoryEvents.Event-Limansk-16].Desc-NonOwner;Rumors say that mercenary Scar was spotted in territory %0:s at location %1:s.
[StoryEvents.Event-Limansk-17].Name;Scar is on the move
[StoryEvents.Event-Limansk-17].Desc-Owner;Mercenary Scar has been spotted in our territory %0:s at location %1:s. Our garrison let him through.
[StoryEvents.Event-Limansk-17].Desc-NonOwner;Rumors say that mercenary Scar was spotted in territory %0:s at location %1:s.
[StoryEvents.Event-Limansk-18].Name;Scar attacked the territory garrison
[StoryEvents.Event-Limansk-18].Desc-Owner;Our patrols encountered the mercenary known as Scar. We lost the engagement in territory %0:s at location %1:s... Our casualties:
[StoryEvents.Event-Limansk-18].Desc-NonOwner;Rumors say that mercenary Scar was spotted in territory %0:s at location %1:s.
[StoryEvents.Event-Limansk-19].Name;Scar is on the move
[StoryEvents.Event-Limansk-19].Desc-Owner;Mercenary Scar has been spotted in our territory %0:s at location %1:s. Our garrison let him through.
[StoryEvents.Event-Limansk-19].Desc-NonOwner;Rumors say that mercenary Scar was spotted in territory %0:s at location %1:s.
[StoryEvents.Event-Limansk-20].Name;Scar attacked the territory garrison
[StoryEvents.Event-Limansk-20].Desc-Owner;Our patrols encountered the mercenary known as Scar. We lost the engagement in territory %0:s at location %1:s... Our casualties:
[StoryEvents.Event-Limansk-20].Desc-NonOwner;Rumors say that mercenary Scar was spotted in territory %0:s at location %1:s.
[StoryEvents.Event-Hospital-1].Name;Scar is on the move
[StoryEvents.Event-Hospital-1].Desc-Owner;Mercenary Scar has been spotted in our territory %0:s at location %1:s. Our garrison let him through.
[StoryEvents.Event-Hospital-1].Desc-NonOwner;Rumors say that mercenary Scar was spotted in territory %0:s at location %1:s.
[StoryEvents.Event-Hospital-2].Name;Scar attacked the territory garrison
[StoryEvents.Event-Hospital-2].Desc-Owner;Our patrols encountered the mercenary known as Scar. We lost the engagement in territory %0:s at location %1:s... Our casualties:
[StoryEvents.Event-Hospital-2].Desc-NonOwner;Rumors say that mercenary Scar was spotted in territory %0:s at location %1:s.
[StoryEvents.Event-Hospital-3].Name;Scar is on the move
[StoryEvents.Event-Hospital-3].Desc-Owner;Mercenary Scar has been spotted in our territory %0:s at location %1:s. Our garrison let him through.
[StoryEvents.Event-Hospital-3].Desc-NonOwner;Rumors say that mercenary Scar was spotted in territory %0:s at location %1:s.
[StoryEvents.Event-Hospital-4].Name;Scar attacked the territory garrison
[StoryEvents.Event-Hospital-4].Desc-Owner;Our patrols encountered the mercenary known as Scar. We lost the engagement in territory %0:s at location %1:s... Our casualties:
[StoryEvents.Event-Hospital-4].Desc-NonOwner;Rumors say that mercenary Scar was spotted in territory %0:s at location %1:s.
[StoryEvents.Event-Hospital-5].Name;Scar is on the move
[StoryEvents.Event-Hospital-5].Desc-Owner;Mercenary Scar has been spotted in our territory %0:s at location %1:s. Our garrison let him through.
[StoryEvents.Event-Hospital-5].Desc-NonOwner;Rumors say that mercenary Scar was spotted in territory %0:s at location %1:s.
[StoryEvents.Event-Hospital-6].Name;Scar attacked the territory garrison
[StoryEvents.Event-Hospital-6].Desc-Owner;Our patrols encountered the mercenary known as Scar. We lost the engagement in territory %0:s at location %1:s... Our casualties:
[StoryEvents.Event-Hospital-6].Desc-NonOwner;Rumors say that mercenary Scar was spotted in territory %0:s at location %1:s.
[StoryEvents.Event-CHAES-0].Name;The Climax Approaches
[StoryEvents.Event-CHAES-0].Desc-Owner;We have received intelligence that Scar is en route to location %1:s. It seems the climax of these events is near!
[StoryEvents.Event-CHAES-0].Desc-NonOwner;We have received intelligence that Scar is en route to location %1:s. It seems the climax of these events is near!
[StoryEvents.Event-CHAES-1].Name;Scar Spotted at CNPP
[StoryEvents.Event-CHAES-1].Desc-Owner;Mercenary Scar has been spotted in our territory %0:s at location %1:s. Our garrison let him through.
[StoryEvents.Event-CHAES-1].Desc-NonOwner;Rumors say that mercenary Scar was spotted in territory %0:s at location %1:s.
[StoryEvents.Event-CHAES-2].Name;Scar's Breakthrough at CNPP
[StoryEvents.Event-CHAES-2].Desc-Owner;Our patrols encountered the mercenary known as Scar. We lost the engagement in territory %0:s at location %1:s... Our casualties:
[StoryEvents.Event-CHAES-2].Desc-NonOwner;Rumors say that mercenary Scar was spotted in territory %0:s at location %1:s.
[StoryEvents.Event-CHAES-3].Name;Scar Hunts Strelok
[StoryEvents.Event-CHAES-3].Desc-Owner;Mercenary Scar has been spotted in our territory %0:s at location %1:s. Our garrison let him through.
[StoryEvents.Event-CHAES-3].Desc-NonOwner;Rumors say that mercenary Scar was spotted in territory %0:s at location %1:s.
[StoryEvents.Event-CHAES-4].Name;Skirmishes with Scar at CNPP
[StoryEvents.Event-CHAES-4].Desc-Owner;Our patrols encountered the mercenary known as Scar. We lost the engagement in territory %0:s at location %1:s... Our casualties:
[StoryEvents.Event-CHAES-4].Desc-NonOwner;Rumors say that mercenary Scar was spotted in territory %0:s at location %1:s.
[StoryEvents.Event-CHAES-5].Name;Scar Almost Catches Strelok
[StoryEvents.Event-CHAES-5].Desc-Owner;Mercenary Scar has been spotted in our territory %0:s at location %1:s. Our garrison let him through.
[StoryEvents.Event-CHAES-5].Desc-NonOwner;Rumors say that mercenary Scar was spotted in territory %0:s at location %1:s.
[StoryEvents.Event-CHAES-6].Name;Scar Engaged in Combat at CNPP
[StoryEvents.Event-CHAES-6].Desc-Owner;Our patrols encountered the mercenary known as Scar. We lost the engagement in territory %0:s at location %1:s... Our casualties:
[StoryEvents.Event-CHAES-6].Desc-NonOwner;Rumors say that mercenary Scar was spotted in territory %0:s at location %1:s.
[StoryEvents.Event-End-1].Name;Strelok's Protection Deactivated
[StoryEvents.Event-End-1].Desc-Owner;Scar managed to deactivate Strelok's protection. According to information from various sources, disabling this protection was supposed to halt the approaching Emission, but the data appears to have been flawed. What went wrong?
[StoryEvents.Event-End-1].Desc-NonOwner;We received reports that in the northern sector of CNPP, the mercenary nearly caught up with the stalker and even managed to disable his protection. Intelligence suggested that deactivating Strelok's protection would stop the approaching Emission, but the information seems incorrect. What went wrong?
[StoryEvents.Event-End-2].Name;Strelok's Plan Failed
[StoryEvents.Event-End-2].Desc-Owner;Scar succeeded in deactivating Strelok's protection. We must eliminate everyone who breached our defenses in Limansk and reached CNPP. The Great Monolith will bring down an Emission upon them. The faithless are doomed!
[StoryEvents.Event-End-2].Desc-NonOwner;We received reports that in the northern sector of CNPP, the mercenary nearly caught up with the stalker and even managed to disable his protection. Intelligence suggested that deactivating Strelok's protection would stop the approaching Emission, but the information seems incorrect. What went wrong?
[StoryEvents.Event-End-3].Name;Strelok Captured!
[StoryEvents.Event-End-3].Desc-Owner;Scar managed to deactivate Strelok's protection! And fortune has favored us-the mercenary has captured the stalker! But the Emission is still approaching! Why?!
[StoryEvents.Event-End-3].Desc-NonOwner;We received word that the mercenary Scar managed to disable Strelok's protection and capture him. There was quite a firefight at CNPP. Preliminary reports from Clear Sky contacts suggested this event would halt the Emissions, but it seems those were merely rumors. A powerful Emission wave is imminent.
ScenarioName;Story. Clear Sky
ScenarioDescription;This scenario recreates the plot of the original game. Scar's attempt to stop Strelok. This scenario has a turn limit. You must capture the entire Zone before Strelok reaches the C-Consciousness. There are two endings. The first is the canonical ending, the second is a secret ending for the Clear Sky faction if they successfully advance to CNPP. Diplomacy between factions is close to canon.
ScenarioLoseDescription;Defeat conditions: lose all controlled territories or fail to meet victory conditions within approximately 140 turns.
[Groups.bandits.:main].Spy1-Name;Novice
[Groups.bandits.:main].Spy2-Name;Experienced
[Groups.bandits.:main].Spy3-Name;Veteran
[Groups.bandits.:main].Spy4-Name;Master
[Groups.bandits.:main].Name;Bandits
[Groups.bandits.:main].Description;Bandits - the criminal element of the Zone. They control significant territories closer to the southern parts of the Zone. Despite their favorable position, defense won't be easy, as they are in conflict with almost everyone. They lack proper weaponry and a substantial number of capable fighters. The faction needs reorganization, both in internal affairs and external relations.
[Groups.bandits.:main].DiplomacyText-Question-War;Well, sucker, had your fun? Time to face the music! The boys are comin' for ya!
[Groups.bandits.:main].DiplomacyText-Question-Neutral;Hey-hey! Bro, chill out, yeah? Time to stop shootin' at each other, capiche?
[Groups.bandits.:main].DiplomacyText-Question-Alliance;Hey, Bro, how 'bout we team up, yeah? Y'know... shoot some guys together... and all that. Whaddya say? Deal?
[Groups.bandits.:main].DiplomacyText-Question-BreakAlliance;Nah, man, you're a real sucker, a total loser. From now on, everyone's on their own!
[Groups.bandits.:main].DiplomacyText-RequestMoney-Ask;Hey, listen up, pal, got any spare change, yeah? We could use about this much:
[Groups.bandits.:main].DiplomacyText-Ans-0-Down;Who do you think you're messin' with, tough guy? You're dead meat, ya hear?!
[Groups.bandits.:main].DiplomacyText-Ans-1-Down;Well, that's just... wow, man...
[Groups.bandits.:main].DiplomacyText-Ans-1-No;We'll find some - and cut it into strips!
[Groups.bandits.:main].DiplomacyText-Ans-1-Yes;Listen, we won't touch ya, word is bond, for real!
[Groups.bandits.:main].DiplomacyText-Ans-2-No;Nah, nah, that's totally not it, you're bluffing!
[Groups.bandits.:main].DiplomacyText-Ans-2-Yes;Hang tight, bro, everything's gonna be smooth real soon...
[Groups.bandits.:main].DiplomacyText-RequestMoney-Ans-No;Did you hit your head or somethin'? Where would we get that kind of cash! We could use some ourselves...
[Groups.bandits.:main].DiplomacyText-RequestMoney-Ans-Yes;Bro, here's the dough!
[Groups.bandits.:main].DiplomacyText-Question-Neutral-No;Bro, that was really uncalled for! Shouldn't have done that...
[Groups.bandits.:main].DiplomacyText-Question-Neutral-Yes;Hey, bro, that's what I'm talkin' about! Good job...
[Groups.bandits.:main].DiplomacyText-Question-Alliance-No;Bro, that was really uncalled for! Shouldn't have done that...
[Groups.bandits.:main].DiplomacyText-Question-Alliance-Yes;Oh, bro, excellent! Now we'll be shootin' suckers together!
[Groups.bandits.:main].Text-End-Step-Victory;You survived! Victory!
[Groups.bandits.:main].Text-End-EventFlag-Victory;Victory by event flag!
[Groups.bandits.:main].Text-End-Standart-Lose;The faction has been completely wiped out. Now other factions will divide the Zone among themselves. Defeat!
[Groups.bandits.:main].Text-End-Step-Lose;Time's up. You failed to gain control over the Zone. Defeat!
[Groups.bandits.:main].Text-End-EventFlag-Lose;Time's up. You failed to gain control over the Zone. Defeat!
[Groups.bandits.Anarchy].Text-End-Standart-Victory;Victory! Soon the faction behaved less and less like what it originally was. Yes, crime remained, but there was less of it. The leadership tried to promote ideas close to what the "Freedom" faction preached, but the rank-and-file were in no hurry to embrace these new ideals, as the old ways of robbery and looting seemed simpler and more understandable. The faction was fracturing before everyone's eyes. Each new day brought fresh disobedience from separate groups. A new conflict in the Zone was imminent...
[Groups.bandits.AntiZone].Text-End-Standart-Victory;Victory! Soon the faction behaved less and less like what it originally was. Crime decreased significantly. The leadership increasingly pushed the theme of fighting the Zone. Yes, many understood that there was no one left to rob - everyone around was "one of us" - and in principle agreed, but since there were genuine criminals in the faction, separate groups emerged that robbed those very "own people". Local skirmishes flared up everywhere. The Zone was once again a step away from a large-scale war of all against all...
[Groups.bandits.Control].Text-End-Standart-Victory;Victory! Soon the faction behaved less and less like what it originally was. Crime decreased significantly. A strict hierarchy was introduced. The situation was most accurately described by the name "Penal Battalion". Rumors circulated among faction members that the leadership had bent to government forces. Many accepted this fact, but there were also those "bosses" and "kingpins" who disagreed with such order. A new large-scale conflict was brewing, but this time within the faction itself...
[Groups.bandits.Crime].Text-End-Standart-Victory;Victory! The Zone turned into a criminal quasi-state. The Zone began to live "by the code". Soon there was no one left to rob, and the faction sank into feuds. Instead of shooting monsters and collecting artifacts, Bandits shot at each other...
[Groups.bandits.Crime].Text-End-Standart-Lose;The last Bandit caught a bullet. There is no more place for the criminal world in the Zone... Defeat!
[Groups.bandits.Crime].Text-End-Step-Lose;Time's up. The boys say you're no «boss» at all... Defeat!
[Groups.bandits.Crime].Text-End-EventFlag-Lose;Time's up. The boys say you're no «boss» at all... Defeat!
[Groups.bandits.Exploring].Text-End-Standart-Victory;Victory! The faction controls the entire territory. There is no one left to rob. Soon there will be nowhere to loot either... The leadership is already actively switching to profitable contracts from the government. Groups of Scientists taking measurements of anomalous activity under the watchful guard of local "brothers" can now often be seen in the Zone. Yesterday's Bandits now walked around doing the very thing they once considered too dirty for themselves - searching for artifacts, harvesting mutant body parts, taking strange measurements with equally strange devices. Not everyone liked this, so separate groups of people emerged who organized attacks on "their own". They tried to fight them actively, but more and more of these «dissenters» appeared, as not many found their place in the new reality of working to study the Zone...
[Groups.bandits.Growth].Text-End-Standart-Victory;Victory! The Zone turned into a criminal quasi-state. The Zone began to live "by the code". Soon there was no one left to rob, and the faction sank into feuds. Instead of shooting monsters and collecting artifacts, Bandits shot at each other...
[Groups.bandits.Growth].Text-End-Standart-Lose;The last Bandit caught a bullet. There is no more place for the criminal world in the Zone... Defeat!
[Groups.bandits.Growth].Text-End-Step-Lose;Time's up. The boys say you're no «boss» at all... Defeat!
[Groups.bandits.Growth].Text-End-EventFlag-Lose;Time's up. The boys say you're no «boss» at all... Defeat!
[Groups.bandits.Mercenary].Text-End-Standart-Victory;Victory! The faction controls the entire territory. There is no one left to rob. Soon there will be nowhere to loot either... The leadership is already actively switching to profitable contracts from the outside world. But the emphasis was placed on more criminal contracts, so Scientists in the Zone guarded by local fighters were practically never seen, which significantly limited the study of the Zone. The government planned to undertake several military operations to regain control over key Zone facilities. Soon there will be a «War in Zone» again...
[Groups.bandits.Sectarianism].Text-End-Standart-Victory;Victory! But despite the faction occupying all territories, there was no real control over the forces. Confusion reigned everywhere. Strange speeches from the leadership, strange behavior of everyone in the northern Zone, the recently reactivated psi-installations... All this worried those in the south. The south began to arm itself and form its own hierarchy with commanders. A new stage of the «War in Zone» was about to begin...
[Groups.bandits.Stability].Text-End-Standart-Victory;Victory! The faction controls the entire territory. There is no one left to rob. Soon there will be nowhere to loot either... The leadership actively tries to find new ways to enrich themselves. Fighters began to be divided into subgroups. Some for artifact hunting, some for hunting mutant body parts, others used as mercenaries for external contracts. But there were also those for whom none of this "peaceful" craft suited. Soon the first conflicts began, followed by fights. The faction's internal hierarchy was in turmoil, and it was unknown how it would all end...
[Groups.bandits.Stalkers].Text-End-Standart-Victory;Victory! Soon the faction behaved less and less like what it originally was. Crime truly decreased. Pay your share - and you can walk around and collect artifacts. No one should interfere. And if someone does, those guys will be found. Quickly. But if they have patrons in the leadership, they'll just be let off with a verbal warning. So soon separate groups with their own leaders formed within the faction, pulling it toward an armed internal conflict...
[Groups.bandits.Unknow].Text-End-Standart-Victory;Victory! The Zone turned into a criminal quasi-state. The Zone began to live "by the code". Soon there was no one left to rob, and the faction sank into feuds. Instead of shooting monsters and collecting artifacts, Bandits shot at each other...
[Groups.bandits.Unknow].Text-End-Standart-Lose;The last Bandit caught a bullet. There is no more place for the criminal world in the Zone... Defeat!
[Groups.bandits.Unknow].Text-End-Step-Lose;Time's up. The boys say you're no «boss» at all... Defeat!
[Groups.bandits.Unknow].Text-End-EventFlag-Lose;Time's up. The boys say you're no «boss» at all... Defeat!
[Groups.bandits.Zombie].Text-End-Standart-Victory;Victory! Now the C-Consciousness is safe. Soon psi-emission covered the entire Zone thanks to an increased number of emitters. Even the Cordon became dangerous. Although the government did not let mutants out of the Zone, it no longer tried to reclaim it...
[Groups.Duty.:main].Spy1-Name;Novice
[Groups.Duty.:main].Spy2-Name;Experienced
[Groups.Duty.:main].Spy3-Name;Veteran
[Groups.Duty.:main].Spy4-Name;Master
[Groups.Duty.:main].Name;Duty
[Groups.Duty.:main].Description;Duty - the faction's goal is to protect the world from the contamination of the Zone. A fairly powerful militarized faction. A favorable position, good weaponry, and a predisposition to fighting mutants guarantee success in capable hands.
[Groups.Duty.:main].DiplomacyText-Question-War;You and your gang are a threat to the world. Time to deal with you!
[Groups.Duty.:main].DiplomacyText-Question-Neutral;We want to establish a ceasefire with you. Do you agree?
[Groups.Duty.:main].DiplomacyText-Question-Alliance;We propose an alliance. Together we could carry out a couple of operations against our enemies. Do you agree?
[Groups.Duty.:main].DiplomacyText-Question-BreakAlliance;We will no longer cooperate!
[Groups.Duty.:main].DiplomacyText-RequestMoney-Ask;Got any spare funds? Times are tough for us. We could use about this much:
[Groups.Duty.:main].DiplomacyText-Ans-0-Down;Understood. We'll cleanse the Zone of you too!
[Groups.Duty.:main].DiplomacyText-Ans-1-Down;Pity... but if you insist, so be it.
[Groups.Duty.:main].DiplomacyText-Ans-1-No;No, we definitely won't go for that right now.
[Groups.Duty.:main].DiplomacyText-Ans-1-Yes;We hope for further cooperation.
[Groups.Duty.:main].DiplomacyText-Ans-2-No;No, we definitely won't go for that right now.
[Groups.Duty.:main].DiplomacyText-Ans-2-Yes;Ri-i-ight, excellent, we have a deal!
[Groups.Duty.:main].DiplomacyText-RequestMoney-Ans-No;No, we cannot help at the moment.
[Groups.Duty.:main].DiplomacyText-RequestMoney-Ans-Yes;Very well, we will help you.
[Groups.Duty.:main].DiplomacyText-Question-Neutral-No;Oh, what a shame you refused!
[Groups.Duty.:main].DiplomacyText-Question-Neutral-Yes;Good, that's encouraging!
[Groups.Duty.:main].DiplomacyText-Question-Alliance-No;Oh, what a shame you refused!
[Groups.Duty.:main].DiplomacyText-Question-Alliance-Yes;Good, that's encouraging!
[Groups.Duty.:main].Text-End-Step-Victory;You survived! Victory!
[Groups.Duty.:main].Text-End-EventFlag-Victory;Victory by event flag!
[Groups.Duty.:main].Text-End-Standart-Lose;The faction has been completely wiped out. Now other factions will divide the Zone among themselves. Defeat!
[Groups.Duty.:main].Text-End-Step-Lose;Time's up. You failed to gain control over the Zone. Defeat!
[Groups.Duty.:main].Text-End-EventFlag-Lose;Time's up. You failed to gain control over the Zone. Defeat!
[Groups.Duty.Anarchy].Text-End-Standart-Victory;Victory! It would seem the war is finally over. The Zone is controlled by a single faction. But not long ago, its ideology changed. And to one that its founders had opposed. Even before the war ended, disagreements were brewing among commanders. It seems a new «War in Zone» is approaching, and this one will be purely ideological...
[Groups.Duty.AntiZone].Text-End-Standart-Victory;Victory! Soon Duty established contact with the government and began cooperating with them. Mutants were eradicated, Scientists were dispatched to the Zone more frequently. Duty members increasingly noticed secret service agents among their ranks, but perhaps those were just rumors...
[Groups.Duty.AntiZone].Text-End-Standart-Lose;Your faction has been completely destroyed. The last Duty members scattered in all directions, lacking the will to fight for Duty's ideals. Defeat!
[Groups.Duty.Control].Text-End-Standart-Victory;Victory! Soon the leadership established contact with the government and began openly cooperating with them. Not everyone approved. Some stalkers broke away from the main group and formed their own factions in different parts of the Zone. A new «War in Zone» for control over everything inside the perimeter is brewing.
[Groups.Duty.Crime].Text-End-Standart-Victory;Victory! It would seem that order has finally come to the Zone. But that might only appear so from the outside. The faction's leadership is now in the hands of criminal elements. Everything is gradually sliding into ordinary racketeering, looting, and "protection". New conflicts are brewing. The faction certainly won't be able to remain a unified whole...
[Groups.Duty.Exploring].Text-End-Standart-Victory;Victory! Soon the leadership established contact with the government and made some concessions to avoid conflict with the outside world. Faction members generally supported this direction, as it is much easier to fight an enemy you have studied well. Stalkers in the field already felt the first results of cooperation: excellent artifact detection devices, more accurate instruments for marking anomalous locations, vulnerable spots on mutants. This allowed faction members to overlook the fact that documents from laboratories were handed over to the government, and everyone who knew their contents somehow suddenly disappeared. Allegedly, they "lost interest in the Zone and decided to return home". And to this day, anyone who finds any documents in the Zone's underground disappears...
[Groups.Duty.Growth].Text-End-Standart-Victory;Victory! Soon Duty established contact with the government and began cooperating with them. Mutants were eradicated, Scientists were dispatched to the Zone more frequently. Duty members increasingly noticed secret service agents among their ranks, but perhaps those were just rumors...
[Groups.Duty.Growth].Text-End-Standart-Lose;Your faction has been completely destroyed. The last Duty members scattered in all directions, lacking the will to fight for Duty's ideals. Defeat!
[Groups.Duty.Mercenary].Text-End-Standart-Victory;Victory! Now the Zone is controlled by a single faction. But not long ago, its priorities changed. For some reason, mutants are no longer being actively exterminated. Everyone talks about money and how to earn it easier... Organize "safaris for the rich from the outside world"? Or catch a mutant for sale? Maybe smuggle a rare artifact across the perimeter into someone's private collection? This approach to the Zone didn't sit well with everyone. Within the faction's ranks, there were those who still remembered what true Duty once was. They gradually separated from the main mass and occupied key points inside the perimeter. Rumor has it they are being helped by the Military. It is highly likely the Zone awaits new clashes with many casualties...
[Groups.Duty.Sectarianism].Text-End-Standart-Victory;Victory! It would seem the war is finally over. The Zone is controlled by a single faction. But not long ago, its priorities changed. For some reason, mutants are no longer being actively exterminated. Everyone talks about certain patrons from the north. Documents from laboratories disappear in unknown directions. Among ordinary fighters, resentment is growing due to the strange religious speeches of their commanders. Not everyone is ready to have their brains washed by some incomprehensible sermons. Especially those in the southern Zone. New contacts with the Military have already been established. And recent news about the activation of psi-installations in the north made it clear - there is no turning back. Inside the perimeter, a new «War in Zone» is about to begin...
[Groups.Duty.Stability].Text-End-Standart-Victory;Victory! Soon the faction established contact with the government and began cooperating with them. Progress was slow, despite pressure from the outside world. Mutants were still being eradicated, artifacts were still being sought, Scientists were still being guarded. But everything was somehow unhurried. Some got the impression that the leadership was in no hurry to fight the manifestations of the Zone. Certain individuals claimed that the leadership was dragging its feet because they were trying to enrich themselves as much as possible; others said that faction leaders didn't want to lose the power they held. There was practically no discontent among rank-and-file fighters, as no one was shortchanged in terms of earnings, but ideologically charged commanders began preparing a coup...
[Groups.Duty.Stalkers].Text-End-Standart-Victory;Victory! Soon the faction's leadership increasingly shifted the focus of its propaganda. Artifact hunting, cooperation with the government and Scientists became routine. There were no Bandits left in the Zone, and any racketeering was nipped in the bud, so earning money in the Zone became somewhat easier. But although the government didn't particularly conflict with the faction's leadership, it was preparing plans to take the Zone under its control...
[Groups.Duty.Unknow].Text-End-Standart-Victory;Victory! Soon Duty established contact with the government and began cooperating with them. Mutants were eradicated, Scientists were dispatched to the Zone more frequently. Duty members increasingly noticed secret service agents among their ranks, but perhaps those were just rumors...
[Groups.Duty.Unknow].Text-End-Standart-Lose;Your faction has been completely destroyed. The last Duty members scattered in all directions, lacking the will to fight for Duty's ideals. Defeat!
[Groups.Duty.Zombie].Text-End-Standart-Victory;Victory! Now the C-Consciousness is safe. Soon psi-emission covered the entire Zone thanks to an increased number of emitters. Even the Cordon became dangerous. Although the government did not let mutants out of the Zone, it no longer tried to reclaim it...
[Groups.freedom.:main].Spy1-Name;Novice
[Groups.freedom.:main].Spy2-Name;Experienced
[Groups.freedom.:main].Spy3-Name;Veteran
[Groups.freedom.:main].Spy4-Name;Master
[Groups.freedom.:main].Name;Freedom
[Groups.freedom.:main].Description;Freedom - an anarchist faction that is hostile to government troops and research groups. A favorable position, experienced fighters who are also well-armed... Almost the perfect recipe for a successful faction in capable hands.
[Groups.freedom.:main].DiplomacyText-Question-War;Alright, man, get ready! We're comin' for you and your crew.
[Groups.freedom.:main].DiplomacyText-Question-Neutral;Dude, maybe we can call it a day, huh?
[Groups.freedom.:main].DiplomacyText-Question-Alliance;Hey man, how about an alliance? Whaddya think?
[Groups.freedom.:main].DiplomacyText-Question-BreakAlliance;Sorry, dude, but our paths diverge.
[Groups.freedom.:main].DiplomacyText-RequestMoney-Ask;Hey, man! Freedom's runnin' low on free cash... Could you spare us an amount like this:
[Groups.freedom.:main].DiplomacyText-Ans-0-Down;Looks like coffins are gonna get expensive!
[Groups.freedom.:main].DiplomacyText-Ans-1-Down;O-o-oh... Got it, man, whatever.
[Groups.freedom.:main].DiplomacyText-Ans-1-No;Nah, we're not down with that.
[Groups.freedom.:main].DiplomacyText-Ans-1-Yes;Okay, we're cool!
[Groups.freedom.:main].DiplomacyText-Ans-2-No;Nah, dude, we're passin' on this one.
[Groups.freedom.:main].DiplomacyText-Ans-2-Yes;O-o-oh, sweet, it's a deal!
[Groups.freedom.:main].DiplomacyText-RequestMoney-Ans-No;Man, nah, what? We ain't ready to drop that kinda cash right now...
[Groups.freedom.:main].DiplomacyText-RequestMoney-Ans-Yes;Dude, no problem! Already sent!
[Groups.freedom.:main].DiplomacyText-Question-Neutral-No;Man, that's bad news...
[Groups.freedom.:main].DiplomacyText-Question-Neutral-Yes;Dude, that's great news!
[Groups.freedom.:main].DiplomacyText-Question-Alliance-No;O-o-oh... Got it, man, whatever.
[Groups.freedom.:main].DiplomacyText-Question-Alliance-Yes;Man, that's awesome!
[Groups.freedom.:main].Text-End-Step-Victory;You survived! Victory!
[Groups.freedom.:main].Text-End-EventFlag-Victory;Victory by event flag!
[Groups.freedom.:main].Text-End-Standart-Lose;The faction has been completely wiped out. Now other factions will divide the Zone among themselves. Defeat!
[Groups.freedom.:main].Text-End-Step-Lose;Time's up. You failed to gain control over the Zone. Defeat!
[Groups.freedom.:main].Text-End-EventFlag-Lose;Time's up. You failed to gain control over the Zone. Defeat!
[Groups.freedom.Anarchy].Text-End-Standart-Victory;Victory! Soon the Zone was declared a free quasi-state. The head of the SBU went gray from the news published in the media. Secret documents found by the Freedom faction in Zone laboratories became available to the public. Now the whole world knows what was happening in the Zone and how it appeared!
[Groups.freedom.Anarchy].Text-End-Standart-Lose;Your faction has been completely destroyed. The last Freedom members scattered in all directions, lacking the will to fight for Freedom's ideals. Defeat!
[Groups.freedom.AntiZone].Text-End-Standart-Victory;Victory! It would seem the war is finally over. The Zone is controlled by a single faction. But not long ago, its ideology changed. And to one that its founders had opposed. Even before the war ended, disagreements were brewing among commanders. It seems a new «War in Zone» is approaching, and this one will be purely ideological...
[Groups.freedom.Control].Text-End-Standart-Victory;Victory! Despite capturing all territories, the situation did not stabilize. Many fighters were dissatisfied with the current order. Rumors circulate that government forces are working among the leadership, as the transfer of certain key territories and CNPP itself under Military control was announced. Commanders have already emerged who refuse to obey orders from the top and are forming a unified resistance network. It seems a new stage of the «War in Zone» is coming...
[Groups.freedom.Crime].Text-End-Standart-Victory;Victory! Soon the Zone was declared a free quasi-state. But the recent shift in the faction's focus toward crime led to new chaos in the Zone. Within a week, a struggle for power and spheres of influence began. This led to new mass battles across the entire Exclusion Zone. The Military have already prepared plans to seize key locations, and assaults are about to begin. A new «War in Zone» is already starting...
[Groups.freedom.Exploring].Text-End-Standart-Victory;Victory! Soon the leadership established contact with the government and made some concessions to avoid conflict with the outside world. Faction members generally supported this direction, as it is much easier to fight an enemy you have studied well. Stalkers in the field already felt the first results of cooperation: excellent artifact detection devices, more accurate instruments for marking anomalous locations, vulnerable spots on mutants. This allowed faction members to overlook the fact that documents from laboratories were handed over to the government, and everyone who knew their contents somehow suddenly disappeared. Allegedly, they "lost interest in the Zone and decided to return home". And to this day, anyone who finds any documents in the Zone's underground disappears...
[Groups.freedom.Growth].Text-End-Standart-Victory;Victory! Soon the Zone was declared a free quasi-state. The head of the SBU went gray from the news published in the media. Secret documents found by the Freedom faction in Zone laboratories became available to the public. Now the whole world knows what was happening in the Zone and how it appeared!
[Groups.freedom.Growth].Text-End-Standart-Lose;Your faction has been completely destroyed. The last Freedom members scattered in all directions, lacking the will to fight for Freedom's ideals. Defeat!
[Groups.freedom.Mercenary].Text-End-Standart-Victory;Victory! Now the Zone is controlled by a single faction. But not long ago, its priorities changed. Everyone talks about money and how to earn it easier... Organize "safaris for the rich from the outside world"? Or catch a mutant for sale? Maybe smuggle a rare artifact across the perimeter into someone's private collection? This approach to the Zone didn't sit well with everyone. Within the faction's ranks, there were those who still remembered what true Freedom once was. They gradually separated from the main mass and occupied key points inside the perimeter. It is highly likely the Zone awaits new clashes with many casualties...
[Groups.freedom.Sectarianism].Text-End-Standart-Victory;Victory! It would seem the war is finally over. The Zone is controlled by a single faction. But not long ago, its priorities changed. Everyone talks about certain patrons from the north. Documents from laboratories disappear in unknown directions. Among ordinary fighters, resentment is growing due to the strange religious speeches of their commanders. Not everyone is ready to have their brains washed by some incomprehensible sermons. Especially those in the southern Zone. And recent news about the activation of psi-installations in the north made it clear - there is no turning back. Inside the perimeter, a new «War in Zone» is about to begin...
[Groups.freedom.Stability].Text-End-Standart-Victory;Victory! Soon the faction began leaking information about the Zone to the media. But this opening of the Zone to the world proceeded extremely slowly and unhurriedly. Some got the impression that the leadership was in no hurry to fight the government. Certain individuals claimed that the leadership was dragging its feet because they were trying to enrich themselves as much as possible; others said that faction leaders didn't want to lose the power they held; still others claimed that the leader had bent to the government... There was practically no discontent among rank-and-file fighters, as no one was shortchanged in terms of earnings, but ideologically charged commanders began preparing a coup...
[Groups.freedom.Stalkers].Text-End-Standart-Victory;Victory! Soon the Zone was declared a free quasi-state. But unlike Freedom's original goals of revealing the Zone's secrets, the current goals after the recent shift in priorities somehow bypassed those secrets. Not entirely. A few scandals after publication in the media guaranteed trouble for the government. After that, the government increased pressure on the faction's leadership, which led to a split. The once-unified faction fractured into dozens of smaller ones. However, this did not lead to a new war, only to numerous minor conflicts. The Military, deciding this was their chance, began preparing for a new operation to seize key locations in the Zone. Can the fragmented faction defend the territory? Unknown...
[Groups.freedom.Unknow].Text-End-Standart-Victory;Victory! Soon the Zone was declared a free quasi-state. The head of the SBU went gray from the news published in the media. Secret documents found by the Freedom faction in Zone laboratories became available to the public. Now the whole world knows what was happening in the Zone and how it appeared!
[Groups.freedom.Unknow].Text-End-Standart-Lose;Your faction has been completely destroyed. The last Freedom members scattered in all directions, lacking the will to fight for Freedom's ideals. Defeat!
[Groups.freedom.Zombie].Text-End-Standart-Victory;Victory! Now the C-Consciousness is safe. Soon psi-emission covered the entire Zone thanks to an increased number of emitters. Even the Cordon became dangerous. Although the government did not let mutants out of the Zone, it no longer tried to reclaim it...
[Groups.Mercenaries.:main].Spy1-Name;Novice
[Groups.Mercenaries.:main].Spy2-Name;Experienced
[Groups.Mercenaries.:main].Spy3-Name;Veteran
[Groups.Mercenaries.:main].Spy4-Name;Master
[Groups.Mercenaries.:main].Name;Mercenaries
[Groups.Mercenaries.:main].Description;Mercenaries - a fairly secretive militarized faction specializing in fulfilling various contracts received both from within the Zone and from outside. They have a somewhat inconvenient location for controlling their territories, so the leader's goal will likely be to relocate the faction's base to a more thoughtful and convenient position.
[Groups.Mercenaries.:main].DiplomacyText-Question-War;A contract has been issued for you. Nothing personal. Just business.
[Groups.Mercenaries.:main].DiplomacyText-Question-Neutral;This war benefits neither of us. How about peace?
[Groups.Mercenaries.:main].DiplomacyText-Question-Alliance;Closer cooperation with you would be advantageous for us. Do you agree?
[Groups.Mercenaries.:main].DiplomacyText-Question-BreakAlliance;We will no longer cooperate with you.
[Groups.Mercenaries.:main].DiplomacyText-RequestMoney-Ask;We've had a couple of hiccups with certain contracts. We could use some financial assistance in the amount of:
[Groups.Mercenaries.:main].DiplomacyText-Ans-0-Down;We won't be doing any more business with you!
[Groups.Mercenaries.:main].DiplomacyText-Ans-1-Down;Pity. You're missing out on your profit.
[Groups.Mercenaries.:main].DiplomacyText-Ans-1-No;That's not advantageous for us right now.
[Groups.Mercenaries.:main].DiplomacyText-Ans-1-Yes;Very well. We hope for a mutually beneficial partnership.
[Groups.Mercenaries.:main].DiplomacyText-Ans-2-No;That's not advantageous for us at the moment.
[Groups.Mercenaries.:main].DiplomacyText-Ans-2-Yes;Okay, that works for us.
[Groups.Mercenaries.:main].DiplomacyText-RequestMoney-Ans-No;We don't have many contract bonuses right now, so we can't help.
[Groups.Mercenaries.:main].DiplomacyText-RequestMoney-Ans-Yes;Alright, transferred.
[Groups.Mercenaries.:main].DiplomacyText-Question-Neutral-No;Refused? Fine then.
[Groups.Mercenaries.:main].DiplomacyText-Question-Neutral-Yes;Excellent, glad you agreed!
[Groups.Mercenaries.:main].DiplomacyText-Question-Alliance-No;Refused? Fine then.
[Groups.Mercenaries.:main].DiplomacyText-Question-Alliance-Yes;Excellent, glad you agreed!
[Groups.Mercenaries.:main].Text-End-Step-Victory;You survived! Victory!
[Groups.Mercenaries.:main].Text-End-EventFlag-Victory;Victory by event flag!
[Groups.Mercenaries.:main].Text-End-Standart-Lose;The faction has been completely wiped out. Now other factions will divide the Zone among themselves. Defeat!
[Groups.Mercenaries.:main].Text-End-Step-Lose;Time's up. You failed to gain control over the Zone. Defeat!
[Groups.Mercenaries.:main].Text-End-EventFlag-Lose;Time's up. You failed to gain control over the Zone. Defeat!
[Groups.Mercenaries.Anarchy].Text-End-Standart-Victory;Victory! Soon the faction's leadership openly began to conflict with the government. Numerous various documents were actively leaked to the media for good money for the Mercenaries. Government forces are already preparing a new plan to assault key territories. It seems a new «War in Zone» will begin very soon...
[Groups.Mercenaries.AntiZone].Text-End-Standart-Victory;Victory! Soon the faction's leadership reached an agreement with the government. Part of the territories was transferred under Military control. Many Mercenaries decided to leave the Zone, as everything came down to contracts for artifact hunting and mutant hunting. It seems no major new wars should be expected in the Exclusion Zone...
[Groups.Mercenaries.Control].Text-End-Standart-Victory;Victory! Soon the faction's leadership reached an agreement with the government. Part of the territories was transferred under Military control. Many Mercenaries decided to leave the Zone, as everything came down to contracts for artifact hunting and mutant hunting. It seems no major new wars should be expected in the Exclusion Zone...
[Groups.Mercenaries.Crime].Text-End-Standart-Victory;Victory! Soon the Zone became a major base for Mercenaries from all over the world. The criminal element grew increasingly numerous. Mutant populations were poorly controlled. Minor clashes constantly flare up across the entire Exclusion Zone. This is unlikely to end well...
[Groups.Mercenaries.Exploring].Text-End-Standart-Victory;Victory! Soon the faction's leadership reached an agreement with the government. Part of the territories was transferred under Military control. Many Mercenaries decided to leave the Zone, as everything came down to contracts for artifact hunting and mutant hunting. It seems no major new wars should be expected in the Exclusion Zone...
[Groups.Mercenaries.Growth].Text-End-Standart-Victory;Victory! Soon the Zone became a major base for Mercenaries from all over the world. Fighters trained there for deployment to any hotspots on the planet. Mutant populations were strictly controlled. "Safaris" were even organized for wealthy clients...
[Groups.Mercenaries.Growth].Text-End-Standart-Lose;Your faction has been completely destroyed. The last Mercenaries scattered to other factions where they were offered good pay. Defeat!
[Groups.Mercenaries.Mercenary].Text-End-Standart-Victory;Victory! Soon the Zone became a major base for Mercenaries from all over the world. Fighters trained there for deployment to any hotspots on the planet. Mutant populations were strictly controlled. "Safaris" were even organized for wealthy clients...
[Groups.Mercenaries.Mercenary].Text-End-Standart-Lose;Your faction has been completely destroyed. The last Mercenaries scattered to other factions where they were offered good pay. Defeat!
[Groups.Mercenaries.Sectarianism].Text-End-Standart-Victory;Victory! Soon the Zone became a major base for Mercenaries from all over the world. Fighters trained there for deployment to any hotspots on the planet. Excellent fighters capable of carrying out any dirty orders without unnecessary questions, who absolutely lack fear - clients loved such people, although they were puzzled by their religious views. The government dragged its feet on solving this problem, as all assault forecasts predicted high casualties. It was decided to organize multiple infiltrations to attempt to control the faction. Let's see how this ends...
[Groups.Mercenaries.Stability].Text-End-Standart-Victory;Victory! Soon the Zone became a major base for Mercenaries from all over the world. Fighters trained there for deployment to any hotspots on the planet. Mutant populations were strictly controlled. "Safaris" were even organized for wealthy clients...
[Groups.Mercenaries.Stalkers].Text-End-Standart-Victory;Victory! Soon the Zone became a major base for Mercenaries from all over the world. Fighters trained there for deployment to any hotspots on the planet. Mutant populations were strictly controlled. "Safaris" were even organized for wealthy clients...
[Groups.Mercenaries.Unknow].Text-End-Standart-Victory;Victory! Soon the Zone became a major base for Mercenaries from all over the world. Fighters trained there for deployment to any hotspots on the planet. Mutant populations were strictly controlled. "Safaris" were even organized for wealthy clients...
[Groups.Mercenaries.Unknow].Text-End-Standart-Lose;Your faction has been completely destroyed. The last Mercenaries scattered to other factions where they were offered good pay. Defeat!
[Groups.Mercenaries.Zombie].Text-End-Standart-Victory;Victory! Now the C-Consciousness is safe. Soon psi-emission covered the entire Zone thanks to an increased number of emitters. Even the Cordon became dangerous. Although the government did not let mutants out of the Zone, it no longer tried to reclaim it...
[Groups.monolith.:main].Spy1-Name;Initiate
[Groups.monolith.:main].Spy2-Name;Fanatic
[Groups.monolith.:main].Spy3-Name;Veteran
[Groups.monolith.:main].Spy4-Name;Elite
[Groups.monolith.:main].Name;Monolith
[Groups.monolith.:main].Description;Monolith - a faction serving as the shield of the C-Consciousness. Main goal: protect the Zone from any external interference. Extremely hostile to all other factions. Despite superior weaponry, they struggle to control their territories due to their northern location.
[Groups.monolith.:main].DiplomacyText-Question-War;Locate and eradicate!
[Groups.monolith.:main].DiplomacyText-Question-Neutral;The Monolith commands us to make peace with you. Do you comply?
[Groups.monolith.:main].DiplomacyText-Question-Alliance;The Monolith decrees we shall become your allies.
[Groups.monolith.:main].DiplomacyText-Question-BreakAlliance;The Monolith is displeased with our alliance!
[Groups.monolith.:main].DiplomacyText-RequestMoney-Ask;By the will of the Great Monolith, we submit a request for a funds transfer to our brethren in the amount of:
[Groups.monolith.:main].DiplomacyText-Ans-0-Down;Locate and eradicate! *Interlocutor has blacklisted you*
[Groups.monolith.:main].DiplomacyText-Ans-1-Down;The Monolith would never approve of this! *Interlocutor removed you from friends*
[Groups.monolith.:main].DiplomacyText-Ans-1-No;You shall know the wrath of the Monolith! *Interlocutor exited the chat*
[Groups.monolith.:main].DiplomacyText-Ans-1-Yes;And the day shall come when the Monolith shines once more in all its glory! *Interlocutor exited the chat*
[Groups.monolith.:main].DiplomacyText-Ans-2-No;The Monolith will surely not grant His consent. *Interlocutor exited the chat*
[Groups.monolith.:main].DiplomacyText-Ans-2-Yes;Trust no one but the Monolith and His brethren, no one. *Interlocutor added you to friends*
[Groups.monolith.:main].DiplomacyText-RequestMoney-Ans-No;The Monolith commands no mercy for the faithless! *Interlocutor removed you from chat*
[Groups.monolith.:main].DiplomacyText-RequestMoney-Ans-Yes;The Monolith commands pity for the blind and has ordered a funds transfer to you.
[Groups.monolith.:main].DiplomacyText-Question-Neutral-No;Then we shall find you and destroy you!
[Groups.monolith.:main].DiplomacyText-Question-Neutral-Yes;It could be no other way. All by the will of the Great Monolith!
[Groups.monolith.:main].DiplomacyText-Question-Alliance-No;You defy the will of the Monolith to your detriment.
[Groups.monolith.:main].DiplomacyText-Question-Alliance-Yes;May our brethren rejoice and our enemies tremble!
[Groups.monolith.:main].Text-End-Step-Victory;You survived! Victory!
[Groups.monolith.:main].Text-End-EventFlag-Victory;Victory by event flag!
[Groups.monolith.:main].Text-End-Standart-Lose;The faction has been completely wiped out. Now other factions will divide the Zone among themselves. Defeat!
[Groups.monolith.:main].Text-End-Step-Lose;Time's up. You failed to gain control over the Zone. Defeat!
[Groups.monolith.:main].Text-End-EventFlag-Lose;Time's up. You failed to gain control over the Zone. Defeat!
[Groups.monolith.Anarchy].Text-End-Standart-Victory;Victory! The C-Consciousness securely controls the Zone through the Monolith. But that may only appear so from the outside. Due to insufficient power from the psi-installations, people in the southern Zone gradually began to recover. Many regained their memories. Skirmishes are brewing in places. Preachers already report rising resistance. Entire units are now refusing orders. It seems they plan to liberate their comrades in the north... A new «War in Zone» is imminent...
[Groups.monolith.AntiZone].Text-End-Standart-Victory;Victory! The C-Consciousness securely controls the Zone through the Monolith. But that may only appear so from the outside. Due to insufficient power from the psi-installations, people in the southern Zone gradually began to recover. Many regained their memories. Skirmishes are brewing in places. Preachers already report rising resistance. Entire units are now refusing orders. It seems they plan to liberate their comrades in the north... A new «War in Zone» is imminent...
[Groups.monolith.Control].Text-End-Standart-Victory;Victory! The C-Consciousness securely controls the Zone through the Monolith. But that may only appear so from the outside. Due to insufficient power from the psi-installations, people in the southern Zone gradually began to recover. Many regained their memories. Skirmishes are brewing in places. Preachers already report rising resistance. Entire units are now refusing orders. It seems they plan to liberate their comrades in the north... A new «War in Zone» is imminent...
[Groups.monolith.Crime].Text-End-Standart-Victory;Victory! The C-Consciousness securely controls the Zone through the Monolith. But that may only appear so from the outside. Due to insufficient power from the psi-installations, people in the southern Zone gradually began to recover. Many regained their memories. Skirmishes are brewing in places. Preachers already report rising resistance. Entire units are now refusing orders. It seems they plan to liberate their comrades in the north... A new «War in Zone» is imminent...
[Groups.monolith.Exploring].Text-End-Standart-Victory;Victory! The C-Consciousness securely controls the Zone through the Monolith. But that may only appear so from the outside. Due to insufficient power from the psi-installations, people in the southern Zone gradually began to recover. Many regained their memories. Skirmishes are brewing in places. Preachers already report rising resistance. Entire units are now refusing orders. It seems they plan to liberate their comrades in the north... A new «War in Zone» is imminent...
[Groups.monolith.Growth].Text-End-Standart-Victory;Victory! The C-Consciousness securely controls the Zone through the Monolith. The government no longer interferes. Monolith fighters execute anyone attempting to enter the Zone. Soon it became completely closed to outside eyes...
[Groups.monolith.Growth].Text-End-Standart-Lose;C-Consciousness is in panic. Its loyal hound - the Monolith faction - has been completely destroyed! A new plan to protect key c personnel is already being drafted.
[Groups.monolith.Mercenary].Text-End-Standart-Victory;Victory! The C-Consciousness securely controls the Zone through the Monolith. But that may only appear so from the outside. Due to insufficient power from the psi-installations, people in the southern Zone gradually began to recover. Many regained their memories. Skirmishes are brewing in places. Preachers already report rising resistance. Entire units are now refusing orders. It seems they plan to liberate their comrades in the north... A new «War in Zone» is imminent...
[Groups.monolith.Sectarianism].Text-End-Standart-Victory;Victory! The C-Consciousness securely controls the Zone through the Monolith. The government no longer interferes. Monolith fighters execute anyone attempting to enter the Zone. Soon it became completely closed to outside eyes...
[Groups.monolith.Sectarianism].Text-End-Standart-Lose;C-Consciousness is in panic. Its loyal hound - the Monolith faction - has been completely destroyed! A new plan to protect key «Institute» personnel is already being drafted.
[Groups.monolith.Stability].Text-End-Standart-Victory;Victory! The C-Consciousness securely controls the Zone through the Monolith. But that may only appear so from the outside. Due to insufficient power from the psi-installations, people in the southern Zone gradually began to recover. Many regained their memories. Skirmishes are brewing in places. Preachers already report rising resistance. Entire units are now refusing orders. It seems they plan to liberate their comrades in the north... A new «War in Zone» is imminent...
[Groups.monolith.Stalkers].Text-End-Standart-Victory;Victory! The C-Consciousness securely controls the Zone through the Monolith. But that may only appear so from the outside. Due to insufficient power from the psi-installations, people in the southern Zone gradually began to recover. Many regained their memories. Skirmishes are brewing in places. Preachers already report rising resistance. Entire units are now refusing orders. It seems they plan to liberate their comrades in the north... A new «War in Zone» is imminent...
[Groups.monolith.Unknow].Text-End-Standart-Victory;Victory! The C-Consciousness securely controls the Zone through the Monolith. The government no longer interferes. Monolith fighters execute anyone attempting to enter the Zone. Soon it became completely closed to outside eyes...
[Groups.monolith.Unknow].Text-End-Standart-Lose;C-Consciousness is in panic. Its loyal hound - the Monolith faction - has been completely destroyed! A new plan to protect key «Institute» personnel is already being drafted.
[Groups.monolith.Zombie].Text-End-Standart-Victory;Victory! Now the C-Consciousness is safe. Soon psi-emission covered the entire Zone thanks to an increased number of emitters. Even the Cordon became dangerous. Although the government did not let mutants out of the Zone, it no longer tried to reclaim it...
[Groups.scientists.:main].Spy1-Name;Lab Assistant
[Groups.scientists.:main].Spy2-Name;Researcher
[Groups.scientists.:main].Spy3-Name;Security Guard
[Groups.scientists.:main].Spy4-Name;Military Escort
[Groups.scientists.:main].Name;Scientists
[Groups.scientists.:main].Description;Scientists - primary objective is studying the Zone, not fighting its manifestations like crime or mutants. Based at Yantar. Completely ill-suited for combat operations, but start with favorable conditions for artifact research.
[Groups.scientists.:main].DiplomacyText-Question-War;You are fools! You only hinder our work. Time to teach you a lesson.
[Groups.scientists.:main].DiplomacyText-Question-Neutral;Greetings. We wish to propose a peace treaty. Do you agree?
[Groups.scientists.:main].DiplomacyText-Question-Alliance;Greetings. We wish to become your partners, or as some say, allies, for the advancement of science. Do you agree?
[Groups.scientists.:main].DiplomacyText-Question-BreakAlliance;Regrettably, we are no longer interested in cooperation.
[Groups.scientists.:main].DiplomacyText-RequestMoney-Ask;Greetings! We've encountered a minor funding shortfall for our experiments. Could you possibly transfer, for the sake of science, a sum in the amount of:
[Groups.scientists.:main].DiplomacyText-Ans-0-Down;Then defend yourselves!
[Groups.scientists.:main].DiplomacyText-Ans-1-Down;Most unfortunate, but there is nothing to be done...
[Groups.scientists.:main].DiplomacyText-Ans-1-No;We do not agree to such terms.
[Groups.scientists.:main].DiplomacyText-Ans-1-Yes;Very well, we agree!
[Groups.scientists.:main].DiplomacyText-Ans-2-No;No, we believe it is not yet the time...
[Groups.scientists.:main].DiplomacyText-Ans-2-Yes;Agreed.
[Groups.scientists.:main].DiplomacyText-RequestMoney-Ans-No;Unfortunately, we cannot assist, as we are currently in a difficult financial situation due to budget cuts and a lack of awarded grants.
[Groups.scientists.:main].DiplomacyText-RequestMoney-Ans-Yes;Greetings! Yes, we have processed the transfer for the specified amount.
[Groups.scientists.:main].DiplomacyText-Question-Neutral-No;That is a highly shortsighted decision on your part.
[Groups.scientists.:main].DiplomacyText-Question-Neutral-Yes;Excellent! Glad you agreed.
[Groups.scientists.:main].DiplomacyText-Question-Alliance-No;Refused? And we were counting on you...
[Groups.scientists.:main].DiplomacyText-Question-Alliance-Yes;Excellent, my friend! We are glad you agreed.
[Groups.scientists.:main].Text-End-Step-Victory;You survived! Victory!
[Groups.scientists.:main].Text-End-EventFlag-Victory;Victory by event flag!
[Groups.scientists.:main].Text-End-Standart-Lose;The faction has been completely wiped out. Now other factions will divide the Zone among themselves. Defeat!
[Groups.scientists.:main].Text-End-Step-Lose;Time's up. You failed to gain control over the Zone. You are dismissed. Defeat!
[Groups.scientists.:main].Text-End-EventFlag-Lose;Time's up. You failed to gain control over the Zone. Defeat!
[Groups.scientists.Anarchy].Text-End-Standart-Victory;Victory! The government took control of the Zone and, upon reviewing documents from the laboratories, immediately classified everything. Weapons, human experiments, the origin of the Zone... It seemed this would remain a secret forever... But leaks to the media began occurring constantly. Some were catastrophic in nature. Under public pressure, investigations with open hearings were launched. This will surely lead to all secrets eventually being exposed...
[Groups.scientists.AntiZone].Text-End-Standart-Victory;Victory! The government took control of the Zone and, upon reviewing documents from the laboratories, immediately classified everything. Weapons, human experiments, the origin of the Zone... Now this will remain a secret forever...
[Groups.scientists.Control].Text-End-Standart-Victory;Victory! The government took control of the Zone and, upon reviewing documents from the laboratories, immediately classified everything. Weapons, human experiments, the origin of the Zone... Now this will remain a secret forever...
[Groups.scientists.Crime].Text-End-Standart-Victory;Victory! The government took control of the Zone through the faction. Due to a lack of proper discipline, theft and negligence flourished. For some reason, research consistently lacked gear, either due to defects or warehouse shortages... Scientists were not studying artifacts and mutants, but secretly selling them abroad. It is unknown where this attitude toward the Zone will lead, but hardly to anything good...
[Groups.scientists.Exploring].Text-End-Standart-Victory;Victory! The government took control of the Zone and, upon reviewing documents from the laboratories, immediately classified everything. Weapons, human experiments, the origin of the Zone... Now this will remain a secret forever...
[Groups.scientists.Exploring].Text-End-Standart-Lose;The Zone is a dangerous place. After the destruction of a scientist group, the government decided it would no longer risk civilian personnel. You are dismissed! Defeat!
[Groups.scientists.Growth].Text-End-Standart-Victory;Victory! The government took control of the Zone and, upon reviewing documents from the laboratories, immediately classified everything. Weapons, human experiments, the origin of the Zone... Now this will remain a secret forever...
[Groups.scientists.Growth].Text-End-Standart-Lose;The Zone is a dangerous place. After the destruction of a scientist group, the government decided it would no longer risk civilian personnel. You are dismissed! Defeat!
[Groups.scientists.Mercenary].Text-End-Standart-Victory;Victory! Government troops under civilian leadership managed to secure the entire Exclusion Zone and are rapidly restoring order. But among the scientists, the pursuit of money prevailed. Some began taking suspicious contracts from private firms. Research or money? This was the question everyone asked without exception...
[Groups.scientists.Sectarianism].Text-End-Standart-Victory;Victory! The government took control of the Zone, but field commanders increasingly disregarded chain of command. Rotation did not help. The SBU reported a sectarian element among commanders, but further investigation proved impossible. Commanders expertly covered their tracks. So well, in fact, that even the C-Consciousness, mentioned in recovered documents, was never found...
[Groups.scientists.Stability].Text-End-Standart-Victory;Victory! The government took control of the Zone and, upon reviewing documents from the laboratories, immediately classified everything. Weapons, human experiments, the origin of the Zone... Now this will remain a secret forever...
[Groups.scientists.Stalkers].Text-End-Standart-Victory;Victory! The government took control of the Zone and, upon reviewing documents from the laboratories, immediately classified everything. Weapons, human experiments, the origin of the Zone... Now this will remain a secret forever...
[Groups.scientists.Unknow].Text-End-Standart-Victory;Victory! The government took control of the Zone and, upon reviewing documents from the laboratories, immediately classified everything. Weapons, human experiments, the origin of the Zone... Now this will remain a secret forever...
[Groups.scientists.Unknow].Text-End-Standart-Lose;The Zone is a dangerous place. After the destruction of a scientist group, the government decided it would no longer risk civilian personnel. You are dismissed! Defeat!
[Groups.scientists.Zombie].Text-End-Standart-Victory;Victory! Now the C-Consciousness is safe. Soon psi-emission covered the entire Zone thanks to an increased number of emitters. Even the Cordon became dangerous. Although the government did not let mutants out of the Zone, it no longer tried to reclaim it...
[Groups.soldiers.:main].Spy1-Name;Sergeant
[Groups.soldiers.:main].Spy2-Name;Lieutenant
[Groups.soldiers.:main].Spy3-Name;Captain
[Groups.soldiers.:main].Spy4-Name;Major
[Groups.soldiers.:main].Name;Military
[Groups.soldiers.:main].Description;Military - government forces operating within the Zone. Consider all life inside the perimeter enemies except Scientists. Excellent gear for engaging stalkers, but poorly adapted to anomalous Zone threats.
[Groups.soldiers.:main].DiplomacyText-Question-War;Your presence in the Zone is now deemed illegal. If caught, execution on sight!
[Groups.soldiers.:main].DiplomacyText-Question-Neutral;Command believes we should reduce operational activity. How about a ceasefire?
[Groups.soldiers.:main].DiplomacyText-Question-Alliance;Command believes we need an ally in the Zone for joint operations. Do you agree?
[Groups.soldiers.:main].DiplomacyText-Question-BreakAlliance;We will no longer cooperate!
[Groups.soldiers.:main].DiplomacyText-RequestMoney-Ask;Government forces require financial assistance for a new general's mansion... Ahem. For... For special operations in the amount of. Will you help?
[Groups.soldiers.:main].DiplomacyText-Ans-0-Down;We'll grind you to dust!
[Groups.soldiers.:main].DiplomacyText-Ans-1-Down;How exactly are we to interpret that?
[Groups.soldiers.:main].DiplomacyText-Ans-1-No;No, we cannot overlook your presence in the Zone.
[Groups.soldiers.:main].DiplomacyText-Ans-1-Yes;Alright, we will overlook your presence in the Zone...
[Groups.soldiers.:main].DiplomacyText-Ans-2-No;No, we cannot overlook your presence in the Zone.
[Groups.soldiers.:main].DiplomacyText-Ans-2-Yes;The army needs an ally in the Zone. Very well, we agree.
[Groups.soldiers.:main].DiplomacyText-RequestMoney-Ans-No;No, we do not provide financial assistance!
[Groups.soldiers.:main].DiplomacyText-RequestMoney-Ans-Yes;Yes, command has agreed to assist you financially.
[Groups.soldiers.:main].DiplomacyText-Question-Neutral-No;Refused? Well... That was a mistake on your part!
[Groups.soldiers.:main].DiplomacyText-Question-Neutral-Yes;Excellent, glad you agreed!
[Groups.soldiers.:main].DiplomacyText-Question-Alliance-No;Refused? Well... That was a mistake on your part!
[Groups.soldiers.:main].DiplomacyText-Question-Alliance-Yes;Excellent, glad you agreed!
[Groups.soldiers.:main].Text-End-Step-Victory;You survived! Victory!
[Groups.soldiers.:main].Text-End-EventFlag-Victory;Victory by event flag!
[Groups.soldiers.:main].Text-End-Standart-Lose;The faction has been completely wiped out. Now other factions will divide the Zone among themselves. Defeat!
[Groups.soldiers.:main].Text-End-Step-Lose;Time's up. You failed to gain control over the Zone. You are demoted. Defeat!
[Groups.soldiers.:main].Text-End-EventFlag-Lose;Time's up. You failed to gain control over the Zone. Defeat!
[Groups.soldiers.Anarchy].Text-End-Standart-Victory;Victory! The government took control of the Zone and, upon reviewing documents from the laboratories, immediately classified everything. But somehow, portions of the documentation fell into public hands. Weapons, human experiments, the origin of the Zone... Now much of this has become public knowledge...
[Groups.soldiers.AntiZone].Text-End-Standart-Victory;Victory! The government took control of the Zone and, upon reviewing documents from the laboratories, immediately classified everything. Weapons, human experiments, the origin of the Zone... Now this will remain a secret forever... The new priority became the eradication of all Zone manifestations. Main target: mutants. Special units armed with shotguns and flamethrowers were formed to exterminate any creature, even minor rats. Eliminate anomalous Zone phenomena - a new government order that must be carried out.
[Groups.soldiers.Control].Text-End-Standart-Victory;Victory! The government took control of the Zone and, upon reviewing documents from the laboratories, immediately classified everything. Weapons, human experiments, the origin of the Zone... Now this will remain a secret forever...
[Groups.soldiers.Control].Text-End-Standart-Lose;No Military remain in the Zone... It is now unknown how this will end without government forces. You are demoted for failure! Defeat!
[Groups.soldiers.Crime].Text-End-Standart-Victory;Victory! The government took control of the Zone. But corruption and negligence flourished. For some reason, mutant raid ops consistently lacked gear, either due to defects or warehouse shortages... Perimeter guards were not securing the border, but collecting bribes for smuggling contraband, e.g., artifacts. It is unknown where this careless attitude toward the Zone will lead, but hardly to anything good...
[Groups.soldiers.Exploring].Text-End-Standart-Victory;Victory! Government troops managed to secure the entire Exclusion Zone and are rapidly restoring order. The new priority became ensuring the safety of research teams. Various small special forces detachments were formed for operations in highly hazardous conditions. Such were the underground complexes and laboratories, which, to the generals' surprise, turned out to be several times more numerous than initially assumed. All acquired information was swiftly classified, and the public only knew what the government chose to tell them.
[Groups.soldiers.Growth].Text-End-Standart-Victory;Victory! The government took control of the Zone and, upon reviewing documents from the laboratories, immediately classified everything. Weapons, human experiments, the origin of the Zone... Now this will remain a secret forever...
[Groups.soldiers.Growth].Text-End-Standart-Lose;No Military remain in the Zone... It is now unknown how this will end without government forces. You are demoted for failure! Defeat!
[Groups.soldiers.Mercenary].Text-End-Standart-Victory;Victory! Government troops managed to secure the entire Exclusion Zone and are rapidly restoring order. But corruption prevailed among commanders. Some began taking suspicious contracts from private firms. Various small soldier detachments formed, focusing on artifact harvesting and mutant capture for private «collectors». Service or money? This was the question everyone asked without exception...
[Groups.soldiers.Sectarianism].Text-End-Standart-Victory;Victory! The government took control of the Zone, but field commanders increasingly disregarded chain of command. Rotation did not help. The SBU reported a sectarian element among commanders, but further investigation proved impossible. Commanders expertly covered their tracks. So well, in fact, that even the C-Consciousness, mentioned in recovered documents, was never found...
[Groups.soldiers.Stability].Text-End-Standart-Victory;Victory! Government troops managed to secure the entire Exclusion Zone and are rapidly restoring order. Various small special forces detachments were formed for operations in highly hazardous conditions. Such were the underground complexes and laboratories, which, to the generals' surprise, turned out to be several times more numerous than initially assumed. All acquired information was swiftly classified, and the public only knew what the government chose to tell them.
[Groups.soldiers.Stalkers].Text-End-Standart-Victory;Victory! The government took control of the Zone. It decided not only to combat the Zone but to secretly profit from it. Several covert military stalker units were formed to search for high-value artifacts, later sold on the black market abroad to enrich certain "high-ranking officials". Thus, the so-called «artifact oligarchs» eventually emerged...
[Groups.soldiers.Unknow].Text-End-Standart-Victory;Victory! The government took control of the Zone and, upon reviewing documents from the laboratories, immediately classified everything. Weapons, human experiments, the origin of the Zone... Now this will remain a secret forever...
[Groups.soldiers.Unknow].Text-End-Standart-Lose;No Military remain in the Zone... It is now unknown how this will end without government forces. You are demoted for failure! Defeat!
[Groups.soldiers.Zombie].Text-End-Standart-Victory;Victory! Now the C-Consciousness is safe. Soon psi-emission covered the entire Zone thanks to an increased number of emitters. Even the Cordon became dangerous. Although the government did not let mutants out of the Zone, it no longer tried to reclaim it...
[Groups.soldiers.Zombie].Text-End-Step-Lose;Time's up. You failed to gain control over the Zone. You are demoted. Defeat!
[Groups.stalkers.:main].Spy1-Name;Novice
[Groups.stalkers.:main].Spy2-Name;Experienced
[Groups.stalkers.:main].Spy3-Name;Veteran
[Groups.stalkers.:main].Spy4-Name;Master
[Groups.stalkers.:main].Name;Loners
[Groups.stalkers.:main].Description;Loners - a faction without clear ideological or combat objectives. Their advantage lies in a natural predisposition to artifact hunting, which can greatly improve financial standing in capable hands. However, their territories are scattered across locations, making them difficult to hold. The faction must define its developmental priorities.
[Groups.stalkers.:main].DiplomacyText-Question-War;We declare war on you!
[Groups.stalkers.:main].DiplomacyText-Question-Neutral;Time to end this bloodshed. We're ready for peace. Are you?
[Groups.stalkers.:main].DiplomacyText-Question-Alliance;We wish to form an alliance with you. Do you agree?
[Groups.stalkers.:main].DiplomacyText-Question-BreakAlliance;We are terminating the alliance!
[Groups.stalkers.:main].DiplomacyText-RequestMoney-Ask;We've hit some financial difficulties. Could use some help. We're looking for a sum like this:
[Groups.stalkers.:main].DiplomacyText-Ans-0-Down;You backstabbing rat! War it is, then!
[Groups.stalkers.:main].DiplomacyText-Ans-1-Down;So be it.
[Groups.stalkers.:main].DiplomacyText-Ans-1-No;We see no necessity for that at the moment.
[Groups.stalkers.:main].DiplomacyText-Ans-1-Yes;Yes, we agree to a ceasefire.
[Groups.stalkers.:main].DiplomacyText-Ans-2-No;We are not sure this is needed right now.
[Groups.stalkers.:main].DiplomacyText-Ans-2-Yes;Yes, we agree to cooperate.
[Groups.stalkers.:main].DiplomacyText-RequestMoney-Ans-No;Regrettably, we are not in a position to provide that amount at this time.
[Groups.stalkers.:main].DiplomacyText-RequestMoney-Ans-Yes;Alright, we will transfer that sum to you.
[Groups.stalkers.:main].DiplomacyText-Question-Neutral-No;It's a shame you refused!
[Groups.stalkers.:main].DiplomacyText-Question-Neutral-Yes;Good! We're glad you agreed!
[Groups.stalkers.:main].DiplomacyText-Question-Alliance-No;It's a shame you refused!
[Groups.stalkers.:main].DiplomacyText-Question-Alliance-Yes;Good! We're glad you agreed!
[Groups.stalkers.:main].Text-End-Step-Victory;You survived! Victory!
[Groups.stalkers.:main].Text-End-EventFlag-Victory;Victory by event flag!
[Groups.stalkers.:main].Text-End-Standart-Lose;The faction has been completely wiped out. Now other factions will divide the Zone among themselves. Defeat!
[Groups.stalkers.:main].Text-End-Step-Lose;Time's up. You failed to gain control over the Zone. Defeat!
[Groups.stalkers.:main].Text-End-EventFlag-Lose;Time's up. You failed to gain control over the Zone. Defeat!
[Groups.stalkers.Anarchy].Text-End-Standart-Victory;Victory! Soon, a unified stalker faction drafted a set of rules resembling those of Freedom, but with clear differences. The focus shifted to money rather than ideology. Over time, "splinter" groups formed based on "interests", leading to a rift in leadership. Many spoke of an impending new stage of the «War in Zone»...
[Groups.stalkers.AntiZone].Text-End-Standart-Victory;Victory! Soon, a unified stalker faction drafted rules similar to Duty's, but without the military slant. Not everyone approved, but dissenters stayed quiet, as the new leadership actively fought all Zone threats, making artifact hunting safer and eliminating bandit worries. Mutant hunting was streamlined, so even blind dogs were rarely seen in the south. Faction command actively cooperated with Scientists and avoided clashing with the Military, leading to a new era of Zone exploration, though its secrets were reluctantly shared with the public.
[Groups.stalkers.Control].Text-End-Standart-Victory;Victory! Soon stalkers established rules to bring order to the Zone. Even military ranks replaced stalker ranks. Not a trace of the old command chaos remained. A strict chain of command was established. Newcomers were forcibly integrated into this hierarchy, while dissenters were immediately handed over to the Military beyond the Cordon without question. Rumors suggested military brass sat in faction leadership, but no one could prove it. Or perhaps they didn't live long enough to publish proof, as the Military took them to unknown locations. The Zone became less open, but safer, especially for government organizations.
[Groups.stalkers.Crime].Text-End-Standart-Victory;Victory! Soon stalkers enforced a rule: only one faction in the Zone, and everyone must pay a share. Traders were taxed. Those who couldn't pay were handed to the Military beyond the Cordon. The Zone became less open to government study, and the criminalized order reduced the influx of newcomers to stalkers-guarded territories.
[Groups.stalkers.Exploring].Text-End-Standart-Victory;Victory! Soon the free stalker faction actively collaborated with all scientists in the Zone. Harvesting mutant parts, artifacts, measuring anomalous activity... Everyone made a living this way. A real hunt began for documents from underground labs. Finding them was one thing... getting them to the nearest scientist bunker was another. The fact that bunkers multiplied didn't help. Bounty hunters became the new scourge of the Zone. If anyone learned a stalker had even one lab document or a valuable scientific item... they were as good as dead. They wouldn't reach any bunker. People in the Zone split into two: those who harvest and those who hunt the harvesters. Gunfire echoed everywhere. Gradually, the Zone grew more and more dangerous...
[Groups.stalkers.Growth].Text-End-Standart-Victory;Victory! Soon free stalkers established a rule: no more factions in the Zone, and anyone turning to banditry was handed to the Military beyond the Cordon. The Zone became open to study for all willing. And less dangerous.
[Groups.stalkers.Growth].Text-End-Standart-Lose;Loners have been completely wiped out. Now only factions will divide the Zone. No free stalkers remain! Defeat!
[Groups.stalkers.Mercenary].Text-End-Standart-Victory;Victory! Soon the free stalker faction increasingly resembled ordinary mercenaries. The strict hierarchy collapsed, the faction fractured. "Contracts" dictated the new order. Assassinations became so frequent that the Zone filled with "professional hitmen". But while people tore each other apart for money, the Zone grew far more dangerous, as mutants received far less attention than they should. Rumors said new, previously unknown, and extremely dangerous monsters were already spotted near the Cordon.
[Groups.stalkers.Sectarianism].Text-End-Standart-Victory;Victory! Soon the free stalker faction increasingly resembled a cult. "Lower ranks" whispered that "leadership" was under the influence of "certain forces from the north". Commanders' speeches grew increasingly religious. Active combat against government forces expanded to push influence beyond the perimeter. Brainwashing intensified daily, but some resisted and protected their minds. Most were in the south, outside the range of the reactivated psi-installations. A new stage of the «War in Zone» was brewing...
[Groups.stalkers.Stability].Text-End-Standart-Victory;Victory! Soon the free stalker faction, lacking external enemies, turned inward. Intrigue, scandals, executions... That's what the faction became. Tasks devolved to guarding and clearing main Zone routes, while remote areas were neglected. This led to a surge in mutants and those fleeing the internal infighting. The faction cooperated with Scientists and the Military, but reluctantly, prompting government forces to consider building a new base inside the perimeter, which could spark new clashes within the Zone...
[Groups.stalkers.Stalkers].Text-End-Standart-Victory;Victory! Soon free stalkers established a rule: no more factions in the Zone, and anyone turning to banditry was handed to the Military beyond the Cordon. The Zone became open to study for all willing. And less dangerous.
[Groups.stalkers.Stalkers].Text-End-Standart-Lose;Loners have been completely wiped out. Now only factions will divide the Zone. No free stalkers remain! Defeat!
[Groups.stalkers.Unknow].Text-End-Standart-Victory;Victory! Soon free stalkers established a rule: no more factions in the Zone, and anyone turning to banditry was handed to the Military beyond the Cordon. The Zone became open to study for all willing. And less dangerous.
[Groups.stalkers.Unknow].Text-End-Standart-Lose;Loners have been completely wiped out. Now only factions will divide the Zone. No free stalkers remain! Defeat!
[Groups.stalkers.Zombie].Text-End-Standart-Victory;Victory! Now the C-Consciousness is safe. Soon psi-emission covered the entire Zone thanks to an increased number of emitters. Even the Cordon became dangerous. Although the government did not let mutants out of the Zone, it no longer tried to reclaim it...