[SpecialEvents.Burst].Name;Emission!
[SpecialEvents.Burst].Desc-Yes;A major emission occurred in the Zone. Mutants became more active and appeared to be on the verge of a rampage. Our soldiers successfully survived the emission, but even in shelters they struggled, so the following amount of medical supplies were used:
[SpecialEvents.Burst].Desc-No;A major emission occurred in the Zone. Mutants became more active and appeared to be on the verge of a rampage. Some soldiers were unable to survive the emission due to a shortage of medical supplies, which they were forced to use even in shelters.
[Advisors.Advisor-Mutants-1].Name;Unknown
[Advisors.Advisor-Stalkers-1].Name;Unknown
[Advisors.Advisor-Bandits-1].Name;Unknown
[Advisors.Advisor-Soldiers-1].Name;Unknown
[Advisors.Advisor-Duty-1].Name;Unknown
[Advisors.Advisor-Freedom-1].Name;Unknown
[Advisors.Advisor-Monolith-1].Name;Unknown
[Advisors.Advisor-Mercenaries-1].Name;Unknown
[Advisors.Advisor-Scientists-1].Name;Unknown
[Advisors.Advisor-Zombie-1].Name;Unknown
[Advisors.Advisor-Mutants-KolRazum].Name;Collective mind
[Advisors.Advisor-Stalkers-Wolf].Name;Wolf
[Advisors.Advisor-Stalkers-Shustriy].Name;Nimble
[Advisors.Advisor-Stalkers-Fanat].Name;Fanatic
[Advisors.Advisor-Stalkers-Bes].Name;Bes
[Advisors.Advisor-Stalkers-Urik].Name;Yurik
[Advisors.Advisor-Stalkers-Seriy].Name;Seriy
[Advisors.Advisor-Stalkers-Demon].Name;Oleg «Friend» Gusarov
[Advisors.Advisor-Stalkers-Upir].Name;Vampire
[Advisors.Advisor-Stalkers-Arni].Name;Arnie
[Advisors.Advisor-Stalkers-Krot].Name;Mole
[Advisors.Advisor-Stalkers-Lis].Name;Fox
[Advisors.Advisor-Stalkers-Diodor].Name;Father Diodor
[Advisors.Advisor-Stalkers-Chuchelo].Name;Scarecrow
[Advisors.Advisor-Stalkers-Provodnik].Name;Guide
[Advisors.Advisor-Stalkers-Doctor].Name;Doctor
[Advisors.Advisor-Bandits-Kaban].Name;Vasya Boar
[Advisors.Advisor-Bandits-Fraer].Name;Friar
[Advisors.Advisor-Bandits-Kocherga].Name;Poker
[Advisors.Advisor-Bandits-Babtist].Name;Baptist
[Advisors.Advisor-Bandits-Chugun].Name;Cast Iron
[Advisors.Advisor-Soldiers-Kuznecov].Name;Major Kuznetsov
[Advisors.Advisor-Soldiers-Capitan].Name;Captain
[Advisors.Advisor-Soldiers-Chuguykin].Name;Lieutenant Chuguykin
[Advisors.Advisor-Soldiers-Specialist].Name;Specialist
[Advisors.Advisor-Soldiers-Poproshayko].Name;Major Poproshaiko
[Advisors.Advisor-Duty-Petrenko].Name;Colonel Petrenko
[Advisors.Advisor-Duty-Cherep].Name;Skull
[Advisors.Advisor-Duty-Ivancov].Name;Captain Ivantsov
[Advisors.Advisor-Duty-Plichko].Name;Sergeant Plichko
[Advisors.Advisor-Duty-Kizenko].Name;Sergeant Kitsenko
[Advisors.Advisor-Duty-Prapor].Name;Warrant Officer
[Advisors.Advisor-Duty-Lohmatiy].Name;Shaggy Sergei
[Advisors.Advisor-Duty-Barin].Name;Barin
[Advisors.Advisor-Duty-Pulya].Name;Bullet
[Advisors.Advisor-Freedom-Ugrumiy].Name;Murk
[Advisors.Advisor-Freedom-Kep].Name;Cap
[Advisors.Advisor-Freedom-Skryaga].Name;Skinflint
[Advisors.Advisor-Freedom-Max].Name;Max
[Advisors.Advisor-Freedom-Povar].Name;Chef
[Advisors.Advisor-Freedom-Pavlik].Name;Pavlik
[Advisors.Advisor-Monolith-Propovednik].Name;Preacher
[Advisors.Advisor-Monolith-Molitvennik].Name;Devotee
[Advisors.Advisor-Monolith-Messiya].Name;Messiah
[Advisors.Advisor-Mercenaries-Ara].Name;Ara
[Advisors.Advisor-Mercenaries-Tancpol].Name;Vitya Dancefloor
[Advisors.Advisor-Mercenaries-Avtobus].Name;Lyokha Bus
[Advisors.Advisor-Mercenaries-Rzhaviy].Name;Valera Rusty
[Advisors.Advisor-Mercenaries-Shtirlic].Name;Tolyan Stirlitz
[Advisors.Advisor-Mercenaries-Dollar].Name;Ivan «One Dollar»
[Advisors.Advisor-Mercenaries-Plintus].Name;Timur Plintus
[Advisors.Advisor-Scientists-Kruglov].Name;Professor Kruglov
[Advisors.Advisor-Scientists-Nachalnik].Name;Head of security
[Advisors.Advisor-Scientists-Semenov].Name;Semenov
[Advisors.Advisor-Scientists-Zob].Name;Zob
[Advisors.Advisor-Zombie-Kontroler].Name;Controller
[Achievements.Achiv-1].Name;The Wish Granter!
[Achievements.Achiv-1].Desc;New achievement unlocked! Capture the Sarcophagus as any faction except Monolith or Mutants, and hold it for 1 turn.
[Achievements.Achiv-1].Desc-Logo;Capture the Sarcophagus as any faction except Monolith or Mutants, and hold it for 1 turn.
[Achievements.Achiv-2].Name;King of the Zone!
[Achievements.Achiv-2].Desc;New achievement unlocked! Capture the entire Zone playing as the Bandits faction.
[Achievements.Achiv-2].Desc-Logo;Capture the entire Zone playing as the Bandits faction.
[Achievements.Achiv-3].Name;I Am Legend!
[Achievements.Achiv-3].Desc;New achievement unlocked! Complete the scenario on Master difficulty.
[Achievements.Achiv-3].Desc-Logo;Complete the scenario on Master difficulty.
[Achievements.Achiv-4].Name;Contract Fulfilled!
[Achievements.Achiv-4].Desc;New achievement unlocked! Capture the entire Zone playing as the Mercenaries faction.
[Achievements.Achiv-4].Desc-Logo;Capture the entire Zone playing as the Mercenaries faction.
[Achievements.Achiv-5].Name;Criminal Sect!
[Achievements.Achiv-5].Desc;New achievement unlocked! Adopt the Sectarianism ideology playing as the Bandits faction and survive for 1 turn.
[Achievements.Achiv-5].Desc-Logo;Adopt the Sectarianism ideology playing as the Bandits faction and survive for 1 turn.
[Achievements.Achiv-6].Name;Echo of the Swamps
[Achievements.Achiv-6].Desc;New achievement unlocked! Adopt the Stability ideology playing as the Military faction on Master difficulty and survive for 1 turn.
[Achievements.Achiv-6].Desc-Logo;Adopt the Stability ideology playing as the Military faction on Master difficulty and survive for 1 turn.
[Traders.World].Name;Outside World
[Traders.World].NeedText;Contact with the Outside World cannot always be established. Chance: 50%. Cost per connection attempt:
[Traders.YourGroup].Name;Your Faction Trader
[Traders.YourGroup].NeedText;You can always trade with your faction trader. Cost:
[Traders.OtherGroup].Name;Enemy Faction Trader
[Traders.OtherGroup].NeedText;To trade with other factions, first select an enemy territory on the map.
[Traders.Trader1].Name;Sidorovich
[Traders.Trader1].NeedText;Trading with him is possible only if you control the Novice Village territory on the Cordon. Cost:
[Traders.Trader2].Name;Barman
[Traders.Trader2].NeedText;Barman will be available for trading only if you control the 100 Rads Bar territory. Cost:
[Traders.Trader3].Name;Sakharov
[Traders.Trader3].NeedText;Sakharov is available only if you control the Bunker territory on the Yantar location. Cost:
[StoryEvents.Event-Cordon-1].Name;The Marked One Appears
[StoryEvents.Event-Cordon-1].Desc-Owner;Stalker Wolf reports that a stalker nicknamed the Marked One has regained consciousness. He has now taken on a job for Sidorovich. Perhaps we will soon learn what's really going on...
[StoryEvents.Event-Cordon-1].Desc-NonOwner;Rumors speak of an unknown stalker appearing in the Zone, called the Marked One. They say he was found alive in a crashed Death Truck...
[StoryEvents.Event-Cordon-2].Name;The Marked One Attacked the Territory Garrison
[StoryEvents.Event-Cordon-2].Desc-Owner;Damn it! Some stalker called the Marked One has started a fight on territory %0:s! Our casualties:
[StoryEvents.Event-Cordon-2].Desc-NonOwner;Rumors say that the stalker called the Marked One engaged in combat on territory %0:s.
[StoryEvents.Event-Cordon-3].Name;The Marked One is on the move
[StoryEvents.Event-Cordon-3].Desc-Owner;The stalker called the Marked One has been spotted in our territory %0:s at location %1:s. Our garrison let him through.
[StoryEvents.Event-Cordon-3].Desc-NonOwner;Rumors say that the stalker called the Marked One was spotted in territory %0:s at location %1:s.
[StoryEvents.Event-Cordon-4].Name;The Marked One Attacked the Territory Garrison
[StoryEvents.Event-Cordon-4].Desc-Owner;Our patrols encountered the stalker known as the Marked One. We lost the engagement on territory %0:s at location %1:s... Our casualties:
[StoryEvents.Event-Cordon-4].Desc-NonOwner;Rumors say that the stalker called the Marked One was spotted in territory %0:s at location %1:s.
[StoryEvents.Event-Cordon-5].Name;The Marked One continues his journey
[StoryEvents.Event-Cordon-5].Desc-Owner;The stalker called the Marked One has been spotted in our territory %0:s at location %1:s. Our garrison let him through.
[StoryEvents.Event-Cordon-5].Desc-NonOwner;Rumors say that the stalker called the Marked One was spotted in territory %0:s at location %1:s.
[StoryEvents.Event-Cordon-6].Name;The Marked One Attacked the Territory Garrison
[StoryEvents.Event-Cordon-6].Desc-Owner;Our patrols encountered the stalker known as the Marked One. We lost the engagement on territory %0:s at location %1:s... Our casualties:
[StoryEvents.Event-Cordon-6].Desc-NonOwner;Rumors say that the stalker called the Marked One was spotted in territory %0:s at location %1:s.
[StoryEvents.Event-Cordon-7].Name;The Marked One continues his journey
[StoryEvents.Event-Cordon-7].Desc-Owner;The stalker called the Marked One has been spotted in our territory %0:s at location %1:s. Our garrison let him through.
[StoryEvents.Event-Cordon-7].Desc-NonOwner;Rumors say that the stalker called the Marked One was spotted in territory %0:s at location %1:s.
[StoryEvents.Event-Cordon-8].Name;The Marked One Attacked the Territory Garrison
[StoryEvents.Event-Cordon-8].Desc-Owner;Our patrols encountered the stalker known as the Marked One. We lost the engagement on territory %0:s at location %1:s... Our casualties:
[StoryEvents.Event-Cordon-8].Desc-NonOwner;Rumors say that the stalker called the Marked One was spotted in territory %0:s at location %1:s.
[StoryEvents.Event-Cordon-ChangeOwner-1].Name;Territory Lost
[StoryEvents.Event-Cordon-ChangeOwner-1].Desc-Owner;We have lost control of territory %0:s at location %1:s.
[StoryEvents.Event-Cordon-ChangeOwner-1].Desc-NonOwner;If you see this, it's a bug in event Event-Cordon-ChangeOwner-1.
[StoryEvents.Event-Cordon-Advisor-1].Name;Faster Rescued
[StoryEvents.Event-Cordon-Advisor-1].Desc-Owner;Faster is now available as a deputy candidate!
[StoryEvents.Event-Cordon-Advisor-1].Desc-NonOwner;If you see this, it's a bug in event Event-Cordon-Advisor-1.
[StoryEvents.Event-Cordon-ChangeOwner-2].Name;Territory Lost
[StoryEvents.Event-Cordon-ChangeOwner-2].Desc-Owner;If you see this, it's a bug in event Event-Cordon-ChangeOwner-2.
[StoryEvents.Event-Cordon-ChangeOwner-2].Desc-NonOwner;If you see this, it's a bug in event Event-Cordon-ChangeOwner-2.
[StoryEvents.Event-Cordon-9].Name;The Marked One continues his journey
[StoryEvents.Event-Cordon-9].Desc-Owner;The stalker called the Marked One has been spotted in our territory %0:s at location %1:s. Our garrison let him through.
[StoryEvents.Event-Cordon-9].Desc-NonOwner;Rumors say that the stalker called the Marked One was spotted in territory %0:s at location %1:s.
[StoryEvents.Event-Cordon-10].Name;The Marked One Attacked the Territory Garrison
[StoryEvents.Event-Cordon-10].Desc-Owner;Our patrols encountered the stalker known as the Marked One. We lost the engagement on territory %0:s at location %1:s... Our casualties:
[StoryEvents.Event-Cordon-10].Desc-NonOwner;Rumors say that the stalker called the Marked One was spotted in territory %0:s at location %1:s.
[StoryEvents.Event-Cordon-11].Name;The Marked One continues his journey
[StoryEvents.Event-Cordon-11].Desc-Owner;The stalker called the Marked One has been spotted in our territory %0:s at location %1:s. Our garrison let him through.
[StoryEvents.Event-Cordon-11].Desc-NonOwner;Rumors say that the stalker called the Marked One was spotted in territory %0:s at location %1:s.
[StoryEvents.Event-Cordon-12].Name;The Marked One Attacked the Territory Garrison
[StoryEvents.Event-Cordon-12].Desc-Owner;Our patrols encountered the stalker known as the Marked One. We lost the engagement on territory %0:s at location %1:s... Our casualties:
[StoryEvents.Event-Cordon-12].Desc-NonOwner;Rumors say that the stalker called the Marked One was spotted in territory %0:s at location %1:s.
[StoryEvents.Event-Cordon-13].Name;The Marked One continues his journey
[StoryEvents.Event-Cordon-13].Desc-Owner;The stalker called the Marked One has been spotted in our territory %0:s at location %1:s. Our garrison let him through.
[StoryEvents.Event-Cordon-13].Desc-NonOwner;Rumors say that the stalker called the Marked One was spotted in territory %0:s at location %1:s.
[StoryEvents.Event-Cordon-14].Name;The Marked One Attacked the Territory Garrison
[StoryEvents.Event-Cordon-14].Desc-Owner;Our patrols encountered the stalker known as the Marked One. We lost the engagement on territory %0:s at location %1:s... Our casualties:
[StoryEvents.Event-Cordon-14].Desc-NonOwner;Rumors say that the stalker called the Marked One was spotted in territory %0:s at location %1:s.
[StoryEvents.Event-Cordon-15].Name;The Marked One continues his journey
[StoryEvents.Event-Cordon-15].Desc-Owner;The stalker called the Marked One has been spotted in our territory %0:s at location %1:s. Our garrison let him through.
[StoryEvents.Event-Cordon-15].Desc-NonOwner;Rumors say that the stalker called the Marked One was spotted in territory %0:s at location %1:s.
[StoryEvents.Event-Cordon-16].Name;The Marked One Attacked the Territory Garrison
[StoryEvents.Event-Cordon-16].Desc-Owner;Our patrols encountered the stalker known as the Marked One. We lost the engagement on territory %0:s at location %1:s... Our casualties:
[StoryEvents.Event-Cordon-16].Desc-NonOwner;Rumors say that the stalker called the Marked One was spotted in territory %0:s at location %1:s.
[StoryEvents.Event-Cordon-17].Name;The Marked One continues his journey
[StoryEvents.Event-Cordon-17].Desc-Owner;The stalker called the Marked One has been spotted in our territory %0:s at location %1:s. Our garrison let him through.
[StoryEvents.Event-Cordon-17].Desc-NonOwner;Rumors say that the stalker called the Marked One was spotted in territory %0:s at location %1:s.
[StoryEvents.Event-Cordon-18].Name;The Marked One Attacked the Territory Garrison
[StoryEvents.Event-Cordon-18].Desc-Owner;Our patrols encountered the stalker known as the Marked One. We lost the engagement on territory %0:s at location %1:s... Our casualties:
[StoryEvents.Event-Cordon-18].Desc-NonOwner;Rumors say that the stalker called the Marked One was spotted in territory %0:s at location %1:s.
[StoryEvents.Event-Cordon-19].Name;The Marked One continues his journey
[StoryEvents.Event-Cordon-19].Desc-Owner;The stalker called the Marked One has been spotted in our territory %0:s at location %1:s. Our garrison let him through.
[StoryEvents.Event-Cordon-19].Desc-NonOwner;Rumors say that the stalker called the Marked One was spotted in territory %0:s at location %1:s.
[StoryEvents.Event-Cordon-20].Name;The Marked One Attacked the Territory Garrison
[StoryEvents.Event-Cordon-20].Desc-Owner;Our patrols encountered the stalker known as the Marked One. We lost the engagement on territory %0:s at location %1:s... Our casualties:
[StoryEvents.Event-Cordon-20].Desc-NonOwner;Rumors say that the stalker called the Marked One was spotted in territory %0:s at location %1:s.
[StoryEvents.Event-Cordon-21].Name;The Marked One continues his journey
[StoryEvents.Event-Cordon-21].Desc-Owner;The stalker called the Marked One has been spotted in our territory %0:s at location %1:s. Our garrison let him through.
[StoryEvents.Event-Cordon-21].Desc-NonOwner;Rumors say that the stalker called the Marked One was spotted in territory %0:s at location %1:s.
[StoryEvents.Event-Cordon-22].Name;The Marked One Attacked the Territory Garrison
[StoryEvents.Event-Cordon-22].Desc-Owner;Our patrols encountered the stalker known as the Marked One. We lost the engagement on territory %0:s at location %1:s... Our casualties:
[StoryEvents.Event-Cordon-22].Desc-NonOwner;Rumors say that the stalker called the Marked One was spotted in territory %0:s at location %1:s.
[StoryEvents.Event-Cordon-ChangeOwner-3].Name;Territory Lost
[StoryEvents.Event-Cordon-ChangeOwner-3].Desc-Owner;We have lost control of territory %0:s at location %1:s.
[StoryEvents.Event-Cordon-ChangeOwner-3].Desc-NonOwner;If you see this, it's a bug in event Event-Cordon-ChangeOwner-3.
[StoryEvents.Event-Cordon-Advisor-2].Name;Fox Rescued
[StoryEvents.Event-Cordon-Advisor-2].Desc-Owner;Fox is now available as a deputy candidate!
[StoryEvents.Event-Cordon-Advisor-2].Desc-NonOwner;If you see this, it's a bug in event Event-Cordon-Advisor-2.
[StoryEvents.Event-Cordon-23].Name;The Marked One continues his journey
[StoryEvents.Event-Cordon-23].Desc-Owner;The stalker called the Marked One has been spotted in our territory %0:s at location %1:s. Our garrison let him through.
[StoryEvents.Event-Cordon-23].Desc-NonOwner;Rumors say that the stalker called the Marked One was spotted in territory %0:s at location %1:s.
[StoryEvents.Event-Cordon-24].Name;The Marked One Attacked the Territory Garrison
[StoryEvents.Event-Cordon-24].Desc-Owner;Our patrols encountered the stalker known as the Marked One. We lost the engagement on territory %0:s at location %1:s... Our casualties:
[StoryEvents.Event-Cordon-24].Desc-NonOwner;Rumors say that the stalker called the Marked One was spotted in territory %0:s at location %1:s.
[StoryEvents.Event-Cordon-25].Name;The Marked One continues his journey
[StoryEvents.Event-Cordon-25].Desc-Owner;The stalker called the Marked One has been spotted in our territory %0:s at location %1:s. Our garrison let him through.
[StoryEvents.Event-Cordon-25].Desc-NonOwner;Rumors say that the stalker called the Marked One was spotted in territory %0:s at location %1:s.
[StoryEvents.Event-Cordon-26].Name;The Marked One Attacked the Territory Garrison
[StoryEvents.Event-Cordon-26].Desc-Owner;Our patrols encountered the stalker known as the Marked One. We lost the engagement on territory %0:s at location %1:s... Our casualties:
[StoryEvents.Event-Cordon-26].Desc-NonOwner;Rumors say that the stalker called the Marked One was spotted in territory %0:s at location %1:s.
[StoryEvents.Event-Dump-1].Name;The Marked One continues his journey
[StoryEvents.Event-Dump-1].Desc-Owner;The stalker called the Marked One has been spotted in our territory %0:s at location %1:s. Our garrison let him through.
[StoryEvents.Event-Dump-1].Desc-NonOwner;Rumors say that the stalker called the Marked One was spotted in territory %0:s at location %1:s.
[StoryEvents.Event-Dump-2].Name;The Marked One Attacked the Territory Garrison
[StoryEvents.Event-Dump-2].Desc-Owner;Our patrols encountered the stalker known as the Marked One. We lost the engagement on territory %0:s at location %1:s... Our casualties:
[StoryEvents.Event-Dump-2].Desc-NonOwner;Rumors say that the stalker called the Marked One was spotted in territory %0:s at location %1:s.
[StoryEvents.Event-Dump-ChangeOwner-1].Name;Territory Lost
[StoryEvents.Event-Dump-ChangeOwner-1].Desc-Owner;We have lost control of territory %0:s at location %1:s.
[StoryEvents.Event-Dump-ChangeOwner-1].Desc-NonOwner;If you see this, it's a bug in event Event-Cordon-ChangeOwner-1.
[StoryEvents.Event-Dump-Advisor-1].Name;Yurik Rescued
[StoryEvents.Event-Dump-Advisor-1].Desc-Owner;Yurik is now available as a deputy candidate!
[StoryEvents.Event-Dump-Advisor-1].Desc-NonOwner;If you see this, it's a bug in event Event-Dump-Advisor-1.
[StoryEvents.Event-Dump-ChangeOwner-2].Name;Territory Lost
[StoryEvents.Event-Dump-ChangeOwner-2].Desc-Owner;If you see this, it's a bug in event Event-Cordon-ChangeOwner-2.
[StoryEvents.Event-Dump-ChangeOwner-2].Desc-NonOwner;If you see this, it's a bug in event Event-Cordon-ChangeOwner-2.
[StoryEvents.Event-Dump-AddUnit-1].Name;Technical Event
[StoryEvents.Event-Dump-AddUnit-1].Desc-Owner;If you see this, it's a bug in event Event-Dump-AddUnit-1.
[StoryEvents.Event-Dump-AddUnit-1].Desc-NonOwner;If you see this, it's a bug in event Event-Dump-AddUnit-1.
[StoryEvents.Event-Dump-3].Name;The Marked One continues his journey
[StoryEvents.Event-Dump-3].Desc-Owner;The stalker called the Marked One has been spotted in our territory %0:s at location %1:s. Our garrison let him through.
[StoryEvents.Event-Dump-3].Desc-NonOwner;Rumors say that the stalker called the Marked One was spotted in territory %0:s at location %1:s.
[StoryEvents.Event-Dump-4].Name;The Marked One Attacked the Territory Garrison
[StoryEvents.Event-Dump-4].Desc-Owner;Our patrols encountered the stalker known as the Marked One. We lost the engagement on territory %0:s at location %1:s... Our casualties:
[StoryEvents.Event-Dump-4].Desc-NonOwner;Rumors say that the stalker called the Marked One was spotted in territory %0:s at location %1:s.
[StoryEvents.Event-Dump-Advisor-2].Name;Bes
[StoryEvents.Event-Dump-Advisor-2].Desc-Owner;Bes is now available as a deputy candidate!
[StoryEvents.Event-Dump-Advisor-2].Desc-NonOwner;If you see this, it's a bug in event Event-Dump-Advisor-2.
[StoryEvents.Event-Dump-5].Name;The Marked One continues his journey
[StoryEvents.Event-Dump-5].Desc-Owner;The stalker called the Marked One has been spotted in our territory %0:s at location %1:s. Our garrison let him through.
[StoryEvents.Event-Dump-5].Desc-NonOwner;Rumors say that the stalker called the Marked One was spotted in territory %0:s at location %1:s.
[StoryEvents.Event-Dump-6].Name;The Marked One Attacked the Territory Garrison
[StoryEvents.Event-Dump-6].Desc-Owner;Our patrols encountered the stalker known as the Marked One. We lost the engagement on territory %0:s at location %1:s... Our casualties:
[StoryEvents.Event-Dump-6].Desc-NonOwner;Rumors say that the stalker called the Marked One was spotted in territory %0:s at location %1:s.
[StoryEvents.Event-Dump-7].Name;The Marked One continues his journey
[StoryEvents.Event-Dump-7].Desc-Owner;The stalker called the Marked One has been spotted in our territory %0:s at location %1:s. Our garrison let him through.
[StoryEvents.Event-Dump-7].Desc-NonOwner;Rumors say that the stalker called the Marked One was spotted in territory %0:s at location %1:s.
[StoryEvents.Event-Dump-8].Name;The Marked One Attacked the Territory Garrison
[StoryEvents.Event-Dump-8].Desc-Owner;Our patrols encountered the stalker known as the Marked One. We lost the engagement on territory %0:s at location %1:s... Our casualties:
[StoryEvents.Event-Dump-8].Desc-NonOwner;Rumors say that the stalker called the Marked One was spotted in territory %0:s at location %1:s.
[StoryEvents.Event-Dump-9].Name;The Marked One continues his journey
[StoryEvents.Event-Dump-9].Desc-Owner;The stalker called the Marked One has been spotted in our territory %0:s at location %1:s. Our garrison let him through.
[StoryEvents.Event-Dump-9].Desc-NonOwner;Rumors say that the stalker called the Marked One was spotted in territory %0:s at location %1:s.
[StoryEvents.Event-Dump-10].Name;The Marked One Attacked the Territory Garrison
[StoryEvents.Event-Dump-10].Desc-Owner;Our patrols encountered the stalker known as the Marked One. We lost the engagement on territory %0:s at location %1:s... Our casualties:
[StoryEvents.Event-Dump-10].Desc-NonOwner;Rumors say that the stalker called the Marked One was spotted in territory %0:s at location %1:s.
[StoryEvents.Event-Dump-Advisor-3].Name;Gray
[StoryEvents.Event-Dump-Advisor-3].Desc-Owner;Gray is now available as a deputy candidate!
[StoryEvents.Event-Dump-Advisor-3].Desc-NonOwner;If you see this, it's a bug in event Event-Dump-Advisor-3.
[StoryEvents.Event-Dump-11].Name;The Marked One continues his journey
[StoryEvents.Event-Dump-11].Desc-Owner;The stalker called the Marked One has been spotted in our territory %0:s at location %1:s. Our garrison let him through.
[StoryEvents.Event-Dump-11].Desc-NonOwner;Rumors say that the stalker called the Marked One was spotted in territory %0:s at location %1:s.
[StoryEvents.Event-Dump-12].Name;The Marked One Attacked the Territory Garrison
[StoryEvents.Event-Dump-12].Desc-Owner;Our patrols encountered the stalker known as the Marked One. We lost the engagement on territory %0:s at location %1:s... Our casualties:
[StoryEvents.Event-Dump-12].Desc-NonOwner;Rumors say that the stalker called the Marked One was spotted in territory %0:s at location %1:s.
[StoryEvents.Event-Dump-13].Name;The Marked One continues his journey
[StoryEvents.Event-Dump-13].Desc-Owner;The stalker called the Marked One has been spotted in our territory %0:s at location %1:s. Our garrison let him through.
[StoryEvents.Event-Dump-13].Desc-NonOwner;Rumors say that the stalker called the Marked One was spotted in territory %0:s at location %1:s.
[StoryEvents.Event-Dump-14].Name;The Marked One Attacked the Territory Garrison
[StoryEvents.Event-Dump-14].Desc-Owner;Our patrols encountered the stalker known as the Marked One. We lost the engagement on territory %0:s at location %1:s... Our casualties:
[StoryEvents.Event-Dump-14].Desc-NonOwner;Rumors say that the stalker called the Marked One was spotted in territory %0:s at location %1:s.
[StoryEvents.Event-Agroprom-1].Name;The Marked One continues his journey
[StoryEvents.Event-Agroprom-1].Desc-Owner;The stalker called the Marked One has been spotted in our territory %0:s at location %1:s. Our garrison let him through.
[StoryEvents.Event-Agroprom-1].Desc-NonOwner;Rumors say that the stalker called the Marked One was spotted in territory %0:s at location %1:s.
[StoryEvents.Event-Agroprom-2].Name;The Marked One Attacked the Territory Garrison
[StoryEvents.Event-Agroprom-2].Desc-Owner;Our patrols encountered the stalker known as the Marked One. We lost the engagement on territory %0:s at location %1:s... Our casualties:
[StoryEvents.Event-Agroprom-2].Desc-NonOwner;Rumors say that the stalker called the Marked One was spotted in territory %0:s at location %1:s.
[StoryEvents.Event-Agroprom-Helicopter-1].Name;Helicopter Spotted
[StoryEvents.Event-Agroprom-Helicopter-1].Desc-Owner;A military helicopter has been spotted over location %1:s!
[StoryEvents.Event-Agroprom-Helicopter-1].Desc-NonOwner;Rumors say that the stalker called the Marked One was spotted in territory %0:s at location %1:s.
[StoryEvents.Event-Agroprom-3].Name;The Marked One continues his journey
[StoryEvents.Event-Agroprom-3].Desc-Owner;The stalker called the Marked One has been spotted in our territory %0:s at location %1:s. Our garrison let him through.
[StoryEvents.Event-Agroprom-3].Desc-NonOwner;Rumors say that the stalker called the Marked One was spotted in territory %0:s at location %1:s.
[StoryEvents.Event-Agroprom-4].Name;The Marked One Attacked the Territory Garrison
[StoryEvents.Event-Agroprom-4].Desc-Owner;Our patrols encountered the stalker known as the Marked One. We lost the engagement on territory %0:s at location %1:s... Our casualties:
[StoryEvents.Event-Agroprom-4].Desc-NonOwner;Rumors say that the stalker called the Marked One was spotted in territory %0:s at location %1:s.
[StoryEvents.Event-Agroprom-SetFlag1-1].Name;Technical Event
[StoryEvents.Event-Agroprom-SetFlag1-1].Desc-Owner;If you see this, it's a bug in event Event-Agroprom-SetFlag1-1.
[StoryEvents.Event-Agroprom-SetFlag1-1].Desc-NonOwner;If you see this, it's a bug in event Event-Agroprom-SetFlag1-1.
[StoryEvents.Event-Agroprom-Helicopter-2].Name;Helicopter Attack
[StoryEvents.Event-Agroprom-Helicopter-2].Desc-Owner;Territory %0:s at location %1:s has been struck by a military helicopter! Presumably, we have suffered the following casualties:
[StoryEvents.Event-Agroprom-Helicopter-2].Desc-NonOwner;Territory %0:s at location %1:s has been struck by a military helicopter!
[StoryEvents.Event-Agroprom-Invasion-1].Name;Military Assault
[StoryEvents.Event-Agroprom-Invasion-1].Desc-Owner;Territory %0:s at location %1:s is being assaulted by a Military landing force!
[StoryEvents.Event-Agroprom-Invasion-1].Desc-NonOwner;We received intelligence that territory %0:s at location %1:s is being assaulted by a Military landing force!
[StoryEvents.Event-Agroprom-SetFlag1-2].Name;Technical Event
[StoryEvents.Event-Agroprom-SetFlag1-2].Desc-Owner;If you see this, it's a bug in event Event-Agroprom-SetFlag1-2.
[StoryEvents.Event-Agroprom-SetFlag1-2].Desc-NonOwner;If you see this, it's a bug in event Event-Agroprom-SetFlag1-2.
[StoryEvents.Event-Agroprom-5].Name;The Marked One continues his journey
[StoryEvents.Event-Agroprom-5].Desc-Owner;The stalker called the Marked One has been spotted in our territory %0:s at location %1:s. Our garrison let him through.
[StoryEvents.Event-Agroprom-5].Desc-NonOwner;Rumors say that the stalker called the Marked One was spotted in territory %0:s at location %1:s.
[StoryEvents.Event-Agroprom-6].Name;The Marked One Attacked the Territory Garrison
[StoryEvents.Event-Agroprom-6].Desc-Owner;Our patrols encountered the stalker known as the Marked One. We lost the engagement on territory %0:s at location %1:s... Our casualties:
[StoryEvents.Event-Agroprom-6].Desc-NonOwner;Rumors say that the stalker called the Marked One was spotted in territory %0:s at location %1:s.
[StoryEvents.Event-Agroprom-Advisor-1].Name;Mole
[StoryEvents.Event-Agroprom-Advisor-1].Desc-Owner;Mole is now available as a deputy candidate!
[StoryEvents.Event-Agroprom-Advisor-1].Desc-NonOwner;If you see this, it's a bug in event Event-Agroprom-Advisor-1.
[StoryEvents.Event-Agroprom-7].Name;The Marked One continues his journey
[StoryEvents.Event-Agroprom-7].Desc-Owner;The stalker called the Marked One has been spotted in our territory %0:s at location %1:s. Our garrison let him through.
[StoryEvents.Event-Agroprom-7].Desc-NonOwner;Rumors say that the stalker called the Marked One was spotted in territory %0:s at location %1:s.
[StoryEvents.Event-Agroprom-8].Name;The Marked One Attacked the Territory Garrison
[StoryEvents.Event-Agroprom-8].Desc-Owner;Our patrols encountered the stalker known as the Marked One. We lost the engagement on territory %0:s at location %1:s... Our casualties:
[StoryEvents.Event-Agroprom-8].Desc-NonOwner;Rumors say that the stalker called the Marked One was spotted in territory %0:s at location %1:s.
[StoryEvents.Event-Agroprom-9].Name;The Marked One continues his journey
[StoryEvents.Event-Agroprom-9].Desc-Owner;The stalker called the Marked One has been spotted in our territory %0:s at location %1:s. Our garrison let him through.
[StoryEvents.Event-Agroprom-9].Desc-NonOwner;Rumors say that the stalker called the Marked One was spotted in territory %0:s at location %1:s.
[StoryEvents.Event-Agroprom-10].Name;The Marked One Attacked the Territory Garrison
[StoryEvents.Event-Agroprom-10].Desc-Owner;Our patrols encountered the stalker known as the Marked One. We lost the engagement on territory %0:s at location %1:s... Our casualties:
[StoryEvents.Event-Agroprom-10].Desc-NonOwner;Rumors say that the stalker called the Marked One was spotted in territory %0:s at location %1:s.
[StoryEvents.Event-Agroprom-11].Name;The Marked One continues his journey
[StoryEvents.Event-Agroprom-11].Desc-Owner;The stalker called the Marked One has been spotted in our territory %0:s at location %1:s. Our garrison let him through.
[StoryEvents.Event-Agroprom-11].Desc-NonOwner;Rumors say that the stalker called the Marked One was spotted in territory %0:s at location %1:s.
[StoryEvents.Event-Agroprom-12].Name;The Marked One Attacked the Territory Garrison
[StoryEvents.Event-Agroprom-12].Desc-Owner;Our patrols encountered the stalker known as the Marked One. We lost the engagement on territory %0:s at location %1:s... Our casualties:
[StoryEvents.Event-Agroprom-12].Desc-NonOwner;Rumors say that the stalker called the Marked One was spotted in territory %0:s at location %1:s.
[StoryEvents.Event-Agroprom-13].Name;The Marked One continues his journey
[StoryEvents.Event-Agroprom-13].Desc-Owner;The stalker called the Marked One has been spotted in our territory %0:s at location %1:s. Our garrison let him through.
[StoryEvents.Event-Agroprom-13].Desc-NonOwner;Rumors say that the stalker called the Marked One was spotted in territory %0:s at location %1:s.
[StoryEvents.Event-Agroprom-14].Name;The Marked One Attacked the Territory Garrison
[StoryEvents.Event-Agroprom-14].Desc-Owner;Our patrols encountered the stalker known as the Marked One. We lost the engagement on territory %0:s at location %1:s... Our casualties:
[StoryEvents.Event-Agroprom-14].Desc-NonOwner;Rumors say that the stalker called the Marked One was spotted in territory %0:s at location %1:s.
[StoryEvents.Event-Agroprom-Documents].Name;The Marked One continues his journey
[StoryEvents.Event-Agroprom-Documents].Desc-Owner;Someone has stolen important documents from our base! Alert!
[StoryEvents.Event-Agroprom-Documents].Desc-NonOwner;Rumors say that the stalker called the Marked One stole some important documents from the Military base on territory %0:s at location %1:s.
[StoryEvents.Event-Agroprom-15].Name;The Marked One continues his journey
[StoryEvents.Event-Agroprom-15].Desc-Owner;The stalker called the Marked One has been spotted in our territory %0:s at location %1:s. Our garrison let him through.
[StoryEvents.Event-Agroprom-15].Desc-NonOwner;Rumors say that the stalker called the Marked One was spotted in territory %0:s at location %1:s.
[StoryEvents.Event-Agroprom-16].Name;The Marked One Attacked the Territory Garrison
[StoryEvents.Event-Agroprom-16].Desc-Owner;Our patrols encountered the stalker known as the Marked One. We lost the engagement on territory %0:s at location %1:s... Our casualties:
[StoryEvents.Event-Agroprom-16].Desc-NonOwner;Rumors say that the stalker called the Marked One was spotted in territory %0:s at location %1:s.
[StoryEvents.Event-Agroprom-17].Name;The Marked One continues his journey
[StoryEvents.Event-Agroprom-17].Desc-Owner;The stalker called the Marked One has been spotted in our territory %0:s at location %1:s. Our garrison let him through.
[StoryEvents.Event-Agroprom-17].Desc-NonOwner;Rumors say that the stalker called the Marked One was spotted in territory %0:s at location %1:s.
[StoryEvents.Event-Agroprom-18].Name;The Marked One Attacked the Territory Garrison
[StoryEvents.Event-Agroprom-18].Desc-Owner;Our patrols encountered the stalker known as the Marked One. We lost the engagement on territory %0:s at location %1:s... Our casualties:
[StoryEvents.Event-Agroprom-18].Desc-NonOwner;Rumors say that the stalker called the Marked One was spotted in territory %0:s at location %1:s.
[StoryEvents.Event-Agroprom-19].Name;The Marked One continues his journey
[StoryEvents.Event-Agroprom-19].Desc-Owner;The stalker called the Marked One has been spotted in our territory %0:s at location %1:s. Our garrison let him through.
[StoryEvents.Event-Agroprom-19].Desc-NonOwner;Rumors say that the stalker called the Marked One was spotted in territory %0:s at location %1:s.
[StoryEvents.Event-Agroprom-20].Name;The Marked One Attacked the Territory Garrison
[StoryEvents.Event-Agroprom-20].Desc-Owner;Our patrols encountered the stalker known as the Marked One. We lost the engagement on territory %0:s at location %1:s... Our casualties:
[StoryEvents.Event-Agroprom-20].Desc-NonOwner;Rumors say that the stalker called the Marked One was spotted in territory %0:s at location %1:s.
[StoryEvents.Event-Agroprom-21].Name;The Marked One continues his journey
[StoryEvents.Event-Agroprom-21].Desc-Owner;The stalker called the Marked One has been spotted in our territory %0:s at location %1:s. Our garrison let him through.
[StoryEvents.Event-Agroprom-21].Desc-NonOwner;Rumors say that the stalker called the Marked One was spotted in territory %0:s at location %1:s.
[StoryEvents.Event-Agroprom-22].Name;The Marked One Attacked the Territory Garrison
[StoryEvents.Event-Agroprom-22].Desc-Owner;Our patrols encountered the stalker known as the Marked One. We lost the engagement on territory %0:s at location %1:s... Our casualties:
[StoryEvents.Event-Agroprom-22].Desc-NonOwner;Rumors say that the stalker called the Marked One was spotted in territory %0:s at location %1:s.
[StoryEvents.Event-Dump2-1].Name;The Marked One continues his journey
[StoryEvents.Event-Dump2-1].Desc-Owner;The stalker called the Marked One has been spotted in our territory %0:s at location %1:s. Our garrison let him through.
[StoryEvents.Event-Dump2-1].Desc-NonOwner;Rumors say that the stalker called the Marked One was spotted in territory %0:s at location %1:s.
[StoryEvents.Event-Dump2-2].Name;The Marked One Attacked the Territory Garrison
[StoryEvents.Event-Dump2-2].Desc-Owner;Our patrols encountered the stalker known as the Marked One. We lost the engagement on territory %0:s at location %1:s... Our casualties:
[StoryEvents.Event-Dump2-2].Desc-NonOwner;Rumors say that the stalker called the Marked One was spotted in territory %0:s at location %1:s.
[StoryEvents.Event-Dump2-3].Name;The Marked One continues his journey
[StoryEvents.Event-Dump2-3].Desc-Owner;The stalker called the Marked One has been spotted in our territory %0:s at location %1:s. Our garrison let him through.
[StoryEvents.Event-Dump2-3].Desc-NonOwner;Rumors say that the stalker called the Marked One was spotted in territory %0:s at location %1:s.
[StoryEvents.Event-Dump2-4].Name;The Marked One Attacked the Territory Garrison
[StoryEvents.Event-Dump2-4].Desc-Owner;Our patrols encountered the stalker known as the Marked One. We lost the engagement on territory %0:s at location %1:s... Our casualties:
[StoryEvents.Event-Dump2-4].Desc-NonOwner;Rumors say that the stalker called the Marked One was spotted in territory %0:s at location %1:s.
[StoryEvents.Event-Dump2-5].Name;The Marked One continues his journey
[StoryEvents.Event-Dump2-5].Desc-Owner;The stalker called the Marked One has been spotted in our territory %0:s at location %1:s. Our garrison let him through.
[StoryEvents.Event-Dump2-5].Desc-NonOwner;Rumors say that the stalker called the Marked One was spotted in territory %0:s at location %1:s.
[StoryEvents.Event-Dump2-6].Name;The Marked One Attacked the Territory Garrison
[StoryEvents.Event-Dump2-6].Desc-Owner;Our patrols encountered the stalker known as the Marked One. We lost the engagement on territory %0:s at location %1:s... Our casualties:
[StoryEvents.Event-Dump2-6].Desc-NonOwner;Rumors say that the stalker called the Marked One was spotted in territory %0:s at location %1:s.
[StoryEvents.Event-Dump2-7].Name;The Marked One continues his journey
[StoryEvents.Event-Dump2-7].Desc-Owner;The stalker called the Marked One has been spotted in our territory %0:s at location %1:s. Our garrison let him through.
[StoryEvents.Event-Dump2-7].Desc-NonOwner;Rumors say that the stalker called the Marked One was spotted in territory %0:s at location %1:s.
[StoryEvents.Event-Dump2-8].Name;The Marked One Attacked the Territory Garrison
[StoryEvents.Event-Dump2-8].Desc-Owner;Our patrols encountered the stalker known as the Marked One. We lost the engagement on territory %0:s at location %1:s... Our casualties:
[StoryEvents.Event-Dump2-8].Desc-NonOwner;Rumors say that the stalker called the Marked One was spotted in territory %0:s at location %1:s.
[StoryEvents.Event-Dump2-9].Name;The Marked One continues his journey
[StoryEvents.Event-Dump2-9].Desc-Owner;The stalker called the Marked One has been spotted in our territory %0:s at location %1:s. Our garrison let him through.
[StoryEvents.Event-Dump2-9].Desc-NonOwner;Rumors say that the stalker called the Marked One was spotted in territory %0:s at location %1:s.
[StoryEvents.Event-Dump2-10].Name;The Marked One Attacked the Territory Garrison
[StoryEvents.Event-Dump2-10].Desc-Owner;Our patrols encountered the stalker known as the Marked One. We lost the engagement on territory %0:s at location %1:s... Our casualties:
[StoryEvents.Event-Dump2-10].Desc-NonOwner;Rumors say that the stalker called the Marked One was spotted in territory %0:s at location %1:s.
[StoryEvents.Event-Rostok-1].Name;The Marked One continues his journey
[StoryEvents.Event-Rostok-1].Desc-Owner;The stalker called the Marked One has been spotted in our territory %0:s at location %1:s. Our garrison let him through.
[StoryEvents.Event-Rostok-1].Desc-NonOwner;Rumors say that the stalker called the Marked One was spotted in territory %0:s at location %1:s.
[StoryEvents.Event-Rostok-2].Name;The Marked One Attacked the Territory Garrison
[StoryEvents.Event-Rostok-2].Desc-Owner;Our patrols encountered the stalker known as the Marked One. We lost the engagement on territory %0:s at location %1:s... Our casualties:
[StoryEvents.Event-Rostok-2].Desc-NonOwner;Rumors say that the stalker called the Marked One was spotted in territory %0:s at location %1:s.
[StoryEvents.Event-Rostok-3].Name;The Marked One continues his journey
[StoryEvents.Event-Rostok-3].Desc-Owner;The stalker called the Marked One has been spotted in our territory %0:s at location %1:s. Our garrison let him through.
[StoryEvents.Event-Rostok-3].Desc-NonOwner;Rumors say that the stalker called the Marked One was spotted in territory %0:s at location %1:s.
[StoryEvents.Event-Rostok-4].Name;The Marked One Attacked the Territory Garrison
[StoryEvents.Event-Rostok-4].Desc-Owner;Our patrols encountered the stalker known as the Marked One. We lost the engagement on territory %0:s at location %1:s... Our casualties:
[StoryEvents.Event-Rostok-4].Desc-NonOwner;Rumors say that the stalker called the Marked One was spotted in territory %0:s at location %1:s.
[StoryEvents.Event-Rostok-5].Name;The Marked One continues his journey
[StoryEvents.Event-Rostok-5].Desc-Owner;The stalker called the Marked One has been spotted in our territory %0:s at location %1:s. Our garrison let him through.
[StoryEvents.Event-Rostok-5].Desc-NonOwner;Rumors say that the stalker called the Marked One was spotted in territory %0:s at location %1:s.
[StoryEvents.Event-Rostok-6].Name;The Marked One Attacked the Territory Garrison
[StoryEvents.Event-Rostok-6].Desc-Owner;Our patrols encountered the stalker known as the Marked One. We lost the engagement on territory %0:s at location %1:s... Our casualties:
[StoryEvents.Event-Rostok-6].Desc-NonOwner;Rumors say that the stalker called the Marked One was spotted in territory %0:s at location %1:s.
[StoryEvents.Event-Rostok-7].Name;The Marked One continues his journey
[StoryEvents.Event-Rostok-7].Desc-Owner;The stalker called the Marked One has been spotted in our territory %0:s at location %1:s and met with Barman. Our garrison let him through.
[StoryEvents.Event-Rostok-7].Desc-NonOwner;Rumors say that the stalker called the Marked One was spotted in territory %0:s at location %1:s and was negotiating with Barman.
[StoryEvents.Event-Rostok-8].Name;The Marked One Attacked the Territory Garrison
[StoryEvents.Event-Rostok-8].Desc-Owner;Our patrols encountered the stalker known as the Marked One. We lost the engagement on territory %0:s at location %1:s... Our casualties:
[StoryEvents.Event-Rostok-8].Desc-NonOwner;Rumors say that the stalker called the Marked One was spotted in territory %0:s at location %1:s.
[StoryEvents.Event-Rostok-9].Name;The Marked One continues his journey
[StoryEvents.Event-Rostok-9].Desc-Owner;The stalker called the Marked One has been spotted in our territory %0:s at location %1:s. Our garrison let him through.
[StoryEvents.Event-Rostok-9].Desc-NonOwner;Rumors say that the stalker called the Marked One was spotted in territory %0:s at location %1:s.
[StoryEvents.Event-Rostok-10].Name;The Marked One Attacked the Territory Garrison
[StoryEvents.Event-Rostok-10].Desc-Owner;Our patrols encountered the stalker known as the Marked One. We lost the engagement on territory %0:s at location %1:s... Our casualties:
[StoryEvents.Event-Rostok-10].Desc-NonOwner;Rumors say that the stalker called the Marked One was spotted in territory %0:s at location %1:s.
[StoryEvents.Event-Rostok-11].Name;The Marked One continues his journey
[StoryEvents.Event-Rostok-11].Desc-Owner;The stalker called the Marked One has been spotted in our territory %0:s at location %1:s. Our garrison let him through.
[StoryEvents.Event-Rostok-11].Desc-NonOwner;Rumors say that the stalker called the Marked One was spotted in territory %0:s at location %1:s.
[StoryEvents.Event-Rostok-12].Name;The Marked One Attacked the Territory Garrison
[StoryEvents.Event-Rostok-12].Desc-Owner;Our patrols encountered the stalker known as the Marked One. We lost the engagement on territory %0:s at location %1:s... Our casualties:
[StoryEvents.Event-Rostok-12].Desc-NonOwner;Rumors say that the stalker called the Marked One was spotted in territory %0:s at location %1:s.
[StoryEvents.Event-Rostok-13].Name;The Marked One continues his journey
[StoryEvents.Event-Rostok-13].Desc-Owner;The stalker called the Marked One has been spotted in our territory %0:s at location %1:s. Our garrison let him through.
[StoryEvents.Event-Rostok-13].Desc-NonOwner;Rumors say that the stalker called the Marked One was spotted in territory %0:s at location %1:s.
[StoryEvents.Event-Rostok-14].Name;The Marked One Attacked the Territory Garrison
[StoryEvents.Event-Rostok-14].Desc-Owner;Our patrols encountered the stalker known as the Marked One. We lost the engagement on territory %0:s at location %1:s... Our casualties:
[StoryEvents.Event-Rostok-14].Desc-NonOwner;Rumors say that the stalker called the Marked One was spotted in territory %0:s at location %1:s.
[StoryEvents.Event-Dump3-1].Name;The Marked One continues his journey
[StoryEvents.Event-Dump3-1].Desc-Owner;The stalker known as the Marked One has been spotted in our territory %0:s at location %1:s. Our garrison let him pass.
[StoryEvents.Event-Dump3-1].Desc-NonOwner;Rumors say that the stalker known as the Marked One was spotted in territory %0:s at location %1:s.
[StoryEvents.Event-Dump3-2].Name;The Marked One attacked the territory garrison
[StoryEvents.Event-Dump3-2].Desc-Owner;Our patrols encountered the stalker known as the Marked One. We lost the engagement in territory %0:s at location %1:s... Our casualties:
[StoryEvents.Event-Dump3-2].Desc-NonOwner;Rumors say that the stalker known as the Marked One was spotted in territory %0:s at location %1:s.
[StoryEvents.Event-Dump3-3].Name;The Marked One continues his journey
[StoryEvents.Event-Dump3-3].Desc-Owner;The stalker known as the Marked One has been spotted in our territory %0:s at location %1:s. Our garrison let him pass.
[StoryEvents.Event-Dump3-3].Desc-NonOwner;Rumors say that the stalker known as the Marked One was spotted in territory %0:s at location %1:s.
[StoryEvents.Event-Dump3-4].Name;The Marked One attacked the territory garrison
[StoryEvents.Event-Dump3-4].Desc-Owner;Our patrols encountered the stalker known as the Marked One. We lost the engagement in territory %0:s at location %1:s... Our casualties:
[StoryEvents.Event-Dump3-4].Desc-NonOwner;Rumors say that the stalker known as the Marked One was spotted in territory %0:s at location %1:s.
[StoryEvents.Event-Dump3-5].Name;The Marked One continues his journey
[StoryEvents.Event-Dump3-5].Desc-Owner;The stalker known as the Marked One has been spotted in our territory %0:s at location %1:s. Our garrison let him pass.
[StoryEvents.Event-Dump3-5].Desc-NonOwner;Rumors say that the stalker known as the Marked One was spotted in territory %0:s at location %1:s.
[StoryEvents.Event-Dump3-6].Name;The Marked One attacked the territory garrison
[StoryEvents.Event-Dump3-6].Desc-Owner;Our patrols encountered the stalker known as the Marked One. We lost the engagement in territory %0:s at location %1:s... Our casualties:
[StoryEvents.Event-Dump3-6].Desc-NonOwner;Rumors say that the stalker known as the Marked One was spotted in territory %0:s at location %1:s.
[StoryEvents.Event-DarkVallery-1].Name;The Marked One continues his journey
[StoryEvents.Event-DarkVallery-1].Desc-Owner;The stalker known as the Marked One has been spotted in our territory %0:s at location %1:s. Our garrison let him pass.
[StoryEvents.Event-DarkVallery-1].Desc-NonOwner;Rumors say that the stalker known as the Marked One was spotted in territory %0:s at location %1:s.
[StoryEvents.Event-DarkVallery-2].Name;The Marked One attacked the territory garrison
[StoryEvents.Event-DarkVallery-2].Desc-Owner;Our patrols encountered the stalker known as the Marked One. We lost the engagement in territory %0:s at location %1:s... Our casualties:
[StoryEvents.Event-DarkVallery-2].Desc-NonOwner;Rumors say that the stalker known as the Marked One was spotted in territory %0:s at location %1:s.
[StoryEvents.Event-DarkVallery-Advisor-1].Name;Bullet
[StoryEvents.Event-DarkVallery-Advisor-1].Desc-Owner;Bullet is now available as a deputy candidate!
[StoryEvents.Event-DarkVallery-Advisor-1].Desc-NonOwner;If you see this, it's a bug in event Event-DarkVallery-Advisor-1.
[StoryEvents.Event-DarkVallery-3].Name;The Marked One continues his journey
[StoryEvents.Event-DarkVallery-3].Desc-Owner;The stalker known as the Marked One has been spotted in our territory %0:s at location %1:s. Our garrison let him pass.
[StoryEvents.Event-DarkVallery-3].Desc-NonOwner;Rumors say that the stalker known as the Marked One was spotted in territory %0:s at location %1:s.
[StoryEvents.Event-DarkVallery-4].Name;The Marked One attacked the territory garrison
[StoryEvents.Event-DarkVallery-4].Desc-Owner;Our patrols encountered the stalker known as the Marked One. We lost the engagement in territory %0:s at location %1:s... Our casualties:
[StoryEvents.Event-DarkVallery-4].Desc-NonOwner;Rumors say that the stalker known as the Marked One was spotted in territory %0:s at location %1:s.
[StoryEvents.Event-DarkVallery-5].Name;The Marked One continues his journey
[StoryEvents.Event-DarkVallery-5].Desc-Owner;The stalker known as the Marked One has been spotted in our territory %0:s at location %1:s. Our garrison let him pass.
[StoryEvents.Event-DarkVallery-5].Desc-NonOwner;Rumors say that the stalker known as the Marked One was spotted in territory %0:s at location %1:s.
[StoryEvents.Event-DarkVallery-6].Name;The Marked One attacked the territory garrison
[StoryEvents.Event-DarkVallery-6].Desc-Owner;Our patrols encountered the stalker known as the Marked One. We lost the engagement in territory %0:s at location %1:s... Our casualties:
[StoryEvents.Event-DarkVallery-6].Desc-NonOwner;Rumors say that the stalker known as the Marked One was spotted in territory %0:s at location %1:s.
[StoryEvents.Event-DarkVallery-7].Name;The Marked One continues his journey
[StoryEvents.Event-DarkVallery-7].Desc-Owner;The stalker known as the Marked One has been spotted in our territory %0:s at location %1:s. Our garrison let him pass.
[StoryEvents.Event-DarkVallery-7].Desc-NonOwner;Rumors say that the stalker known as the Marked One was spotted in territory %0:s at location %1:s.
[StoryEvents.Event-DarkVallery-8].Name;The Marked One attacked the territory garrison
[StoryEvents.Event-DarkVallery-8].Desc-Owner;Our patrols encountered the stalker known as the Marked One. We lost the engagement in territory %0:s at location %1:s... Our casualties:
[StoryEvents.Event-DarkVallery-8].Desc-NonOwner;Rumors say that the stalker known as the Marked One was spotted in territory %0:s at location %1:s.
[StoryEvents.Event-DarkVallery-9].Name;The Marked One continues his journey
[StoryEvents.Event-DarkVallery-9].Desc-Owner;The stalker known as the Marked One has been spotted in our territory %0:s at location %1:s. Our garrison let him pass.
[StoryEvents.Event-DarkVallery-9].Desc-NonOwner;Rumors say that the stalker known as the Marked One was spotted in territory %0:s at location %1:s.
[StoryEvents.Event-DarkVallery-10].Name;The Marked One attacked the territory garrison
[StoryEvents.Event-DarkVallery-10].Desc-Owner;Our patrols encountered the stalker known as the Marked One. We lost the engagement in territory %0:s at location %1:s... Our casualties:
[StoryEvents.Event-DarkVallery-10].Desc-NonOwner;Rumors say that the stalker known as the Marked One was spotted in territory %0:s at location %1:s.
[StoryEvents.Event-DarkVallery-SetFlag1-1].Name;Technical Event
[StoryEvents.Event-DarkVallery-SetFlag1-1].Desc-Owner;If you see this, it's a bug in event Event-DarkVallery-SetFlag1-1.
[StoryEvents.Event-DarkVallery-SetFlag1-1].Desc-NonOwner;If you see this, it's a bug in event Event-DarkVallery-SetFlag1-1.
[StoryEvents.Event-DarkVallery-Advisor-2].Name;Shaggy Sergey
[StoryEvents.Event-DarkVallery-Advisor-2].Desc-Owner;Shaggy Sergey is now available as a deputy candidate!
[StoryEvents.Event-DarkVallery-Advisor-2].Desc-NonOwner;If you see this, it's a bug in event Event-DarkVallery-Advisor-2.
[StoryEvents.Event-DarkVallery-SetFlag1-2].Name;Technical Event
[StoryEvents.Event-DarkVallery-SetFlag1-2].Desc-Owner;If you see this, it's a bug in event Event-DarkVallery-SetFlag1-2.
[StoryEvents.Event-DarkVallery-SetFlag1-2].Desc-NonOwner;If you see this, it's a bug in event Event-DarkVallery-SetFlag1-2.
[StoryEvents.Event-DarkVallery-ChangeLeader].Name;Death of Boar
[StoryEvents.Event-DarkVallery-ChangeLeader].Desc-Owner;As a result of the Marked One's attack, the faction leader has been killed. Several «authorities» organized a meeting and decided to temporarily manage the faction through collective decision-making. Despite maintaining faction unity, this has led to a slight decrease in manageability.
[StoryEvents.Event-DarkVallery-ChangeLeader].Desc-NonOwner;As a result of the Marked One's attack, the faction leader has been killed. Several «authorities» organized a meeting and decided to temporarily manage the faction through collective decision-making. Despite maintaining faction unity, this has led to a slight decrease in manageability.
[StoryEvents.Event-DarkVallery-11].Name;The Marked One continues his journey
[StoryEvents.Event-DarkVallery-11].Desc-Owner;The stalker known as the Marked One has been spotted in our territory %0:s at location %1:s. Our garrison let him pass.
[StoryEvents.Event-DarkVallery-11].Desc-NonOwner;Rumors say that the stalker known as the Marked One was spotted in territory %0:s at location %1:s.
[StoryEvents.Event-DarkVallery-12].Name;The Marked One attacked the territory garrison
[StoryEvents.Event-DarkVallery-12].Desc-Owner;Our patrols encountered the stalker known as the Marked One. We lost the engagement in territory %0:s at location %1:s... Our casualties:
[StoryEvents.Event-DarkVallery-12].Desc-NonOwner;Rumors say that the stalker known as the Marked One was spotted in territory %0:s at location %1:s.
[StoryEvents.Event-DarkVallery-X18-1].Name;The Marked One continues his journey
[StoryEvents.Event-DarkVallery-X18-1].Desc-Owner;The stalker known as the Marked One has been spotted in our territory %0:s at location %1:s. Our garrison let him pass.
[StoryEvents.Event-DarkVallery-X18-1].Desc-NonOwner;Rumors say that the stalker known as the Marked One was spotted in territory %0:s at location %1:s.
[StoryEvents.Event-DarkVallery-X18-2].Name;The Marked One attacked the territory garrison
[StoryEvents.Event-DarkVallery-X18-2].Desc-Owner;Our patrols encountered the stalker known as the Marked One. We lost the engagement in territory %0:s at location %1:s... Our casualties:
[StoryEvents.Event-DarkVallery-X18-2].Desc-NonOwner;Rumors say that the stalker known as the Marked One was spotted in territory %0:s at location %1:s.
[StoryEvents.Event-DarkVallery-Invasion-1].Name;Military Landing Force
[StoryEvents.Event-DarkVallery-Invasion-1].Desc-Owner;A Military landing force is assaulting territory %0:s at location %1:s!
[StoryEvents.Event-DarkVallery-Invasion-1].Desc-NonOwner;We received intelligence that a Military landing force is assaulting territory %0:s at location %1:s!
[StoryEvents.Event-DarkVallery-Invasion-2].Name;Military Landing Force
[StoryEvents.Event-DarkVallery-Invasion-2].Desc-Owner;A Military landing force is assaulting territory %0:s at location %1:s!
[StoryEvents.Event-DarkVallery-Invasion-2].Desc-NonOwner;We received intelligence that a Military landing force is assaulting territory %0:s at location %1:s!
[StoryEvents.Event-DarkVallery-13].Name;The Marked One continues his journey
[StoryEvents.Event-DarkVallery-13].Desc-Owner;The stalker known as the Marked One has been spotted in our territory %0:s at location %1:s. Our garrison let him pass.
[StoryEvents.Event-DarkVallery-13].Desc-NonOwner;Rumors say that the stalker known as the Marked One was spotted in territory %0:s at location %1:s.
[StoryEvents.Event-DarkVallery-14].Name;The Marked One attacked the territory garrison
[StoryEvents.Event-DarkVallery-14].Desc-Owner;Our patrols encountered the stalker known as the Marked One. We lost the engagement in territory %0:s at location %1:s... Our casualties:
[StoryEvents.Event-DarkVallery-14].Desc-NonOwner;Rumors say that the stalker known as the Marked One was spotted in territory %0:s at location %1:s.
[StoryEvents.Event-DarkVallery-Invasion-3].Name;Military Landing Force
[StoryEvents.Event-DarkVallery-Invasion-3].Desc-Owner;A Military landing force is assaulting territory %0:s at location %1:s!
[StoryEvents.Event-DarkVallery-Invasion-3].Desc-NonOwner;We received intelligence that a Military landing force is assaulting territory %0:s at location %1:s!
[StoryEvents.Event-DarkVallery-15].Name;The Marked One continues his journey
[StoryEvents.Event-DarkVallery-15].Desc-Owner;The stalker known as the Marked One has been spotted in our territory %0:s at location %1:s. Our garrison let him pass.
[StoryEvents.Event-DarkVallery-15].Desc-NonOwner;Rumors say that the stalker known as the Marked One was spotted in territory %0:s at location %1:s.
[StoryEvents.Event-DarkVallery-16].Name;The Marked One attacked the territory garrison
[StoryEvents.Event-DarkVallery-16].Desc-Owner;Our patrols encountered the stalker known as the Marked One. We lost the engagement in territory %0:s at location %1:s... Our casualties:
[StoryEvents.Event-DarkVallery-16].Desc-NonOwner;Rumors say that the stalker known as the Marked One was spotted in territory %0:s at location %1:s.
[StoryEvents.Event-Cordon2-SetFlag1-1].Name;Technical Event
[StoryEvents.Event-Cordon2-SetFlag1-1].Desc-Owner;If you see this, it's a bug in event Event-DarkVallery-SetFlag1-1.
[StoryEvents.Event-Cordon2-SetFlag1-1].Desc-NonOwner;If you see this, it's a bug in event Event-DarkVallery-SetFlag1-1.
[StoryEvents.Event-Cordon2-Invasion-1].Name;Mercenary Squad
[StoryEvents.Event-Cordon2-Invasion-1].Desc-Owner;A Mercenary squad is assaulting territory %0:s at location %1:s!
[StoryEvents.Event-Cordon2-Invasion-1].Desc-NonOwner;We received intelligence that a Mercenary squad is assaulting territory %0:s at location %1:s!
[StoryEvents.Event-Cordon2-SetFlag1-2].Name;Technical Event
[StoryEvents.Event-Cordon2-SetFlag1-2].Desc-Owner;If you see this, it's a bug in event Event-DarkVallery-SetFlag1-2.
[StoryEvents.Event-Cordon2-SetFlag1-2].Desc-NonOwner;If you see this, it's a bug in event Event-DarkVallery-SetFlag1-2.
[StoryEvents.Event-Cordon2-1].Name;The Marked One continues his journey
[StoryEvents.Event-Cordon2-1].Desc-Owner;The stalker known as the Marked One has been spotted in our territory %0:s at location %1:s. Our garrison let him pass.
[StoryEvents.Event-Cordon2-1].Desc-NonOwner;Rumors say that the stalker known as the Marked One was spotted in territory %0:s at location %1:s.
[StoryEvents.Event-Cordon2-2].Name;The Marked One attacked the territory garrison
[StoryEvents.Event-Cordon2-2].Desc-Owner;Our patrols encountered the stalker known as the Marked One. We lost the engagement in territory %0:s at location %1:s... Our casualties:
[StoryEvents.Event-Cordon2-2].Desc-NonOwner;Rumors say that the stalker known as the Marked One was spotted in territory %0:s at location %1:s.
[StoryEvents.Event-Cordon2-3].Name;The Marked One continues his journey
[StoryEvents.Event-Cordon2-3].Desc-Owner;The stalker known as the Marked One has been spotted in our territory %0:s at location %1:s. Our garrison let him pass.
[StoryEvents.Event-Cordon2-3].Desc-NonOwner;Rumors say that the stalker known as the Marked One was spotted in territory %0:s at location %1:s.
[StoryEvents.Event-Cordon2-4].Name;The Marked One attacked the territory garrison
[StoryEvents.Event-Cordon2-4].Desc-Owner;Our patrols encountered the stalker known as the Marked One. We lost the engagement in territory %0:s at location %1:s... Our casualties:
[StoryEvents.Event-Cordon2-4].Desc-NonOwner;Rumors say that the stalker known as the Marked One was spotted in territory %0:s at location %1:s.
[StoryEvents.Event-Cordon2-5].Name;The Marked One continues his journey
[StoryEvents.Event-Cordon2-5].Desc-Owner;The stalker known as the Marked One has been spotted in our territory %0:s at location %1:s. Our garrison let him pass.
[StoryEvents.Event-Cordon2-5].Desc-NonOwner;Rumors say that the stalker known as the Marked One was spotted in territory %0:s at location %1:s.
[StoryEvents.Event-Cordon2-6].Name;The Marked One attacked the territory garrison
[StoryEvents.Event-Cordon2-6].Desc-Owner;Our patrols encountered the stalker known as the Marked One. We lost the engagement in territory %0:s at location %1:s... Our casualties:
[StoryEvents.Event-Cordon2-6].Desc-NonOwner;Rumors say that the stalker known as the Marked One was spotted in territory %0:s at location %1:s.
[StoryEvents.Event-Cordon2-7].Name;The Marked One continues his journey
[StoryEvents.Event-Cordon2-7].Desc-Owner;The stalker known as the Marked One has been spotted in our territory %0:s at location %1:s. Our garrison let him pass.
[StoryEvents.Event-Cordon2-7].Desc-NonOwner;Rumors say that the stalker known as the Marked One was spotted in territory %0:s at location %1:s.
[StoryEvents.Event-Cordon2-8].Name;The Marked One attacked the territory garrison
[StoryEvents.Event-Cordon2-8].Desc-Owner;Our patrols encountered the stalker known as the Marked One. We lost the engagement in territory %0:s at location %1:s... Our casualties:
[StoryEvents.Event-Cordon2-8].Desc-NonOwner;Rumors say that the stalker known as the Marked One was spotted in territory %0:s at location %1:s.
[StoryEvents.Event-Cordon2-9].Name;The Marked One continues his journey
[StoryEvents.Event-Cordon2-9].Desc-Owner;The stalker known as the Marked One has been spotted in our territory %0:s at location %1:s. Our garrison let him pass.
[StoryEvents.Event-Cordon2-9].Desc-NonOwner;Rumors say that the stalker known as the Marked One was spotted in territory %0:s at location %1:s.
[StoryEvents.Event-Cordon2-10].Name;The Marked One attacked the territory garrison
[StoryEvents.Event-Cordon2-10].Desc-Owner;Our patrols encountered the stalker known as the Marked One. We lost the engagement in territory %0:s at location %1:s... Our casualties:
[StoryEvents.Event-Cordon2-10].Desc-NonOwner;Rumors say that the stalker known as the Marked One was spotted in territory %0:s at location %1:s.
[StoryEvents.Event-Cordon2-11].Name;The Marked One continues his journey
[StoryEvents.Event-Cordon2-11].Desc-Owner;The stalker known as the Marked One has been spotted in our territory %0:s at location %1:s. Our garrison let him pass.
[StoryEvents.Event-Cordon2-11].Desc-NonOwner;Rumors say that the stalker known as the Marked One was spotted in territory %0:s at location %1:s.
[StoryEvents.Event-Cordon2-12].Name;The Marked One attacked the territory garrison
[StoryEvents.Event-Cordon2-12].Desc-Owner;Our patrols encountered the stalker known as the Marked One. We lost the engagement in territory %0:s at location %1:s... Our casualties:
[StoryEvents.Event-Cordon2-12].Desc-NonOwner;Rumors say that the stalker known as the Marked One was spotted in territory %0:s at location %1:s.
[StoryEvents.Event-Cordon2-13].Name;The Marked One continues his journey
[StoryEvents.Event-Cordon2-13].Desc-Owner;The stalker known as the Marked One has been spotted in our territory %0:s at location %1:s. Our garrison let him pass.
[StoryEvents.Event-Cordon2-13].Desc-NonOwner;Rumors say that the stalker known as the Marked One was spotted in territory %0:s at location %1:s.
[StoryEvents.Event-Cordon2-14].Name;The Marked One attacked the territory garrison
[StoryEvents.Event-Cordon2-14].Desc-Owner;Our patrols encountered the stalker known as the Marked One. We lost the engagement in territory %0:s at location %1:s... Our casualties:
[StoryEvents.Event-Cordon2-14].Desc-NonOwner;Rumors say that the stalker known as the Marked One was spotted in territory %0:s at location %1:s.
[StoryEvents.Event-Dump4-1].Name;The Marked One continues his journey
[StoryEvents.Event-Dump4-1].Desc-Owner;The stalker known as the Marked One has been spotted in our territory %0:s at location %1:s. Our garrison let him pass.
[StoryEvents.Event-Dump4-1].Desc-NonOwner;Rumors say that the stalker known as the Marked One was spotted in territory %0:s at location %1:s.
[StoryEvents.Event-Dump4-2].Name;The Marked One attacked the territory garrison
[StoryEvents.Event-Dump4-2].Desc-Owner;Our patrols encountered the stalker known as the Marked One. We lost the engagement in territory %0:s at location %1:s... Our casualties:
[StoryEvents.Event-Dump4-2].Desc-NonOwner;Rumors say that the stalker known as the Marked One was spotted in territory %0:s at location %1:s.
[StoryEvents.Event-Dump4-3].Name;The Marked One continues his journey
[StoryEvents.Event-Dump4-3].Desc-Owner;The stalker known as the Marked One has been spotted in our territory %0:s at location %1:s. Our garrison let him pass.
[StoryEvents.Event-Dump4-3].Desc-NonOwner;Rumors say that the stalker known as the Marked One was spotted in territory %0:s at location %1:s.
[StoryEvents.Event-Dump4-4].Name;The Marked One attacked the territory garrison
[StoryEvents.Event-Dump4-4].Desc-Owner;Our patrols encountered the stalker known as the Marked One. We lost the engagement in territory %0:s at location %1:s... Our casualties:
[StoryEvents.Event-Dump4-4].Desc-NonOwner;Rumors say that the stalker known as the Marked One was spotted in territory %0:s at location %1:s.
[StoryEvents.Event-Dump4-5].Name;The Marked One continues his journey
[StoryEvents.Event-Dump4-5].Desc-Owner;The stalker known as the Marked One has been spotted in our territory %0:s at location %1:s. Our garrison let him pass.
[StoryEvents.Event-Dump4-5].Desc-NonOwner;Rumors say that the stalker known as the Marked One was spotted in territory %0:s at location %1:s.
[StoryEvents.Event-Dump4-6].Name;The Marked One attacked the territory garrison
[StoryEvents.Event-Dump4-6].Desc-Owner;Our patrols encountered the stalker known as the Marked One. We lost the engagement in territory %0:s at location %1:s... Our casualties:
[StoryEvents.Event-Dump4-6].Desc-NonOwner;Rumors say that the stalker known as the Marked One was spotted in territory %0:s at location %1:s.
[StoryEvents.Event-Dump4-7].Name;The Marked One continues his journey
[StoryEvents.Event-Dump4-7].Desc-Owner;The stalker known as the Marked One has been spotted in our territory %0:s at location %1:s. Our garrison let him pass.
[StoryEvents.Event-Dump4-7].Desc-NonOwner;Rumors say that the stalker known as the Marked One was spotted in territory %0:s at location %1:s.
[StoryEvents.Event-Dump4-8].Name;The Marked One attacked the territory garrison
[StoryEvents.Event-Dump4-8].Desc-Owner;Our patrols encountered the stalker known as the Marked One. We lost the engagement in territory %0:s at location %1:s... Our casualties:
[StoryEvents.Event-Dump4-8].Desc-NonOwner;Rumors say that the stalker known as the Marked One was spotted in territory %0:s at location %1:s.
[StoryEvents.Event-Dump4-9].Name;The Marked One continues his journey
[StoryEvents.Event-Dump4-9].Desc-Owner;The stalker known as the Marked One has been spotted in our territory %0:s at location %1:s. Our garrison let him pass.
[StoryEvents.Event-Dump4-9].Desc-NonOwner;Rumors say that the stalker known as the Marked One was spotted in territory %0:s at location %1:s.
[StoryEvents.Event-Dump4-10].Name;The Marked One attacked the territory garrison
[StoryEvents.Event-Dump4-10].Desc-Owner;Our patrols encountered the stalker known as the Marked One. We lost the engagement in territory %0:s at location %1:s... Our casualties:
[StoryEvents.Event-Dump4-10].Desc-NonOwner;Rumors say that the stalker known as the Marked One was spotted in territory %0:s at location %1:s.
[StoryEvents.Event-Dump4-11].Name;The Marked One continues his journey
[StoryEvents.Event-Dump4-11].Desc-Owner;The stalker known as the Marked One has been spotted in our territory %0:s at location %1:s. Our garrison let him pass.
[StoryEvents.Event-Dump4-11].Desc-NonOwner;Rumors say that the stalker known as the Marked One was spotted in territory %0:s at location %1:s.
[StoryEvents.Event-Dump4-12].Name;The Marked One attacked the territory garrison
[StoryEvents.Event-Dump4-12].Desc-Owner;Our patrols encountered the stalker known as the Marked One. We lost the engagement in territory %0:s at location %1:s... Our casualties:
[StoryEvents.Event-Dump4-12].Desc-NonOwner;Rumors say that the stalker known as the Marked One was spotted in territory %0:s at location %1:s.
[StoryEvents.Event-Rostok2-1].Name;The Marked One continues his journey
[StoryEvents.Event-Rostok2-1].Desc-Owner;The stalker known as the Marked One has been spotted in our territory %0:s at location %1:s. Our garrison let him pass.
[StoryEvents.Event-Rostok2-1].Desc-NonOwner;Rumors say that the stalker known as the Marked One was spotted in territory %0:s at location %1:s.
[StoryEvents.Event-Rostok2-2].Name;The Marked One attacked the territory garrison
[StoryEvents.Event-Rostok2-2].Desc-Owner;Our patrols encountered the stalker known as the Marked One. We lost the engagement in territory %0:s at location %1:s... Our casualties:
[StoryEvents.Event-Rostok2-2].Desc-NonOwner;Rumors say that the stalker known as the Marked One was spotted in territory %0:s at location %1:s.
[StoryEvents.Event-Rostok2-3].Name;The Marked One continues his journey
[StoryEvents.Event-Rostok2-3].Desc-Owner;The stalker known as the Marked One has been spotted in our territory %0:s at location %1:s. Our garrison let him pass.
[StoryEvents.Event-Rostok2-3].Desc-NonOwner;Rumors say that the stalker known as the Marked One was spotted in territory %0:s at location %1:s.
[StoryEvents.Event-Rostok2-4].Name;The Marked One attacked the territory garrison
[StoryEvents.Event-Rostok2-4].Desc-Owner;Our patrols encountered the stalker known as the Marked One. We lost the engagement in territory %0:s at location %1:s... Our casualties:
[StoryEvents.Event-Rostok2-4].Desc-NonOwner;Rumors say that the stalker known as the Marked One was spotted in territory %0:s at location %1:s.
[StoryEvents.Event-Rostok2-5].Name;The Marked One continues his journey
[StoryEvents.Event-Rostok2-5].Desc-Owner;The stalker known as the Marked One has been spotted in our territory %0:s at location %1:s. Our garrison let him pass.
[StoryEvents.Event-Rostok2-5].Desc-NonOwner;Rumors say that the stalker known as the Marked One was spotted in territory %0:s at location %1:s.
[StoryEvents.Event-Rostok2-6].Name;The Marked One attacked the territory garrison
[StoryEvents.Event-Rostok2-6].Desc-Owner;Our patrols encountered the stalker known as the Marked One. We lost the engagement in territory %0:s at location %1:s... Our casualties:
[StoryEvents.Event-Rostok2-6].Desc-NonOwner;Rumors say that the stalker known as the Marked One was spotted in territory %0:s at location %1:s.
[StoryEvents.Event-Rostok2-7].Name;The Marked One continues his journey
[StoryEvents.Event-Rostok2-7].Desc-Owner;The stalker known as the Marked One has been spotted in our territory %0:s at location %1:s and met with Barman. Our garrison let him pass.
[StoryEvents.Event-Rostok2-7].Desc-NonOwner;Rumors say that the stalker known as the Marked One was spotted in territory %0:s at location %1:s and was negotiating with Barman.
[StoryEvents.Event-Rostok2-8].Name;The Marked One attacked the territory garrison
[StoryEvents.Event-Rostok2-8].Desc-Owner;Our patrols encountered the stalker known as the Marked One. We lost the engagement in territory %0:s at location %1:s... Our casualties:
[StoryEvents.Event-Rostok2-8].Desc-NonOwner;Rumors say that the stalker known as the Marked One was spotted in territory %0:s at location %1:s.
[StoryEvents.Event-Rostok2-9].Name;The Marked One continues his journey
[StoryEvents.Event-Rostok2-9].Desc-Owner;The stalker known as the Marked One has been spotted in our territory %0:s at location %1:s. Our garrison let him pass.
[StoryEvents.Event-Rostok2-9].Desc-NonOwner;Rumors say that the stalker known as the Marked One was spotted in territory %0:s at location %1:s.
[StoryEvents.Event-Rostok2-10].Name;The Marked One attacked the territory garrison
[StoryEvents.Event-Rostok2-10].Desc-Owner;Our patrols encountered the stalker known as the Marked One. We lost the engagement in territory %0:s at location %1:s... Our casualties:
[StoryEvents.Event-Rostok2-10].Desc-NonOwner;Rumors say that the stalker known as the Marked One was spotted in territory %0:s at location %1:s.
[StoryEvents.Event-Rostok2-11].Name;The Marked One continues his journey
[StoryEvents.Event-Rostok2-11].Desc-Owner;The stalker known as the Marked One has been spotted in our territory %0:s at location %1:s. Our garrison let him pass.
[StoryEvents.Event-Rostok2-11].Desc-NonOwner;Rumors say that the stalker known as the Marked One was spotted in territory %0:s at location %1:s.
[StoryEvents.Event-Rostok2-12].Name;The Marked One attacked the territory garrison
[StoryEvents.Event-Rostok2-12].Desc-Owner;Our patrols encountered the stalker known as the Marked One. We lost the engagement in territory %0:s at location %1:s... Our casualties:
[StoryEvents.Event-Rostok2-12].Desc-NonOwner;Rumors say that the stalker known as the Marked One was spotted in territory %0:s at location %1:s.
[StoryEvents.Event-WildTerritory-1].Name;The Marked One continues his journey
[StoryEvents.Event-WildTerritory-1].Desc-Owner;The stalker known as the Marked One has been spotted in our territory %0:s at location %1:s. Our garrison let him pass.
[StoryEvents.Event-WildTerritory-1].Desc-NonOwner;Rumors say that the stalker known as the Marked One was spotted in territory %0:s at location %1:s.
[StoryEvents.Event-WildTerritory-2].Name;The Marked One attacked the territory garrison
[StoryEvents.Event-WildTerritory-2].Desc-Owner;Our patrols encountered the stalker known as the Marked One. We lost the engagement in territory %0:s at location %1:s... Our casualties:
[StoryEvents.Event-WildTerritory-2].Desc-NonOwner;Rumors say that the stalker known as the Marked One was spotted in territory %0:s at location %1:s.
[StoryEvents.Event-WildTerritory-3].Name;The Marked One continues his journey
[StoryEvents.Event-WildTerritory-3].Desc-Owner;The stalker known as the Marked One has been spotted in our territory %0:s at location %1:s. Our garrison let him pass.
[StoryEvents.Event-WildTerritory-3].Desc-NonOwner;Rumors say that the stalker known as the Marked One was spotted in territory %0:s at location %1:s.
[StoryEvents.Event-WildTerritory-4].Name;The Marked One attacked the territory garrison
[StoryEvents.Event-WildTerritory-4].Desc-Owner;Our patrols encountered the stalker known as the Marked One. We lost the engagement in territory %0:s at location %1:s... Our casualties:
[StoryEvents.Event-WildTerritory-4].Desc-NonOwner;Rumors say that the stalker known as the Marked One was spotted in territory %0:s at location %1:s.
[StoryEvents.Event-WildTerritory-SetFlag1-1].Name;Technical Event
[StoryEvents.Event-WildTerritory-SetFlag1-1].Desc-Owner;If you see this, it's a bug in event Event-WildTerritory-SetFlag1-1.
[StoryEvents.Event-WildTerritory-SetFlag1-1].Desc-NonOwner;If you see this, it's a bug in event Event-WildTerritory-SetFlag1-1.
[StoryEvents.Event-WildTerritory-ChangeResourceScientists-1].Name;Helicopter with Kruglov
[StoryEvents.Event-WildTerritory-ChangeResourceScientists-1].Desc-Owner;Kruglov has been successfully delivered by helicopter.
[StoryEvents.Event-WildTerritory-ChangeResourceScientists-1].Desc-NonOwner;A helicopter was spotted over the Wild Territory, heading towards Yantar. What could this mean?
[StoryEvents.Event-WildTerritory-ChangeResourceScientists-2].Name;Scientist Group
[StoryEvents.Event-WildTerritory-ChangeResourceScientists-2].Desc-Owner;A group of scientists arrived with Kruglov. They can now be used as additional guards.
[StoryEvents.Event-WildTerritory-ChangeResourceScientists-2].Desc-NonOwner;A helicopter was spotted over the Wild Territory, heading towards Yantar. What could this mean?
[StoryEvents.Event-WildTerritory-SetFlag1-2].Name;Technical Event
[StoryEvents.Event-WildTerritory-SetFlag1-2].Desc-Owner;If you see this, it's a bug in event Event-WildTerritory-SetFlag1-2.
[StoryEvents.Event-WildTerritory-SetFlag1-2].Desc-NonOwner;If you see this, it's a bug in event Event-WildTerritory-SetFlag1-2.
[StoryEvents.Event-WildTerritory-SetFlag1-3].Name;Technical Event
[StoryEvents.Event-WildTerritory-SetFlag1-3].Desc-Owner;If you see this, it's a bug in event Event-WildTerritory-SetFlag1-3.
[StoryEvents.Event-WildTerritory-SetFlag1-3].Desc-NonOwner;If you see this, it's a bug in event Event-WildTerritory-SetFlag1-3.
[StoryEvents.Event-WildTerritory-ChangeResourceScientists-3].Name;Helicopter with Kruglov
[StoryEvents.Event-WildTerritory-ChangeResourceScientists-3].Desc-Owner;The helicopter was shot down over the Wild Territory, but Kruglov survived.
[StoryEvents.Event-WildTerritory-ChangeResourceScientists-3].Desc-NonOwner;A helicopter heading towards Yantar was shot down over the Wild Territory. What could this mean?
[StoryEvents.Event-WildTerritory-SetFlag1-4].Name;Technical Event
[StoryEvents.Event-WildTerritory-SetFlag1-4].Desc-Owner;If you see this, it's a bug in event Event-WildTerritory-SetFlag1-4.
[StoryEvents.Event-WildTerritory-SetFlag1-4].Desc-NonOwner;If you see this, it's a bug in event Event-WildTerritory-SetFlag1-4.
[StoryEvents.Event-WildTerritory-SetFlag1-5].Name;Technical Event
[StoryEvents.Event-WildTerritory-SetFlag1-5].Desc-Owner;If you see this, it's a bug in event Event-WildTerritory-SetFlag1-5.
[StoryEvents.Event-WildTerritory-SetFlag1-5].Desc-NonOwner;If you see this, it's a bug in event Event-WildTerritory-SetFlag1-5.
[StoryEvents.Event-WildTerritory-Advisor-1].Name;Semyonov Available
[StoryEvents.Event-WildTerritory-Advisor-1].Desc-Owner;If you see this, it's a bug in event Event-WildTerritory-Advisor-1.
[StoryEvents.Event-WildTerritory-Advisor-1].Desc-NonOwner;If you see this, it's a bug in event Event-WildTerritory-Advisor-1.
[StoryEvents.Event-WildTerritory-Advisor-2].Name;Helicopter with Kruglov
[StoryEvents.Event-WildTerritory-Advisor-2].Desc-Owner;The helicopter was shot down over the Wild Territory. Kruglov is dead. Researcher Semyonov has assumed Kruglov's duties.
[StoryEvents.Event-WildTerritory-Advisor-2].Desc-NonOwner;A helicopter heading towards Yantar was shot down over the Wild Territory. Rumors say the entire crew perished. What could this mean?
[StoryEvents.Event-WildTerritory-SetFlag1-6].Name;Technical Event
[StoryEvents.Event-WildTerritory-SetFlag1-6].Desc-Owner;If you see this, it's a bug in event Event-WildTerritory-SetFlag1-6.
[StoryEvents.Event-WildTerritory-SetFlag1-6].Desc-NonOwner;If you see this, it's a bug in event Event-WildTerritory-SetFlag1-6.
[StoryEvents.Event-WildTerritory-5].Name;The Marked One continues his journey
[StoryEvents.Event-WildTerritory-5].Desc-Owner;The stalker known as the Marked One has been spotted in our territory %0:s at location %1:s. Our garrison let him pass.
[StoryEvents.Event-WildTerritory-5].Desc-NonOwner;Rumors say that the stalker known as the Marked One was spotted in territory %0:s at location %1:s.
[StoryEvents.Event-WildTerritory-6].Name;The Marked One attacked the territory garrison
[StoryEvents.Event-WildTerritory-6].Desc-Owner;Our patrols encountered the stalker known as the Marked One. We lost the engagement in territory %0:s at location %1:s... Our casualties:
[StoryEvents.Event-WildTerritory-6].Desc-NonOwner;Rumors say that the stalker known as the Marked One was spotted in territory %0:s at location %1:s.
[StoryEvents.Event-WildTerritory-7].Name;The Marked One continues his journey
[StoryEvents.Event-WildTerritory-7].Desc-Owner;The stalker known as the Marked One has been spotted in our territory %0:s at location %1:s. Our garrison let him pass.
[StoryEvents.Event-WildTerritory-7].Desc-NonOwner;Rumors say that the stalker known as the Marked One was spotted in territory %0:s at location %1:s.
[StoryEvents.Event-WildTerritory-8].Name;The Marked One attacked the territory garrison
[StoryEvents.Event-WildTerritory-8].Desc-Owner;Our patrols encountered the stalker known as the Marked One. We lost the engagement in territory %0:s at location %1:s... Our casualties:
[StoryEvents.Event-WildTerritory-8].Desc-NonOwner;Rumors say that the stalker known as the Marked One was spotted in territory %0:s at location %1:s.
[StoryEvents.Event-WildTerritory-9].Name;The Marked One continues his journey
[StoryEvents.Event-WildTerritory-9].Desc-Owner;The stalker known as the Marked One has been spotted in our territory %0:s at location %1:s. Our garrison let him pass.
[StoryEvents.Event-WildTerritory-9].Desc-NonOwner;Rumors say that the stalker known as the Marked One was spotted in territory %0:s at location %1:s.
[StoryEvents.Event-WildTerritory-10].Name;The Marked One attacked the territory garrison
[StoryEvents.Event-WildTerritory-10].Desc-Owner;Our patrols encountered the stalker known as the Marked One. We lost the engagement in territory %0:s at location %1:s... Our casualties:
[StoryEvents.Event-WildTerritory-10].Desc-NonOwner;Rumors say that the stalker known as the Marked One was spotted in territory %0:s at location %1:s.
[StoryEvents.Event-WildTerritory-11].Name;The Marked One continues his journey
[StoryEvents.Event-WildTerritory-11].Desc-Owner;The stalker known as the Marked One has been spotted in our territory %0:s at location %1:s. Our garrison let him pass.
[StoryEvents.Event-WildTerritory-11].Desc-NonOwner;Rumors say that the stalker known as the Marked One was spotted in territory %0:s at location %1:s.
[StoryEvents.Event-WildTerritory-12].Name;The Marked One attacked the territory garrison
[StoryEvents.Event-WildTerritory-12].Desc-Owner;Our patrols encountered the stalker known as the Marked One. We lost the engagement in territory %0:s at location %1:s... Our casualties:
[StoryEvents.Event-WildTerritory-12].Desc-NonOwner;Rumors say that the stalker known as the Marked One was spotted in territory %0:s at location %1:s.
[StoryEvents.Event-WildTerritory-13].Name;The Marked One continues his journey
[StoryEvents.Event-WildTerritory-13].Desc-Owner;The stalker known as the Marked One has been spotted in our territory %0:s at location %1:s. Our garrison let him pass.
[StoryEvents.Event-WildTerritory-13].Desc-NonOwner;Rumors say that the stalker known as the Marked One was spotted in territory %0:s at location %1:s.
[StoryEvents.Event-WildTerritory-14].Name;The Marked One attacked the territory garrison
[StoryEvents.Event-WildTerritory-14].Desc-Owner;Our patrols encountered the stalker known as the Marked One. We lost the engagement in territory %0:s at location %1:s... Our casualties:
[StoryEvents.Event-WildTerritory-14].Desc-NonOwner;Rumors say that the stalker known as the Marked One was spotted in territory %0:s at location %1:s.
[StoryEvents.Event-WildTerritory-15].Name;The Marked One continues his journey
[StoryEvents.Event-WildTerritory-15].Desc-Owner;The stalker known as the Marked One has been spotted in our territory %0:s at location %1:s. Our garrison let him pass.
[StoryEvents.Event-WildTerritory-15].Desc-NonOwner;Rumors say that the stalker known as the Marked One was spotted in territory %0:s at location %1:s.
[StoryEvents.Event-WildTerritory-16].Name;The Marked One attacked the territory garrison
[StoryEvents.Event-WildTerritory-16].Desc-Owner;Our patrols encountered the stalker known as the Marked One. We lost the engagement in territory %0:s at location %1:s... Our casualties:
[StoryEvents.Event-WildTerritory-16].Desc-NonOwner;Rumors say that the stalker known as the Marked One was spotted in territory %0:s at location %1:s.
[StoryEvents.Event-Yantar-1].Name;The Marked One continues his journey
[StoryEvents.Event-Yantar-1].Desc-Owner;The stalker known as the Marked One has been spotted in our territory %0:s at location %1:s. Our garrison let him pass.
[StoryEvents.Event-Yantar-1].Desc-NonOwner;Rumors say that the stalker known as the Marked One was spotted in territory %0:s at location %1:s.
[StoryEvents.Event-Yantar-2].Name;The Marked One attacked the territory garrison
[StoryEvents.Event-Yantar-2].Desc-Owner;Our patrols encountered the stalker known as the Marked One. We lost the engagement in territory %0:s at location %1:s... Our casualties:
[StoryEvents.Event-Yantar-2].Desc-NonOwner;Rumors say that the stalker known as the Marked One was spotted in territory %0:s at location %1:s.
[StoryEvents.Event-Yantar-3].Name;The Marked One continues his journey
[StoryEvents.Event-Yantar-3].Desc-Owner;The stalker known as the Marked One has been spotted in our territory %0:s at location %1:s. Our garrison let him pass.
[StoryEvents.Event-Yantar-3].Desc-NonOwner;Rumors say that the stalker known as the Marked One was spotted in territory %0:s at location %1:s.
[StoryEvents.Event-Yantar-4].Name;The Marked One attacked the territory garrison
[StoryEvents.Event-Yantar-4].Desc-Owner;Our patrols encountered the stalker known as the Marked One. We lost the engagement in territory %0:s at location %1:s... Our casualties:
[StoryEvents.Event-Yantar-4].Desc-NonOwner;Rumors say that the stalker known as the Marked One was spotted in territory %0:s at location %1:s.
[StoryEvents.Event-Yantar-5].Name;The Marked One met with Sakharov
[StoryEvents.Event-Yantar-5].Desc-Owner;The stalker known as the Marked One has been spotted in our territory %0:s at location %1:s. Our garrison let him pass.
[StoryEvents.Event-Yantar-5].Desc-NonOwner;Rumors say that the stalker known as the Marked One was spotted in territory %0:s at location %1:s.
[StoryEvents.Event-Yantar-6].Name;The Marked One met with Sakharov
[StoryEvents.Event-Yantar-6].Desc-Owner;Our patrols encountered the stalker known as the Marked One. We lost the engagement in territory %0:s at location %1:s... Our casualties:
[StoryEvents.Event-Yantar-6].Desc-NonOwner;Rumors say that the stalker known as the Marked One was spotted in territory %0:s at location %1:s.
[StoryEvents.Event-Yantar-7].Name;The Marked One continues his journey
[StoryEvents.Event-Yantar-7].Desc-Owner;The stalker known as the Marked One has been spotted in our territory %0:s at location %1:s. Our garrison let him pass.
[StoryEvents.Event-Yantar-7].Desc-NonOwner;Rumors say that the stalker known as the Marked One was spotted in territory %0:s at location %1:s.
[StoryEvents.Event-Yantar-8].Name;The Marked One attacked the territory garrison
[StoryEvents.Event-Yantar-8].Desc-Owner;Our patrols encountered the stalker known as the Marked One. We lost the engagement in territory %0:s at location %1:s... Our casualties:
[StoryEvents.Event-Yantar-8].Desc-NonOwner;Rumors say that the stalker known as the Marked One was spotted in territory %0:s at location %1:s.
[StoryEvents.Event-Yantar-9].Name;The Marked One continues his journey
[StoryEvents.Event-Yantar-9].Desc-Owner;The stalker known as the Marked One has been spotted in our territory %0:s at location %1:s. Our garrison let him pass.
[StoryEvents.Event-Yantar-9].Desc-NonOwner;Rumors say that the stalker known as the Marked One was spotted in territory %0:s at location %1:s.
[StoryEvents.Event-Yantar-10].Name;The Marked One attacked the territory garrison
[StoryEvents.Event-Yantar-10].Desc-Owner;Our patrols encountered the stalker known as the Marked One. We lost the engagement in territory %0:s at location %1:s... Our casualties:
[StoryEvents.Event-Yantar-10].Desc-NonOwner;Rumors say that the stalker known as the Marked One was spotted in territory %0:s at location %1:s.
[StoryEvents.Event-Yantar-11].Name;The Marked One continues his journey
[StoryEvents.Event-Yantar-11].Desc-Owner;The stalker known as the Marked One has been spotted in our territory %0:s at location %1:s. Our garrison let him pass.
[StoryEvents.Event-Yantar-11].Desc-NonOwner;Rumors say that the stalker known as the Marked One was spotted in territory %0:s at location %1:s.
[StoryEvents.Event-Yantar-12].Name;The Marked One attacked the territory garrison
[StoryEvents.Event-Yantar-12].Desc-Owner;Our patrols encountered the stalker known as the Marked One. We lost the engagement in territory %0:s at location %1:s... Our casualties:
[StoryEvents.Event-Yantar-12].Desc-NonOwner;Rumors say that the stalker known as the Marked One was spotted in territory %0:s at location %1:s.
[StoryEvents.Event-Yantar-13].Name;The Marked One continues his journey
[StoryEvents.Event-Yantar-13].Desc-Owner;The stalker known as the Marked One has been spotted in our territory %0:s at location %1:s. Our garrison let him pass.
[StoryEvents.Event-Yantar-13].Desc-NonOwner;Rumors say that the stalker known as the Marked One was spotted in territory %0:s at location %1:s.
[StoryEvents.Event-Yantar-14].Name;The Marked One attacked the territory garrison
[StoryEvents.Event-Yantar-14].Desc-Owner;Our patrols encountered the stalker known as the Marked One. We lost the engagement in territory %0:s at location %1:s... Our casualties:
[StoryEvents.Event-Yantar-14].Desc-NonOwner;Rumors say that the stalker known as the Marked One was spotted in territory %0:s at location %1:s.
[StoryEvents.Event-Yantar-HeadsetPsyBlocker-1].Name;Experimental Prototype
[StoryEvents.Event-Yantar-HeadsetPsyBlocker-1].Desc-Owner;Sakharov managed to create an experimental prototype of a psi-blocker headset and gave it to the Marked One, who immediately headed to Lab X-16!
[StoryEvents.Event-Yantar-HeadsetPsyBlocker-1].Desc-NonOwner;Rumors say that the stalker known as the Marked One acquired a unique item capable of blocking psi-emissions or significantly reducing them!
[StoryEvents.Event-Yantar-15].Name;The Marked One continues his journey
[StoryEvents.Event-Yantar-15].Desc-Owner;The stalker known as the Marked One has been spotted in our territory %0:s at location %1:s. Our garrison let him pass.
[StoryEvents.Event-Yantar-15].Desc-NonOwner;Rumors say that the stalker known as the Marked One was spotted in territory %0:s at location %1:s.
[StoryEvents.Event-Yantar-16].Name;The Marked One attacked the territory garrison
[StoryEvents.Event-Yantar-16].Desc-Owner;Our patrols encountered the stalker known as the Marked One. We lost the engagement in territory %0:s at location %1:s... Our casualties:
[StoryEvents.Event-Yantar-16].Desc-NonOwner;Rumors say that the stalker known as the Marked One was spotted in territory %0:s at location %1:s.
[StoryEvents.Event-Yantar-17].Name;The Marked One continues his journey
[StoryEvents.Event-Yantar-17].Desc-Owner;The stalker known as the Marked One has been spotted in our territory %0:s at location %1:s. Our garrison let him pass.
[StoryEvents.Event-Yantar-17].Desc-NonOwner;Rumors say that the stalker known as the Marked One was spotted in territory %0:s at location %1:s.
[StoryEvents.Event-Yantar-18].Name;The Marked One attacked the territory garrison
[StoryEvents.Event-Yantar-18].Desc-Owner;Our patrols encountered the stalker known as the Marked One. We lost the engagement in territory %0:s at location %1:s... Our casualties:
[StoryEvents.Event-Yantar-18].Desc-NonOwner;Rumors say that the stalker known as the Marked One was spotted in territory %0:s at location %1:s.
[StoryEvents.Event-Yantar-19].Name;The Marked One continues his journey
[StoryEvents.Event-Yantar-19].Desc-Owner;The stalker known as the Marked One has been spotted in our territory %0:s at location %1:s. Our garrison let him pass.
[StoryEvents.Event-Yantar-19].Desc-NonOwner;Rumors say that the stalker known as the Marked One was spotted in territory %0:s at location %1:s.
[StoryEvents.Event-Yantar-20].Name;The Marked One attacked the territory garrison
[StoryEvents.Event-Yantar-20].Desc-Owner;Our patrols encountered the stalker known as the Marked One. We lost the engagement in territory %0:s at location %1:s... Our casualties:
[StoryEvents.Event-Yantar-20].Desc-NonOwner;Rumors say that the stalker known as the Marked One was spotted in territory %0:s at location %1:s.
[StoryEvents.Event-Yantar-21].Name;The Marked One continues his journey
[StoryEvents.Event-Yantar-21].Desc-Owner;The stalker known as the Marked One has been spotted in our territory %0:s at location %1:s. Our garrison let him pass.
[StoryEvents.Event-Yantar-21].Desc-NonOwner;Rumors say that the stalker known as the Marked One was spotted in territory %0:s at location %1:s.
[StoryEvents.Event-Yantar-22].Name;The Marked One attacked the territory garrison
[StoryEvents.Event-Yantar-22].Desc-Owner;Our patrols encountered the stalker known as the Marked One. We lost the engagement in territory %0:s at location %1:s... Our casualties:
[StoryEvents.Event-Yantar-22].Desc-NonOwner;Rumors say that the stalker known as the Marked One was spotted in territory %0:s at location %1:s.
[StoryEvents.Event-Yantar-23].Name;The Marked One continues his journey
[StoryEvents.Event-Yantar-23].Desc-Owner;The stalker known as the Marked One has been spotted in our territory %0:s at location %1:s. Our garrison let him pass.
[StoryEvents.Event-Yantar-23].Desc-NonOwner;Rumors say that the stalker known as the Marked One was spotted in territory %0:s at location %1:s.
[StoryEvents.Event-Yantar-24].Name;The Marked One attacked the territory garrison
[StoryEvents.Event-Yantar-24].Desc-Owner;Our patrols encountered the stalker known as the Marked One. We lost the engagement in territory %0:s at location %1:s... Our casualties:
[StoryEvents.Event-Yantar-24].Desc-NonOwner;Rumors say that the stalker known as the Marked One was spotted in territory %0:s at location %1:s.
[StoryEvents.Event-Yantar-25].Name;The Marked One continues his journey
[StoryEvents.Event-Yantar-25].Desc-Owner;The stalker known as the Marked One has been spotted in our territory %0:s at location %1:s. Our garrison let him pass.
[StoryEvents.Event-Yantar-25].Desc-NonOwner;Rumors say that the stalker known as the Marked One was spotted in territory %0:s at location %1:s.
[StoryEvents.Event-Yantar-26].Name;The Marked One attacked the territory garrison
[StoryEvents.Event-Yantar-26].Desc-Owner;Our patrols encountered the stalker known as the Marked One. We lost the engagement in territory %0:s at location %1:s... Our casualties:
[StoryEvents.Event-Yantar-26].Desc-NonOwner;Rumors say that the stalker known as the Marked One was spotted in territory %0:s at location %1:s.
[StoryEvents.Event-Yantar-BrainPsyDisable-1].Name;Psi-emitter Severely Damaged!
[StoryEvents.Event-Yantar-BrainPsyDisable-1].Desc-Owner;The Marked One has disabled the psi-emitter in territory %0:s at location %1:s!
[StoryEvents.Event-Yantar-BrainPsyDisable-1].Desc-NonOwner;Rumors say that the stalker known as the Marked One disabled the psi-emitter in territory %0:s at location %1:s!
[StoryEvents.Event-Yantar-27].Name;The Marked One continues his journey
[StoryEvents.Event-Yantar-27].Desc-Owner;The stalker known as the Marked One has been spotted in our territory %0:s at location %1:s. Our garrison let him pass.
[StoryEvents.Event-Yantar-27].Desc-NonOwner;Rumors say that the stalker known as the Marked One was spotted in territory %0:s at location %1:s.
[StoryEvents.Event-Yantar-28].Name;The Marked One attacked the territory garrison
[StoryEvents.Event-Yantar-28].Desc-Owner;Our patrols encountered the stalker known as the Marked One. We lost the engagement in territory %0:s at location %1:s... Our casualties:
[StoryEvents.Event-Yantar-28].Desc-NonOwner;Rumors say that the stalker known as the Marked One was spotted in territory %0:s at location %1:s.
[StoryEvents.Event-Yantar-SetFlag1-1].Name;Technical Event
[StoryEvents.Event-Yantar-SetFlag1-1].Desc-Owner;If you see this, it's a bug in event Event-Yantar-SetFlag1-1.
[StoryEvents.Event-Yantar-SetFlag1-1].Desc-NonOwner;If you see this, it's a bug in event Event-Yantar-SetFlag1-1.
[StoryEvents.Event-Yantar-HelicopterAttack-1].Name;Territory Clearance
[StoryEvents.Event-Yantar-HelicopterAttack-1].Desc-Owner;The treacherous Scientists called in a helicopter strike on our territory %0:s at location %1:s!
[StoryEvents.Event-Yantar-HelicopterAttack-1].Desc-NonOwner;We received intelligence that the Scientists deployed helicopters to clear territory %0:s at location %1:s!
[StoryEvents.Event-Yantar-HelicopterAttack-2].Name;Territory Clearance
[StoryEvents.Event-Yantar-HelicopterAttack-2].Desc-Owner;The treacherous Scientists called in a helicopter strike on our territory %0:s at location %1:s!
[StoryEvents.Event-Yantar-HelicopterAttack-2].Desc-NonOwner;We received intelligence that the Scientists deployed helicopters to clear territory %0:s at location %1:s!
[StoryEvents.Event-Yantar-HelicopterAttack-3].Name;Territory Clearance
[StoryEvents.Event-Yantar-HelicopterAttack-3].Desc-Owner;The treacherous Scientists called in a helicopter strike on our territory %0:s at location %1:s!
[StoryEvents.Event-Yantar-HelicopterAttack-3].Desc-NonOwner;We received intelligence that the Scientists deployed helicopters to clear territory %0:s at location %1:s!
[StoryEvents.Event-Cordon-Advisor-3].Name;Guide
[StoryEvents.Event-Cordon-Advisor-3].Desc-Owner;Guide is now available as a deputy candidate!
[StoryEvents.Event-Cordon-Advisor-3].Desc-NonOwner;If you see this, it's a bug in event Event-Cordon-Advisor-3.
[StoryEvents.Event-Yantar-SetFlag1-2].Name;Technical Event
[StoryEvents.Event-Yantar-SetFlag1-2].Desc-Owner;If you see this, it's a bug in event Event-Yantar-SetFlag1-1.
[StoryEvents.Event-Yantar-SetFlag1-2].Desc-NonOwner;If you see this, it's a bug in event Event-Yantar-SetFlag1-1.
[StoryEvents.Event-Rostok-SetFlag1-1].Name;Technical Event
[StoryEvents.Event-Rostok-SetFlag1-1].Desc-Owner;If you see this, it's a bug in event Event-Rostok-SetFlag1-1.
[StoryEvents.Event-Rostok-SetFlag1-1].Desc-NonOwner;If you see this, it's a bug in event Event-Rostok-SetFlag1-1.
[StoryEvents.Event-Rostok-SetFlag1-2].Name;Technical Event
[StoryEvents.Event-Rostok-SetFlag1-2].Desc-Owner;If you see this, it's a bug in event Event-Rostok-SetFlag1-2.
[StoryEvents.Event-Rostok-SetFlag1-2].Desc-NonOwner;If you see this, it's a bug in event Event-Rostok-SetFlag1-2.
[StoryEvents.Event-WildTerritory-Invasion-2].Name;Duty Squad
[StoryEvents.Event-WildTerritory-Invasion-2].Desc-Owner;A Duty squad is assaulting territory %0:s at location %1:s!
[StoryEvents.Event-WildTerritory-Invasion-2].Desc-NonOwner;We received intelligence that a Duty squad is assaulting territory %0:s at location %1:s!
[StoryEvents.Event-Rostok-SetFlag1-3].Name;Technical Event
[StoryEvents.Event-Rostok-SetFlag1-3].Desc-Owner;If you see this, it's a bug in event Event-Rostok-SetFlag1-3.
[StoryEvents.Event-Rostok-SetFlag1-3].Desc-NonOwner;If you see this, it's a bug in event Event-Rostok-SetFlag1-3.
[StoryEvents.Event-Yantar-29].Name;The Marked One continues his journey
[StoryEvents.Event-Yantar-29].Desc-Owner;The stalker known as the Marked One has been spotted in our territory %0:s at location %1:s. Our garrison let him pass.
[StoryEvents.Event-Yantar-29].Desc-NonOwner;Rumors say that the stalker known as the Marked One was spotted in territory %0:s at location %1:s.
[StoryEvents.Event-Yantar-30].Name;The Marked One attacked the territory garrison
[StoryEvents.Event-Yantar-30].Desc-Owner;Our patrols encountered the stalker known as the Marked One. We lost the engagement in territory %0:s at location %1:s... Our casualties:
[StoryEvents.Event-Yantar-30].Desc-NonOwner;Rumors say that the stalker known as the Marked One was spotted in territory %0:s at location %1:s.
[StoryEvents.Event-Rostok-SetFlag1-4].Name;Technical Event
[StoryEvents.Event-Rostok-SetFlag1-4].Desc-Owner;If you see this, it's a bug in event Event-Rostok-SetFlag1-4.
[StoryEvents.Event-Rostok-SetFlag1-4].Desc-NonOwner;If you see this, it's a bug in event Event-Rostok-SetFlag1-4.
[StoryEvents.Event-Yantar-31].Name;The Marked One continues his journey
[StoryEvents.Event-Yantar-31].Desc-Owner;The stalker known as the Marked One has been spotted in our territory %0:s at location %1:s. Our garrison let him pass.
[StoryEvents.Event-Yantar-31].Desc-NonOwner;Rumors say that the stalker known as the Marked One was spotted in territory %0:s at location %1:s.
[StoryEvents.Event-Yantar-32].Name;The Marked One attacked the territory garrison
[StoryEvents.Event-Yantar-32].Desc-Owner;Our patrols encountered the stalker known as the Marked One. We lost the engagement in territory %0:s at location %1:s... Our casualties:
[StoryEvents.Event-Yantar-32].Desc-NonOwner;Rumors say that the stalker known as the Marked One was spotted in territory %0:s at location %1:s.
[StoryEvents.Event-Yantar-33].Name;The Marked One continues his journey
[StoryEvents.Event-Yantar-33].Desc-Owner;The stalker known as the Marked One has been spotted in our territory %0:s at location %1:s. Our garrison let him pass.
[StoryEvents.Event-Yantar-33].Desc-NonOwner;Rumors say that the stalker known as the Marked One was spotted in territory %0:s at location %1:s.
[StoryEvents.Event-Yantar-34].Name;The Marked One attacked the territory garrison
[StoryEvents.Event-Yantar-34].Desc-Owner;Our patrols encountered the stalker known as the Marked One. We lost the engagement in territory %0:s at location %1:s... Our casualties:
[StoryEvents.Event-Yantar-34].Desc-NonOwner;Rumors say that the stalker known as the Marked One was spotted in territory %0:s at location %1:s.
[StoryEvents.Event-Yantar-35].Name;The Marked One continues his journey
[StoryEvents.Event-Yantar-35].Desc-Owner;The stalker known as the Marked One has been spotted in our territory %0:s at location %1:s. Our garrison let him pass.
[StoryEvents.Event-Yantar-35].Desc-NonOwner;Rumors say that the stalker known as the Marked One was spotted in territory %0:s at location %1:s.
[StoryEvents.Event-Yantar-36].Name;The Marked One attacked the territory garrison
[StoryEvents.Event-Yantar-36].Desc-Owner;Our patrols encountered the stalker known as the Marked One. We lost the engagement in territory %0:s at location %1:s... Our casualties:
[StoryEvents.Event-Yantar-36].Desc-NonOwner;Rumors say that the stalker known as the Marked One was spotted in territory %0:s at location %1:s.
[StoryEvents.Event-Yantar-37].Name;The Marked One continues his journey
[StoryEvents.Event-Yantar-37].Desc-Owner;The stalker known as the Marked One has been spotted in our territory %0:s at location %1:s. Our garrison let him pass.
[StoryEvents.Event-Yantar-37].Desc-NonOwner;Rumors say that the stalker known as the Marked One was spotted in territory %0:s at location %1:s.
[StoryEvents.Event-Yantar-38].Name;The Marked One attacked the territory garrison
[StoryEvents.Event-Yantar-38].Desc-Owner;Our patrols encountered the stalker known as the Marked One. We lost the engagement in territory %0:s at location %1:s... Our casualties:
[StoryEvents.Event-Yantar-38].Desc-NonOwner;Rumors say that the stalker known as the Marked One was spotted in territory %0:s at location %1:s.
[StoryEvents.Event-WildTerritory2-Invasion-1].Name;Bandit Group Appearance
[StoryEvents.Event-WildTerritory2-Invasion-1].Desc-Owner;A Bandit squad is assaulting territory %0:s at location %1:s!
[StoryEvents.Event-WildTerritory2-Invasion-1].Desc-NonOwner;We received intelligence that a Bandit squad is assaulting territory %0:s at location %1:s!
[StoryEvents.Event-WildTerritory2-Invasion-2].Name;Bandit Squad
[StoryEvents.Event-WildTerritory2-Invasion-2].Desc-Owner;A Bandit squad is assaulting territory %0:s at location %1:s!
[StoryEvents.Event-WildTerritory2-Invasion-2].Desc-NonOwner;We received intelligence that a Bandit squad is assaulting territory %0:s at location %1:s!
[StoryEvents.Event-WildTerritory2-1].Name;The Marked One continues his journey
[StoryEvents.Event-WildTerritory2-1].Desc-Owner;The stalker known as the Marked One has been spotted in our territory %0:s at location %1:s. Our garrison let him pass.
[StoryEvents.Event-WildTerritory2-1].Desc-NonOwner;Rumors say that the stalker known as the Marked One was spotted in territory %0:s at location %1:s.
[StoryEvents.Event-WildTerritory2-2].Name;The Marked One attacked the territory garrison
[StoryEvents.Event-WildTerritory2-2].Desc-Owner;Our patrols encountered the stalker known as the Marked One. We lost the engagement in territory %0:s at location %1:s... Our casualties:
[StoryEvents.Event-WildTerritory2-2].Desc-NonOwner;Rumors say that the stalker known as the Marked One was spotted in territory %0:s at location %1:s.
[StoryEvents.Event-Yantar-Invasion-1].Name;Stalker Group
[StoryEvents.Event-Yantar-Invasion-1].Desc-Owner;A Loner squad is assaulting territory %0:s at location %1:s!
[StoryEvents.Event-Yantar-Invasion-1].Desc-NonOwner;We received intelligence that a Loner squad is assaulting territory %0:s at location %1:s!
[StoryEvents.Event-Rostok-SetFlag1-5].Name;Technical Event
[StoryEvents.Event-Rostok-SetFlag1-5].Desc-Owner;If you see this, it's a bug in event Event-Rostok-SetFlag1-5.
[StoryEvents.Event-Rostok-SetFlag1-5].Desc-NonOwner;If you see this, it's a bug in event Event-Rostok-SetFlag1-5.
[StoryEvents.Event-WildTerritory2-3].Name;The Marked One continues his journey
[StoryEvents.Event-WildTerritory2-3].Desc-Owner;The stalker known as the Marked One has been spotted in our territory %0:s at location %1:s. Our garrison let him pass.
[StoryEvents.Event-WildTerritory2-3].Desc-NonOwner;Rumors say that the stalker known as the Marked One was spotted in territory %0:s at location %1:s.
[StoryEvents.Event-WildTerritory2-4].Name;The Marked One attacked the territory garrison
[StoryEvents.Event-WildTerritory2-4].Desc-Owner;Our patrols encountered the stalker known as the Marked One. We lost the engagement in territory %0:s at location %1:s... Our casualties:
[StoryEvents.Event-WildTerritory2-4].Desc-NonOwner;Rumors say that the stalker known as the Marked One was spotted in territory %0:s at location %1:s.
[StoryEvents.Event-Yantar-SetFlag2-1].Name;Technical Event
[StoryEvents.Event-Yantar-SetFlag2-1].Desc-Owner;If you see this, it's a bug in event Event-Yantar-SetFlag2-1.
[StoryEvents.Event-Yantar-SetFlag2-1].Desc-NonOwner;If you see this, it's a bug in event Event-Yantar-SetFlag2-1.
[StoryEvents.Event-Yantar-Invasion-2].Name;Duty Squad
[StoryEvents.Event-Yantar-Invasion-2].Desc-Owner;A Duty squad is assaulting territory %0:s at location %1:s!
[StoryEvents.Event-Yantar-Invasion-2].Desc-NonOwner;We received intelligence that a Duty squad is assaulting territory %0:s at location %1:s!
[StoryEvents.Event-Yantar-SetFlag2-2].Name;Technical Event
[StoryEvents.Event-Yantar-SetFlag2-2].Desc-Owner;If you see this, it's a bug in event Event-Yantar-SetFlag2-2.
[StoryEvents.Event-Yantar-SetFlag2-2].Desc-NonOwner;If you see this, it's a bug in event Event-Yantar-SetFlag2-2.
[StoryEvents.Event-WildTerritory2-5].Name;The Marked One continues his journey
[StoryEvents.Event-WildTerritory2-5].Desc-Owner;The stalker known as the Marked One has been spotted in our territory %0:s at location %1:s. Our garrison let him pass.
[StoryEvents.Event-WildTerritory2-5].Desc-NonOwner;Rumors say that the stalker known as the Marked One was spotted in territory %0:s at location %1:s.
[StoryEvents.Event-WildTerritory2-6].Name;The Marked One attacked the territory garrison
[StoryEvents.Event-WildTerritory2-6].Desc-Owner;Our patrols encountered the stalker known as the Marked One. We lost the engagement in territory %0:s at location %1:s... Our casualties:
[StoryEvents.Event-WildTerritory2-6].Desc-NonOwner;Rumors say that the stalker known as the Marked One was spotted in territory %0:s at location %1:s.
[StoryEvents.Event-WildTerritory2-7].Name;The Marked One continues his journey
[StoryEvents.Event-WildTerritory2-7].Desc-Owner;The stalker known as the Marked One has been spotted in our territory %0:s at location %1:s. Our garrison let him pass.
[StoryEvents.Event-WildTerritory2-7].Desc-NonOwner;Rumors say that the stalker known as the Marked One was spotted in territory %0:s at location %1:s.
[StoryEvents.Event-WildTerritory2-8].Name;The Marked One attacked the territory garrison
[StoryEvents.Event-WildTerritory2-8].Desc-Owner;Our patrols encountered the stalker known as the Marked One. We lost the engagement in territory %0:s at location %1:s... Our casualties:
[StoryEvents.Event-WildTerritory2-8].Desc-NonOwner;Rumors say that the stalker known as the Marked One was spotted in territory %0:s at location %1:s.
[StoryEvents.Event-WildTerritory2-9].Name;The Marked One continues his journey
[StoryEvents.Event-WildTerritory2-9].Desc-Owner;The stalker known as the Marked One has been spotted in our territory %0:s at location %1:s. Our garrison let him pass.
[StoryEvents.Event-WildTerritory2-9].Desc-NonOwner;Rumors say that the stalker known as the Marked One was spotted in territory %0:s at location %1:s.
[StoryEvents.Event-WildTerritory2-10].Name;The Marked One attacked the territory garrison
[StoryEvents.Event-WildTerritory2-10].Desc-Owner;Our patrols encountered the stalker known as the Marked One. We lost the engagement in territory %0:s at location %1:s... Our casualties:
[StoryEvents.Event-WildTerritory2-10].Desc-NonOwner;Rumors say that the stalker known as the Marked One was spotted in territory %0:s at location %1:s.
[StoryEvents.Event-WildTerritory2-11].Name;The Marked One continues his journey
[StoryEvents.Event-WildTerritory2-11].Desc-Owner;The stalker known as the Marked One has been spotted in our territory %0:s at location %1:s. Our garrison let him pass.
[StoryEvents.Event-WildTerritory2-11].Desc-NonOwner;Rumors say that the stalker known as the Marked One was spotted in territory %0:s at location %1:s.
[StoryEvents.Event-WildTerritory2-12].Name;The Marked One attacked the territory garrison
[StoryEvents.Event-WildTerritory2-12].Desc-Owner;Our patrols encountered the stalker known as the Marked One. We lost the engagement in territory %0:s at location %1:s... Our casualties:
[StoryEvents.Event-WildTerritory2-12].Desc-NonOwner;Rumors say that the stalker known as the Marked One was spotted in territory %0:s at location %1:s.
[StoryEvents.Event-WildTerritory2-13].Name;The Marked One continues his journey
[StoryEvents.Event-WildTerritory2-13].Desc-Owner;The stalker known as the Marked One has been spotted in our territory %0:s at location %1:s. Our garrison let him pass.
[StoryEvents.Event-WildTerritory2-13].Desc-NonOwner;Rumors say that the stalker known as the Marked One was spotted in territory %0:s at location %1:s.
[StoryEvents.Event-WildTerritory2-14].Name;The Marked One attacked the territory garrison
[StoryEvents.Event-WildTerritory2-14].Desc-Owner;Our patrols encountered the stalker known as the Marked One. We lost the engagement in territory %0:s at location %1:s... Our casualties:
[StoryEvents.Event-WildTerritory2-14].Desc-NonOwner;Rumors say that the stalker known as the Marked One was spotted in territory %0:s at location %1:s.
[StoryEvents.Event-WildTerritory2-15].Name;The Marked One continues his journey
[StoryEvents.Event-WildTerritory2-15].Desc-Owner;The stalker known as the Marked One has been spotted in our territory %0:s at location %1:s. Our garrison let him pass.
[StoryEvents.Event-WildTerritory2-15].Desc-NonOwner;Rumors say that the stalker known as the Marked One was spotted in territory %0:s at location %1:s.
[StoryEvents.Event-WildTerritory2-16].Name;The Marked One attacked the territory garrison
[StoryEvents.Event-WildTerritory2-16].Desc-Owner;Our patrols encountered the stalker known as the Marked One. We lost the engagement in territory %0:s at location %1:s... Our casualties:
[StoryEvents.Event-WildTerritory2-16].Desc-NonOwner;Rumors say that the stalker known as the Marked One was spotted in territory %0:s at location %1:s.
[StoryEvents.Event-Rostok3-1].Name;The Marked One continues his journey
[StoryEvents.Event-Rostok3-1].Desc-Owner;The stalker known as the Marked One has been spotted in our territory %0:s at location %1:s. Our garrison let him pass.
[StoryEvents.Event-Rostok3-1].Desc-NonOwner;Rumors say that the stalker known as the Marked One was spotted in territory %0:s at location %1:s.
[StoryEvents.Event-Rostok3-2].Name;The Marked One attacked the territory garrison
[StoryEvents.Event-Rostok3-2].Desc-Owner;Our patrols encountered the stalker known as the Marked One. We lost the engagement in territory %0:s at location %1:s... Our casualties:
[StoryEvents.Event-Rostok3-2].Desc-NonOwner;Rumors say that the stalker known as the Marked One was spotted in territory %0:s at location %1:s.
[StoryEvents.Event-Rostok3-3].Name;The Marked One continues his journey
[StoryEvents.Event-Rostok3-3].Desc-Owner;The stalker known as the Marked One has been spotted in our territory %0:s at location %1:s. Our garrison let him pass.
[StoryEvents.Event-Rostok3-3].Desc-NonOwner;Rumors say that the stalker known as the Marked One was spotted in territory %0:s at location %1:s.
[StoryEvents.Event-Rostok3-4].Name;The Marked One attacked the territory garrison
[StoryEvents.Event-Rostok3-4].Desc-Owner;Our patrols encountered the stalker known as the Marked One. We lost the engagement in territory %0:s at location %1:s... Our casualties:
[StoryEvents.Event-Rostok3-4].Desc-NonOwner;Rumors say that the stalker known as the Marked One was spotted in territory %0:s at location %1:s.
[StoryEvents.Event-Rostok3-5].Name;The Marked One continues his journey
[StoryEvents.Event-Rostok3-5].Desc-Owner;The stalker known as the Marked One has been spotted in our territory %0:s at location %1:s. Our garrison let him pass.
[StoryEvents.Event-Rostok3-5].Desc-NonOwner;Rumors say that the stalker known as the Marked One was spotted in territory %0:s at location %1:s.
[StoryEvents.Event-Rostok3-6].Name;The Marked One attacked the territory garrison
[StoryEvents.Event-Rostok3-6].Desc-Owner;Our patrols encountered the stalker known as the Marked One. We lost the engagement in territory %0:s at location %1:s... Our casualties:
[StoryEvents.Event-Rostok3-6].Desc-NonOwner;Rumors say that the stalker known as the Marked One was spotted in territory %0:s at location %1:s.
[StoryEvents.Event-Rostok3-7].Name;The Marked One continues his journey
[StoryEvents.Event-Rostok3-7].Desc-Owner;The stalker known as the Marked One has been spotted in our territory %0:s at location %1:s. Our garrison let him pass.
[StoryEvents.Event-Rostok3-7].Desc-NonOwner;Rumors say that the stalker known as the Marked One was spotted in territory %0:s at location %1:s.
[StoryEvents.Event-Rostok3-8].Name;The Marked One attacked the territory garrison
[StoryEvents.Event-Rostok3-8].Desc-Owner;Our patrols encountered the stalker known as the Marked One. We lost the engagement in territory %0:s at location %1:s... Our casualties:
[StoryEvents.Event-Rostok3-8].Desc-NonOwner;Rumors say that the stalker known as the Marked One was spotted in territory %0:s at location %1:s.
[StoryEvents.Event-Rostok3-9].Name;The Marked One continues his journey
[StoryEvents.Event-Rostok3-9].Desc-Owner;The stalker known as the Marked One has been spotted in our territory %0:s at location %1:s. Our garrison let him pass.
[StoryEvents.Event-Rostok3-9].Desc-NonOwner;Rumors say that the stalker known as the Marked One was spotted in territory %0:s at location %1:s.
[StoryEvents.Event-Rostok3-10].Name;The Marked One attacked the territory garrison
[StoryEvents.Event-Rostok3-10].Desc-Owner;Our patrols encountered the stalker known as the Marked One. We lost the engagement in territory %0:s at location %1:s... Our casualties:
[StoryEvents.Event-Rostok3-10].Desc-NonOwner;Rumors say that the stalker known as the Marked One was spotted in territory %0:s at location %1:s.
[StoryEvents.Event-Rostok3-11].Name;The Marked One continues his journey
[StoryEvents.Event-Rostok3-11].Desc-Owner;The stalker known as the Marked One has been spotted in our territory %0:s at location %1:s. Our garrison let him pass.
[StoryEvents.Event-Rostok3-11].Desc-NonOwner;Rumors say that the stalker known as the Marked One was spotted in territory %0:s at location %1:s.
[StoryEvents.Event-Rostok3-12].Name;The Marked One attacked the territory garrison
[StoryEvents.Event-Rostok3-12].Desc-Owner;Our patrols encountered the stalker known as the Marked One. We lost the engagement in territory %0:s at location %1:s... Our casualties:
[StoryEvents.Event-Rostok3-12].Desc-NonOwner;Rumors say that the stalker known as the Marked One was spotted in territory %0:s at location %1:s.
[StoryEvents.Event-Agroprom-Advisor-2].Name;Doctor
[StoryEvents.Event-Agroprom-Advisor-2].Desc-Owner;Doctor is now available as a deputy candidate!
[StoryEvents.Event-Agroprom-Advisor-2].Desc-NonOwner;If you see this, it's a bug in event Event-Agroprom-Advisor-2.
[StoryEvents.Event-ArmyStocks-1].Name;The Marked One continues his journey
[StoryEvents.Event-ArmyStocks-1].Desc-Owner;The stalker known as the Marked One has been spotted in our territory %0:s at location %1:s. Our garrison let him pass.
[StoryEvents.Event-ArmyStocks-1].Desc-NonOwner;Rumors say that the stalker known as the Marked One was spotted in territory %0:s at location %1:s.
[StoryEvents.Event-ArmyStocks-2].Name;The Marked One attacked the territory garrison
[StoryEvents.Event-ArmyStocks-2].Desc-Owner;Our patrols encountered the stalker known as the Marked One. We lost the engagement in territory %0:s at location %1:s... Our casualties:
[StoryEvents.Event-ArmyStocks-2].Desc-NonOwner;Rumors say that the stalker known as the Marked One was spotted in territory %0:s at location %1:s.
[StoryEvents.Event-ArmyStocks-3].Name;The Marked One continues his journey
[StoryEvents.Event-ArmyStocks-3].Desc-Owner;The stalker known as the Marked One has been spotted in our territory %0:s at location %1:s. Our garrison let him pass.
[StoryEvents.Event-ArmyStocks-3].Desc-NonOwner;Rumors say that the stalker known as the Marked One was spotted in territory %0:s at location %1:s.
[StoryEvents.Event-ArmyStocks-4].Name;The Marked One attacked the territory garrison
[StoryEvents.Event-ArmyStocks-4].Desc-Owner;Our patrols encountered the stalker known as the Marked One. We lost the engagement in territory %0:s at location %1:s... Our casualties:
[StoryEvents.Event-ArmyStocks-4].Desc-NonOwner;Rumors say that the stalker known as the Marked One was spotted in territory %0:s at location %1:s.
[StoryEvents.Event-ArmyStocks-5].Name;The Marked One continues his journey
[StoryEvents.Event-ArmyStocks-5].Desc-Owner;The stalker known as the Marked One has been spotted in our territory %0:s at location %1:s. Our garrison let him pass.
[StoryEvents.Event-ArmyStocks-5].Desc-NonOwner;Rumors say that the stalker known as the Marked One was spotted in territory %0:s at location %1:s.
[StoryEvents.Event-ArmyStocks-6].Name;The Marked One attacked the territory garrison
[StoryEvents.Event-ArmyStocks-6].Desc-Owner;Our patrols encountered the stalker known as the Marked One. We lost the engagement in territory %0:s at location %1:s... Our casualties:
[StoryEvents.Event-ArmyStocks-6].Desc-NonOwner;Rumors say that the stalker known as the Marked One was spotted in territory %0:s at location %1:s.
[StoryEvents.Event-ArmyStocks-7].Name;The Marked One continues his journey
[StoryEvents.Event-ArmyStocks-7].Desc-Owner;The stalker known as the Marked One has been spotted in our territory %0:s at location %1:s. Our garrison let him pass.
[StoryEvents.Event-ArmyStocks-7].Desc-NonOwner;Rumors say that the stalker known as the Marked One was spotted in territory %0:s at location %1:s.
[StoryEvents.Event-ArmyStocks-8].Name;The Marked One attacked the territory garrison
[StoryEvents.Event-ArmyStocks-8].Desc-Owner;Our patrols encountered the stalker known as the Marked One. We lost the engagement in territory %0:s at location %1:s... Our casualties:
[StoryEvents.Event-ArmyStocks-8].Desc-NonOwner;Rumors say that the stalker known as the Marked One was spotted in territory %0:s at location %1:s.
[StoryEvents.Event-ArmyStocks-9].Name;The Marked One continues his journey
[StoryEvents.Event-ArmyStocks-9].Desc-Owner;The stalker known as the Marked One has been spotted in our territory %0:s at location %1:s. Our garrison let him pass.
[StoryEvents.Event-ArmyStocks-9].Desc-NonOwner;Rumors say that the stalker known as the Marked One was spotted in territory %0:s at location %1:s.
[StoryEvents.Event-ArmyStocks-10].Name;The Marked One attacked the territory garrison
[StoryEvents.Event-ArmyStocks-10].Desc-Owner;Our patrols encountered the stalker known as the Marked One. We lost the engagement in territory %0:s at location %1:s... Our casualties:
[StoryEvents.Event-ArmyStocks-10].Desc-NonOwner;Rumors say that the stalker known as the Marked One was spotted in territory %0:s at location %1:s.
[StoryEvents.Event-ArmyStocks-11].Name;The Marked One continues his journey
[StoryEvents.Event-ArmyStocks-11].Desc-Owner;The stalker known as the Marked One has been spotted in our territory %0:s at location %1:s. Our garrison let him pass.
[StoryEvents.Event-ArmyStocks-11].Desc-NonOwner;Rumors say that the stalker known as the Marked One was spotted in territory %0:s at location %1:s.
[StoryEvents.Event-ArmyStocks-12].Name;The Marked One attacked the territory garrison
[StoryEvents.Event-ArmyStocks-12].Desc-Owner;Our patrols encountered the stalker known as the Marked One. We lost the engagement in territory %0:s at location %1:s... Our casualties:
[StoryEvents.Event-ArmyStocks-12].Desc-NonOwner;Rumors say that the stalker known as the Marked One was spotted in territory %0:s at location %1:s.
[StoryEvents.Event-ArmyStocks-13].Name;The Marked One continues his journey
[StoryEvents.Event-ArmyStocks-13].Desc-Owner;The stalker known as the Marked One has been spotted in our territory %0:s at location %1:s. Our garrison let him pass.
[StoryEvents.Event-ArmyStocks-13].Desc-NonOwner;Rumors say that the stalker known as the Marked One was spotted in territory %0:s at location %1:s.
[StoryEvents.Event-ArmyStocks-14].Name;The Marked One attacked the territory garrison
[StoryEvents.Event-ArmyStocks-14].Desc-Owner;Our patrols encountered the stalker known as the Marked One. We lost the engagement in territory %0:s at location %1:s... Our casualties:
[StoryEvents.Event-ArmyStocks-14].Desc-NonOwner;Rumors say that the stalker known as the Marked One was spotted in territory %0:s at location %1:s.
[StoryEvents.Event-Radar-1].Name;The Marked One continues his journey
[StoryEvents.Event-Radar-1].Desc-Owner;The stalker known as the Marked One has been spotted in our territory %0:s at location %1:s. Our garrison let him pass.
[StoryEvents.Event-Radar-1].Desc-NonOwner;Rumors say that the stalker known as the Marked One was spotted in territory %0:s at location %1:s.
[StoryEvents.Event-Radar-2].Name;The Marked One attacked the territory garrison
[StoryEvents.Event-Radar-2].Desc-Owner;Our patrols encountered the stalker known as the Marked One. We lost the engagement in territory %0:s at location %1:s... Our casualties:
[StoryEvents.Event-Radar-2].Desc-NonOwner;Rumors say that the stalker known as the Marked One was spotted in territory %0:s at location %1:s.
[StoryEvents.Event-Radar-3].Name;The Marked One continues his journey
[StoryEvents.Event-Radar-3].Desc-Owner;The stalker known as the Marked One has been spotted in our territory %0:s at location %1:s. Our garrison let him pass.
[StoryEvents.Event-Radar-3].Desc-NonOwner;Rumors say that the stalker known as the Marked One was spotted in territory %0:s at location %1:s.
[StoryEvents.Event-Radar-4].Name;The Marked One attacked the territory garrison
[StoryEvents.Event-Radar-4].Desc-Owner;Our patrols encountered the stalker known as the Marked One. We lost the engagement in territory %0:s at location %1:s... Our casualties:
[StoryEvents.Event-Radar-4].Desc-NonOwner;Rumors say that the stalker known as the Marked One was spotted in territory %0:s at location %1:s.
[StoryEvents.Event-Radar-5].Name;The Marked One continues his journey
[StoryEvents.Event-Radar-5].Desc-Owner;The stalker known as the Marked One has been spotted in our territory %0:s at location %1:s. Our garrison let him pass.
[StoryEvents.Event-Radar-5].Desc-NonOwner;Rumors say that the stalker known as the Marked One was spotted in territory %0:s at location %1:s.
[StoryEvents.Event-Radar-6].Name;The Marked One attacked the territory garrison
[StoryEvents.Event-Radar-6].Desc-Owner;Our patrols encountered the stalker known as the Marked One. We lost the engagement in territory %0:s at location %1:s... Our casualties:
[StoryEvents.Event-Radar-6].Desc-NonOwner;Rumors say that the stalker known as the Marked One was spotted in territory %0:s at location %1:s.
[StoryEvents.Event-Radar-7].Name;The Marked One continues his journey
[StoryEvents.Event-Radar-7].Desc-Owner;The stalker known as the Marked One has been spotted in our territory %0:s at location %1:s. Our garrison let him pass.
[StoryEvents.Event-Radar-7].Desc-NonOwner;Rumors say that the stalker known as the Marked One was spotted in territory %0:s at location %1:s.
[StoryEvents.Event-Radar-8].Name;The Marked One attacked the territory garrison
[StoryEvents.Event-Radar-8].Desc-Owner;Our patrols encountered the stalker known as the Marked One. We lost the engagement in territory %0:s at location %1:s... Our casualties:
[StoryEvents.Event-Radar-8].Desc-NonOwner;Rumors say that the stalker known as the Marked One was spotted in territory %0:s at location %1:s.
[StoryEvents.Event-Radar-9].Name;The Marked One continues his journey
[StoryEvents.Event-Radar-9].Desc-Owner;The stalker known as the Marked One has been spotted in our territory %0:s at location %1:s. Our garrison let him pass.
[StoryEvents.Event-Radar-9].Desc-NonOwner;Rumors say that the stalker known as the Marked One was spotted in territory %0:s at location %1:s.
[StoryEvents.Event-Radar-10].Name;The Marked One attacked the territory garrison
[StoryEvents.Event-Radar-10].Desc-Owner;Our patrols encountered the stalker known as the Marked One. We lost the engagement in territory %0:s at location %1:s... Our casualties:
[StoryEvents.Event-Radar-10].Desc-NonOwner;Rumors say that the stalker known as the Marked One was spotted in territory %0:s at location %1:s.
[StoryEvents.Event-Radar-11].Name;The Marked One continues his journey
[StoryEvents.Event-Radar-11].Desc-Owner;The stalker known as the Marked One has been spotted in our territory %0:s at location %1:s. Our garrison let him pass.
[StoryEvents.Event-Radar-11].Desc-NonOwner;Rumors say that the stalker known as the Marked One was spotted in territory %0:s at location %1:s.
[StoryEvents.Event-Radar-12].Name;The Marked One attacked the territory garrison
[StoryEvents.Event-Radar-12].Desc-Owner;Our patrols encountered the stalker known as the Marked One. We lost the engagement in territory %0:s at location %1:s... Our casualties:
[StoryEvents.Event-Radar-12].Desc-NonOwner;Rumors say that the stalker known as the Marked One was spotted in territory %0:s at location %1:s.
[StoryEvents.Event-Radar-13].Name;The Marked One continues his journey
[StoryEvents.Event-Radar-13].Desc-Owner;The stalker known as the Marked One has been spotted in our territory %0:s at location %1:s. Our garrison let him pass.
[StoryEvents.Event-Radar-13].Desc-NonOwner;Rumors say that the stalker known as the Marked One was spotted in territory %0:s at location %1:s.
[StoryEvents.Event-Radar-14].Name;The Marked One attacked the territory garrison
[StoryEvents.Event-Radar-14].Desc-Owner;Our patrols encountered the stalker known as the Marked One. We lost the engagement in territory %0:s at location %1:s... Our casualties:
[StoryEvents.Event-Radar-14].Desc-NonOwner;Rumors say that the stalker known as the Marked One was spotted in territory %0:s at location %1:s.
[StoryEvents.Event-Radar-15].Name;The Marked One continues his journey
[StoryEvents.Event-Radar-15].Desc-Owner;The stalker known as the Marked One has been spotted in our territory %0:s at location %1:s. Our garrison let him pass.
[StoryEvents.Event-Radar-15].Desc-NonOwner;Rumors say that the stalker known as the Marked One was spotted in territory %0:s at location %1:s.
[StoryEvents.Event-Radar-16].Name;The Marked One attacked the territory garrison
[StoryEvents.Event-Radar-16].Desc-Owner;Our patrols encountered the stalker known as the Marked One. We lost the engagement in territory %0:s at location %1:s... Our casualties:
[StoryEvents.Event-Radar-16].Desc-NonOwner;Rumors say that the stalker known as the Marked One was spotted in territory %0:s at location %1:s.
[StoryEvents.Event-Radar-17].Name;The Marked One continues his journey
[StoryEvents.Event-Radar-17].Desc-Owner;The stalker known as the Marked One has been spotted in our territory %0:s at location %1:s. Our garrison let him pass.
[StoryEvents.Event-Radar-17].Desc-NonOwner;Rumors say that the stalker known as the Marked One was spotted in territory %0:s at location %1:s.
[StoryEvents.Event-Radar-18].Name;The Marked One attacked the territory garrison
[StoryEvents.Event-Radar-18].Desc-Owner;Our patrols encountered the stalker known as the Marked One. We lost the engagement in territory %0:s at location %1:s... Our casualties:
[StoryEvents.Event-Radar-18].Desc-NonOwner;Rumors say that the stalker known as the Marked One was spotted in territory %0:s at location %1:s.
[StoryEvents.Event-Radar-BrainMixerDisable-1].Name;Psi-emitter Severely Damaged!
[StoryEvents.Event-Radar-BrainMixerDisable-1].Desc-Owner;The Marked One has disabled the psi-emitter in territory %0:s at location %1:s!
[StoryEvents.Event-Radar-BrainMixerDisable-1].Desc-NonOwner;Rumors say that the stalker known as the Marked One disabled the psi-emitter in territory %0:s at location %1:s!
[StoryEvents.Event-Radar-SetFlag1-1].Name;Technical Event
[StoryEvents.Event-Radar-SetFlag1-1].Desc-Owner;If you see this, it's a bug in event Event-Radar-SetFlag1-1.
[StoryEvents.Event-Radar-SetFlag1-1].Desc-NonOwner;If you see this, it's a bug in event Event-Radar-SetFlag1-1.
[StoryEvents.Event-Radar-Helicopter-1].Name;Helicopters
[StoryEvents.Event-Radar-Helicopter-1].Desc-Owner;Multiple military helicopters are flying towards us at CNPP! Alert! Everyone to arms!
[StoryEvents.Event-Radar-Helicopter-1].Desc-NonOwner;Multiple Military helicopters have headed towards CNPP!
[StoryEvents.Event-Radar-RadioFlood-1].Name;Radio Chatter
[StoryEvents.Event-Radar-RadioFlood-1].Desc-Owner;The radio waves are filled with various chatter about what's happening. Looks like something is about to go down.
[StoryEvents.Event-Radar-RadioFlood-1].Desc-NonOwner;The radio waves are filled with various chatter about what's happening. Looks like something is about to go down.
[StoryEvents.Event-Radar-SetFlag1-2].Name;Technical Event
[StoryEvents.Event-Radar-SetFlag1-2].Desc-Owner;If you see this, it's a bug in event Event-Radar-SetFlag1-2.
[StoryEvents.Event-Radar-SetFlag1-2].Desc-NonOwner;If you see this, it's a bug in event Event-Radar-SetFlag1-2.
[StoryEvents.Event-Radar-19].Name;The Marked One continues his journey
[StoryEvents.Event-Radar-19].Desc-Owner;The stalker known as the Marked One has been spotted in our territory %0:s at location %1:s. Our garrison let him pass.
[StoryEvents.Event-Radar-19].Desc-NonOwner;Rumors say that the stalker known as the Marked One was spotted in territory %0:s at location %1:s.
[StoryEvents.Event-Radar-20].Name;The Marked One attacked the territory garrison
[StoryEvents.Event-Radar-20].Desc-Owner;Our patrols encountered the stalker known as the Marked One. We lost the engagement in territory %0:s at location %1:s... Our casualties:
[StoryEvents.Event-Radar-20].Desc-NonOwner;Rumors say that the stalker known as the Marked One was spotted in territory %0:s at location %1:s.
[StoryEvents.Event-Radar-SoldiersIsDie-1].Name;Fate of Boar's Squad
[StoryEvents.Event-Radar-SoldiersIsDie-1].Desc-Owner;The Military squad that suddenly appeared in territory %0:s at location %1:s was destroyed by the Marked One!
[StoryEvents.Event-Radar-SoldiersIsDie-1].Desc-NonOwner;Reports indicate that there was a battle with a Military squad in territory %0:s at location %1:s. No survivors from that squad.
[StoryEvents.Event-Radar-SetFlag2-1].Name;Technical Event
[StoryEvents.Event-Radar-SetFlag2-1].Desc-Owner;If you see this, it's a bug in event Event-Radar-SetFlag2-1.
[StoryEvents.Event-Radar-SetFlag2-1].Desc-NonOwner;If you see this, it's a bug in event Event-Radar-SetFlag2-1.
[StoryEvents.Event-Radar-SetFlag3-1].Name;Technical Event
[StoryEvents.Event-Radar-SetFlag3-1].Desc-Owner;If you see this, it's a bug in event Event-Radar-SetFlag3-1.
[StoryEvents.Event-Radar-SetFlag3-1].Desc-NonOwner;If you see this, it's a bug in event Event-Radar-SetFlag3-1.
[StoryEvents.Event-Radar-SetFlag2-2].Name;Technical Event
[StoryEvents.Event-Radar-SetFlag2-2].Desc-Owner;If you see this, it's a bug in event Event-Radar-SetFlag2-2.
[StoryEvents.Event-Radar-SetFlag2-2].Desc-NonOwner;If you see this, it's a bug in event Event-Radar-SetFlag2-2.
[StoryEvents.Event-Radar-SetFlag3-2].Name;Technical Event
[StoryEvents.Event-Radar-SetFlag3-2].Desc-Owner;If you see this, it's a bug in event Event-Radar-SetFlag3-2.
[StoryEvents.Event-Radar-SetFlag3-2].Desc-NonOwner;If you see this, it's a bug in event Event-Radar-SetFlag3-2.
[StoryEvents.Event-Radar-Invasion-1].Name;Duty Squad
[StoryEvents.Event-Radar-Invasion-1].Desc-Owner;A Duty squad is assaulting territory %0:s at location %1:s!
[StoryEvents.Event-Radar-Invasion-1].Desc-NonOwner;We received intelligence that a Duty squad is assaulting territory %0:s at location %1:s!
[StoryEvents.Event-Radar-Invasion-2].Name;Freedom Squad
[StoryEvents.Event-Radar-Invasion-2].Desc-Owner;A Freedom squad is assaulting territory %0:s at location %1:s!
[StoryEvents.Event-Radar-Invasion-2].Desc-NonOwner;We received intelligence that a Freedom squad is assaulting territory %0:s at location %1:s!
[StoryEvents.Event-Radar-21].Name;The Marked One continues his journey
[StoryEvents.Event-Radar-21].Desc-Owner;The stalker known as the Marked One has been spotted in our territory %0:s at location %1:s. Our garrison let him pass.
[StoryEvents.Event-Radar-21].Desc-NonOwner;Rumors say that the stalker known as the Marked One was spotted in territory %0:s at location %1:s.
[StoryEvents.Event-Radar-22].Name;The Marked One attacked the territory garrison
[StoryEvents.Event-Radar-22].Desc-Owner;Our patrols encountered the stalker known as the Marked One. We lost the engagement in territory %0:s at location %1:s... Our casualties:
[StoryEvents.Event-Radar-22].Desc-NonOwner;Rumors say that the stalker known as the Marked One was spotted in territory %0:s at location %1:s.
[StoryEvents.Event-Radar-SetFlag2-3].Name;Technical Event
[StoryEvents.Event-Radar-SetFlag2-3].Desc-Owner;If you see this, it's a bug in event Event-Radar-SetFlag2-3.
[StoryEvents.Event-Radar-SetFlag2-3].Desc-NonOwner;If you see this, it's a bug in event Event-Radar-SetFlag2-3.
[StoryEvents.Event-Radar-SetFlag3-3].Name;Technical Event
[StoryEvents.Event-Radar-SetFlag3-3].Desc-Owner;If you see this, it's a bug in event Event-Radar-SetFlag3-3.
[StoryEvents.Event-Radar-SetFlag3-3].Desc-NonOwner;If you see this, it's a bug in event Event-Radar-SetFlag3-3.
[StoryEvents.Event-Radar-SetFlag2-4].Name;Technical Event
[StoryEvents.Event-Radar-SetFlag2-4].Desc-Owner;If you see this, it's a bug in event Event-Radar-SetFlag2-4.
[StoryEvents.Event-Radar-SetFlag2-4].Desc-NonOwner;If you see this, it's a bug in event Event-Radar-SetFlag2-4.
[StoryEvents.Event-Radar-SetFlag3-4].Name;Technical Event
[StoryEvents.Event-Radar-SetFlag3-4].Desc-Owner;If you see this, it's a bug in event Event-Radar-SetFlag3-4.
[StoryEvents.Event-Radar-SetFlag3-4].Desc-NonOwner;If you see this, it's a bug in event Event-Radar-SetFlag3-4.
[StoryEvents.Event-Radar-AddUnits-1].Name;Reinforcements Arrived
[StoryEvents.Event-Radar-AddUnits-1].Desc-Owner;Reinforcements have arrived at territory %0:s at location %1:s from the base!
[StoryEvents.Event-Radar-AddUnits-1].Desc-NonOwner;If you see this, it's a bug in event Event-Radar-AddUnits-1.
[StoryEvents.Event-Radar-AddUnits-2].Name;Reinforcements Arrived
[StoryEvents.Event-Radar-AddUnits-2].Desc-Owner;Reinforcements have arrived at territory %0:s at location %1:s from the base!
[StoryEvents.Event-Radar-AddUnits-2].Desc-NonOwner;If you see this, it's a bug in event Event-Radar-AddUnits-2.
[StoryEvents.Event-Radar-Invasion-3].Name;Duty Squad
[StoryEvents.Event-Radar-Invasion-3].Desc-Owner;A Duty squad is assaulting territory %0:s at location %1:s again!
[StoryEvents.Event-Radar-Invasion-3].Desc-NonOwner;We received intelligence that a Duty squad is assaulting territory %0:s at location %1:s again!
[StoryEvents.Event-Radar-Invasion-4].Name;Freedom Squad
[StoryEvents.Event-Radar-Invasion-4].Desc-Owner;A Freedom squad is assaulting territory %0:s at location %1:s again!
[StoryEvents.Event-Radar-Invasion-4].Desc-NonOwner;We received intelligence that a Freedom squad is assaulting territory %0:s at location %1:s again!
[StoryEvents.Event-Radar-SetFlag1-3].Name;Technical Event
[StoryEvents.Event-Radar-SetFlag1-3].Desc-Owner;If you see this, it's a bug in event Event-Radar-SetFlag1-3.
[StoryEvents.Event-Radar-SetFlag1-3].Desc-NonOwner;If you see this, it's a bug in event Event-Radar-SetFlag1-3.
[StoryEvents.Event-Radar-AddUnits-3].Name;Reinforcements Arrived
[StoryEvents.Event-Radar-AddUnits-3].Desc-Owner;Reinforcements have arrived at territory %0:s at location %1:s from the base!
[StoryEvents.Event-Radar-AddUnits-3].Desc-NonOwner;If you see this, it's a bug in event Event-Radar-AddUnits-3.
[StoryEvents.Event-Radar-Invasion-5].Name;Military Squad
[StoryEvents.Event-Radar-Invasion-5].Desc-Owner;A Military squad is assaulting territory %0:s at location %1:s!
[StoryEvents.Event-Radar-Invasion-5].Desc-NonOwner;We received intelligence that a Military squad is assaulting territory %0:s at location %1:s!
[StoryEvents.Event-Radar-23].Name;The Marked One continues his journey
[StoryEvents.Event-Radar-23].Desc-Owner;The stalker known as the Marked One has been spotted in our territory %0:s at location %1:s. Our garrison let him pass.
[StoryEvents.Event-Radar-23].Desc-NonOwner;Rumors say that the stalker known as the Marked One was spotted in territory %0:s at location %1:s.
[StoryEvents.Event-Radar-24].Name;The Marked One attacked the territory garrison
[StoryEvents.Event-Radar-24].Desc-Owner;Our patrols encountered the stalker known as the Marked One. We lost the engagement in territory %0:s at location %1:s... Our casualties:
[StoryEvents.Event-Radar-24].Desc-NonOwner;Rumors say that the stalker known as the Marked One was spotted in territory %0:s at location %1:s.
[StoryEvents.Event-Radar-Mickluha].Name;Miklukha Survived!
[StoryEvents.Event-Radar-Mickluha].Desc-Owner;Great news! Remnants of Miklukha's squad have been discovered in territory %0:s at location %1:s! Miklukha is alive and is being sent for extended treatment and rest. Soon he will be able to lead the faction again. This news has boosted morale among all fighters!
[StoryEvents.Event-Radar-Mickluha].Desc-NonOwner;Rumors say that remnants of Miklukha's squad, the Freedom leader who went to the Radar about a month ago and didn't return, were found in territory %0:s at location %1:s. Miklukha survived, but he needs treatment and rest, so Lukash continues to lead Freedom for now.
[StoryEvents.Event-Radar-SetFlag4-1].Name;Technical Event
[StoryEvents.Event-Radar-SetFlag4-1].Desc-Owner;If you see this, it's a bug in event Event-Radar-SetFlag4-1.
[StoryEvents.Event-Radar-SetFlag4-1].Desc-NonOwner;If you see this, it's a bug in event Event-Radar-SetFlag4-1.
[StoryEvents.Event-Radar-SetFlag4-2].Name;Technical Event
[StoryEvents.Event-Radar-SetFlag4-2].Desc-Owner;If you see this, it's a bug in event Event-Radar-SetFlag4-2.
[StoryEvents.Event-Radar-SetFlag4-2].Desc-NonOwner;If you see this, it's a bug in event Event-Radar-SetFlag4-2.
[StoryEvents.Event-Radar-AddUnits-4].Name;Reinforcements Arrived
[StoryEvents.Event-Radar-AddUnits-4].Desc-Owner;Reinforcements have arrived at territory %0:s at location %1:s!
[StoryEvents.Event-Radar-AddUnits-4].Desc-NonOwner;If you see this, it's a bug in event Event-Radar-AddUnits-4.
[StoryEvents.Event-Radar-Invasion-6].Name;Stalker Breakthrough
[StoryEvents.Event-Radar-Invasion-6].Desc-Owner;A Loner squad is assaulting territory %0:s at location %1:s!
[StoryEvents.Event-Radar-Invasion-6].Desc-NonOwner;We received intelligence that a Loner squad is assaulting territory %0:s at location %1:s!
[StoryEvents.Event-Radar-25].Name;The Marked One continues his journey
[StoryEvents.Event-Radar-25].Desc-Owner;The stalker known as the Marked One has been spotted in our territory %0:s at location %1:s. Our garrison let him pass.
[StoryEvents.Event-Radar-25].Desc-NonOwner;Rumors say that the stalker known as the Marked One was spotted in territory %0:s at location %1:s.
[StoryEvents.Event-Radar-26].Name;The Marked One attacked the territory garrison
[StoryEvents.Event-Radar-26].Desc-Owner;Our patrols encountered the stalker known as the Marked One. We lost the engagement in territory %0:s at location %1:s... Our casualties:
[StoryEvents.Event-Radar-26].Desc-NonOwner;Rumors say that the stalker known as the Marked One was spotted in territory %0:s at location %1:s.
[StoryEvents.Event-Pripyat-SetFlag1-1].Name;Technical Event
[StoryEvents.Event-Pripyat-SetFlag1-1].Desc-Owner;If you see this, it's a bug in event Event-Pripyat-SetFlag1-1.
[StoryEvents.Event-Pripyat-SetFlag1-1].Desc-NonOwner;If you see this, it's a bug in event Event-Pripyat-SetFlag1-1.
[StoryEvents.Event-StartOperationMonolith].Name;Operation Monolith
[StoryEvents.Event-StartOperationMonolith].Desc-Owner;We received intelligence that the helicopters flying to CNPP are part of a large-scale Military operation codenamed "Monolith". It looks like the beginning of a massive assault!
[StoryEvents.Event-StartOperationMonolith].Desc-NonOwner;Military command is launching "Operation Monolith" in the northern Zone!
[StoryEvents.Event-Pripyat-Invasion-1].Name;Helicopter Shot Down in Pripyat
[StoryEvents.Event-Pripyat-Invasion-1].Desc-Owner;Territory %0:s at location %1:s is being assaulted by a Military squad, part of which survived the helicopter's emergency landing!
[StoryEvents.Event-Pripyat-Invasion-1].Desc-NonOwner;We received intelligence that territory %0:s at location %1:s is being assaulted by remnants of a Military squad who survived the emergency landing of a downed helicopter!
[StoryEvents.Event-Pripyat-SetFlag4-1].Name;Technical Event
[StoryEvents.Event-Pripyat-SetFlag4-1].Desc-Owner;If you see this, it's a bug in event Event-Pripyat-SetFlag4-1.
[StoryEvents.Event-Pripyat-SetFlag4-1].Desc-NonOwner;If you see this, it's a bug in event Event-Pripyat-SetFlag4-1.
[StoryEvents.Event-Pripyat-SetFlag4-2].Name;Technical Event
[StoryEvents.Event-Pripyat-SetFlag4-2].Desc-Owner;If you see this, it's a bug in event Event-Pripyat-SetFlag4-2.
[StoryEvents.Event-Pripyat-SetFlag4-2].Desc-NonOwner;If you see this, it's a bug in event Event-Pripyat-SetFlag4-2.
[StoryEvents.Event-Pripyat-Invasion-2].Name;Breakthrough Group
[StoryEvents.Event-Pripyat-Invasion-2].Desc-Owner;A Loner squad is assaulting territory %0:s at location %1:s!
[StoryEvents.Event-Pripyat-Invasion-2].Desc-NonOwner;We received intelligence that a Loner squad is assaulting territory %0:s at location %1:s!
[StoryEvents.Event-Pripyat-1].Name;The Marked One continues his journey
[StoryEvents.Event-Pripyat-1].Desc-Owner;The stalker known as the Marked One has been spotted in our territory %0:s at location %1:s. Our garrison let him pass.
[StoryEvents.Event-Pripyat-1].Desc-NonOwner;Rumors say that the stalker known as the Marked One was spotted in territory %0:s at location %1:s.
[StoryEvents.Event-Pripyat-2].Name;The Marked One attacked the territory garrison
[StoryEvents.Event-Pripyat-2].Desc-Owner;Our patrols encountered the stalker known as the Marked One. We lost the engagement in territory %0:s at location %1:s... Our casualties:
[StoryEvents.Event-Pripyat-2].Desc-NonOwner;Rumors say that the stalker known as the Marked One was spotted in territory %0:s at location %1:s.
[StoryEvents.Event-Pripyat-3].Name;The Marked One continues his journey
[StoryEvents.Event-Pripyat-3].Desc-Owner;The stalker known as the Marked One has been spotted in our territory %0:s at location %1:s. Our garrison let him pass.
[StoryEvents.Event-Pripyat-3].Desc-NonOwner;Rumors say that the stalker known as the Marked One was spotted in territory %0:s at location %1:s.
[StoryEvents.Event-Pripyat-4].Name;The Marked One attacked the territory garrison
[StoryEvents.Event-Pripyat-4].Desc-Owner;Our patrols encountered the stalker known as the Marked One. We lost the engagement in territory %0:s at location %1:s... Our casualties:
[StoryEvents.Event-Pripyat-4].Desc-NonOwner;Rumors say that the stalker known as the Marked One was spotted in territory %0:s at location %1:s.
[StoryEvents.Event-Pripyat-SetFlag2-1].Name;Technical Event
[StoryEvents.Event-Pripyat-SetFlag2-1].Desc-Owner;If you see this, it's a bug in event Event-Pripyat-SetFlag2-1.
[StoryEvents.Event-Pripyat-SetFlag2-1].Desc-NonOwner;If you see this, it's a bug in event Event-Pripyat-SetFlag2-1.
[StoryEvents.Event-Pripyat-SetFlag3-1].Name;Technical Event
[StoryEvents.Event-Pripyat-SetFlag3-1].Desc-Owner;If you see this, it's a bug in event Event-Pripyat-SetFlag3-1.
[StoryEvents.Event-Pripyat-SetFlag3-1].Desc-NonOwner;If you see this, it's a bug in event Event-Pripyat-SetFlag3-1.
[StoryEvents.Event-Pripyat-SetFlag2-2].Name;Technical Event
[StoryEvents.Event-Pripyat-SetFlag2-2].Desc-Owner;If you see this, it's a bug in event Event-Pripyat-SetFlag2-2.
[StoryEvents.Event-Pripyat-SetFlag2-2].Desc-NonOwner;If you see this, it's a bug in event Event-Pripyat-SetFlag2-2.
[StoryEvents.Event-Pripyat-SetFlag3-2].Name;Technical Event
[StoryEvents.Event-Pripyat-SetFlag3-2].Desc-Owner;If you see this, it's a bug in event Event-Pripyat-SetFlag3-2.
[StoryEvents.Event-Pripyat-SetFlag3-2].Desc-NonOwner;If you see this, it's a bug in event Event-Pripyat-SetFlag3-2.
[StoryEvents.Event-Pripyat-Invasion-3].Name;Duty Vanguard
[StoryEvents.Event-Pripyat-Invasion-3].Desc-Owner;A Duty squad is assaulting territory %0:s at location %1:s!
[StoryEvents.Event-Pripyat-Invasion-3].Desc-NonOwner;We received intelligence that a Duty squad is assaulting territory %0:s at location %1:s!
[StoryEvents.Event-Pripyat-Invasion-4].Name;Freedom Vanguard
[StoryEvents.Event-Pripyat-Invasion-4].Desc-Owner;A Freedom squad is assaulting territory %0:s at location %1:s!
[StoryEvents.Event-Pripyat-Invasion-4].Desc-NonOwner;We received intelligence that a Freedom squad is assaulting territory %0:s at location %1:s!
[StoryEvents.Event-Pripyat-5].Name;The Marked One continues his journey
[StoryEvents.Event-Pripyat-5].Desc-Owner;The stalker known as the Marked One has been spotted in our territory %0:s at location %1:s. Our garrison let him pass.
[StoryEvents.Event-Pripyat-5].Desc-NonOwner;Rumors say that the stalker known as the Marked One was spotted in territory %0:s at location %1:s.
[StoryEvents.Event-Pripyat-6].Name;The Marked One attacked the territory garrison
[StoryEvents.Event-Pripyat-6].Desc-Owner;Our patrols encountered the stalker known as the Marked One. We lost the engagement in territory %0:s at location %1:s... Our casualties:
[StoryEvents.Event-Pripyat-6].Desc-NonOwner;Rumors say that the stalker known as the Marked One was spotted in territory %0:s at location %1:s.
[StoryEvents.Event-Pripyat-Helicopter].Name;Helicopter Shot Down!
[StoryEvents.Event-Pripyat-Helicopter].Desc-Owner;We managed to shoot down a helicopter of the faithless in territory %0:s at location %1:s! We shall avenge our brothers!
[StoryEvents.Event-Pripyat-Helicopter].Desc-NonOwner;Rumors say that a helicopter was shot down in territory %0:s at location %1:s!
[StoryEvents.Event-Pripyat-7].Name;The Marked One continues his journey
[StoryEvents.Event-Pripyat-7].Desc-Owner;The stalker known as the Marked One has been spotted in our territory %0:s at location %1:s. Our garrison let him pass.
[StoryEvents.Event-Pripyat-7].Desc-NonOwner;Rumors say that the stalker known as the Marked One was spotted in territory %0:s at location %1:s.
[StoryEvents.Event-Pripyat-8].Name;The Marked One attacked the territory garrison
[StoryEvents.Event-Pripyat-8].Desc-Owner;Our patrols encountered the stalker known as the Marked One. We lost the engagement in territory %0:s at location %1:s... Our casualties:
[StoryEvents.Event-Pripyat-8].Desc-NonOwner;Rumors say that the stalker known as the Marked One was spotted in territory %0:s at location %1:s.
[StoryEvents.Event-Pripyat-9].Name;The Marked One continues his journey
[StoryEvents.Event-Pripyat-9].Desc-Owner;The stalker known as the Marked One has been spotted in our territory %0:s at location %1:s. Our garrison let him pass.
[StoryEvents.Event-Pripyat-9].Desc-NonOwner;Rumors say that the stalker known as the Marked One was spotted in territory %0:s at location %1:s.
[StoryEvents.Event-Pripyat-10].Name;The Marked One attacked the territory garrison
[StoryEvents.Event-Pripyat-10].Desc-Owner;Our patrols encountered the stalker known as the Marked One. We lost the engagement in territory %0:s at location %1:s... Our casualties:
[StoryEvents.Event-Pripyat-10].Desc-NonOwner;Rumors say that the stalker known as the Marked One was spotted in territory %0:s at location %1:s.
[StoryEvents.Event-Pripyat-11].Name;The Marked One continues his journey
[StoryEvents.Event-Pripyat-11].Desc-Owner;The stalker known as the Marked One has been spotted in our territory %0:s at location %1:s. Our garrison let him pass.
[StoryEvents.Event-Pripyat-11].Desc-NonOwner;Rumors say that the stalker known as the Marked One was spotted in territory %0:s at location %1:s.
[StoryEvents.Event-Pripyat-12].Name;The Marked One attacked the territory garrison
[StoryEvents.Event-Pripyat-12].Desc-Owner;Our patrols encountered the stalker known as the Marked One. We lost the engagement in territory %0:s at location %1:s... Our casualties:
[StoryEvents.Event-Pripyat-12].Desc-NonOwner;Rumors say that the stalker known as the Marked One was spotted in territory %0:s at location %1:s.
[StoryEvents.Event-Pripyat-13].Name;The Marked One continues his journey
[StoryEvents.Event-Pripyat-13].Desc-Owner;The stalker known as the Marked One has been spotted in our territory %0:s at location %1:s. Our garrison let him pass.
[StoryEvents.Event-Pripyat-13].Desc-NonOwner;Rumors say that the stalker known as the Marked One was spotted in territory %0:s at location %1:s.
[StoryEvents.Event-Pripyat-14].Name;The Marked One attacked the territory garrison
[StoryEvents.Event-Pripyat-14].Desc-Owner;Our patrols encountered the stalker known as the Marked One. We lost the engagement in territory %0:s at location %1:s... Our casualties:
[StoryEvents.Event-Pripyat-14].Desc-NonOwner;Rumors say that the stalker known as the Marked One was spotted in territory %0:s at location %1:s.
[StoryEvents.Event-Pripyat-SetFlag1-2].Name;Technical Event
[StoryEvents.Event-Pripyat-SetFlag1-2].Desc-Owner;If you see this, it's a bug in event Event-Radar-SetFlag1-2.
[StoryEvents.Event-Pripyat-SetFlag1-2].Desc-NonOwner;If you see this, it's a bug in event Event-Radar-SetFlag1-2.
[StoryEvents.Event-Pripyat-SetFlag1-3].Name;Technical Event
[StoryEvents.Event-Pripyat-SetFlag1-3].Desc-Owner;If you see this, it's a bug in event Event-Pripyat-SetFlag1-3.
[StoryEvents.Event-Pripyat-SetFlag1-3].Desc-NonOwner;If you see this, it's a bug in event Event-Pripyat-SetFlag1-3.
[StoryEvents.Event-OperationMonolith-HelicopterAttack-10].Name;Helicopter Attack
[StoryEvents.Event-OperationMonolith-HelicopterAttack-10].Desc-Owner;A Military helicopter opened fire on territory %0:s at location %1:s!
[StoryEvents.Event-OperationMonolith-HelicopterAttack-10].Desc-NonOwner;If you see this, it's a bug in event Event-OperationMonolith-HelicopterAttack-10.
[StoryEvents.Event-OperationMonolith-Reinforcement-6].Name;Owl Squad
[StoryEvents.Event-OperationMonolith-Reinforcement-6].Desc-Owner;Reinforcements have arrived at territory %0:s at location %1:s!
[StoryEvents.Event-OperationMonolith-Reinforcement-6].Desc-NonOwner;We received intelligence that another Military squad has arrived at territory %0:s at location %1:s!
[StoryEvents.Event-OperationMonolith-Invasion-10].Name;Owl Squad
[StoryEvents.Event-OperationMonolith-Invasion-10].Desc-Owner;A Military squad is assaulting territory %0:s at location %1:s!
[StoryEvents.Event-OperationMonolith-Invasion-10].Desc-NonOwner;We received intelligence that a Military squad is assaulting territory %0:s at location %1:s!
[StoryEvents.Event-OperationMonolith-HelicopterAttack-11].Name;Helicopter Attack
[StoryEvents.Event-OperationMonolith-HelicopterAttack-11].Desc-Owner;A Military helicopter opened fire on territory %0:s at location %1:s!
[StoryEvents.Event-OperationMonolith-HelicopterAttack-11].Desc-NonOwner;If you see this, it's a bug in event Event-OperationMonolith-HelicopterAttack-11.
[StoryEvents.Event-OperationMonolith-Reinforcement-7].Name;Vulture Squad
[StoryEvents.Event-OperationMonolith-Reinforcement-7].Desc-Owner;Reinforcements have arrived at territory %0:s at location %1:s!
[StoryEvents.Event-OperationMonolith-Reinforcement-7].Desc-NonOwner;We received intelligence that another Military squad has arrived at territory %0:s at location %1:s!
[StoryEvents.Event-OperationMonolith-Invasion-11].Name;Vulture Squad
[StoryEvents.Event-OperationMonolith-Invasion-11].Desc-Owner;A Military squad is assaulting territory %0:s at location %1:s!
[StoryEvents.Event-OperationMonolith-Invasion-11].Desc-NonOwner;We received intelligence that a Military squad is assaulting territory %0:s at location %1:s!
[StoryEvents.Event-CHAES-9].Name;The Marked One continues his journey
[StoryEvents.Event-CHAES-9].Desc-Owner;The stalker known as the Marked One has been spotted in our territory %0:s at location %1:s. Our garrison let him pass.
[StoryEvents.Event-CHAES-9].Desc-NonOwner;Rumors say that the stalker known as the Marked One was spotted in territory %0:s at location %1:s.
[StoryEvents.Event-CHAES-10].Name;The Marked One attacked the territory garrison
[StoryEvents.Event-CHAES-10].Desc-Owner;Our patrols encountered the stalker known as the Marked One. We lost the engagement in territory %0:s at location %1:s... Our casualties:
[StoryEvents.Event-CHAES-10].Desc-NonOwner;Rumors say that the stalker known as the Marked One was spotted in territory %0:s at location %1:s.
[StoryEvents.Event-OperationMonolith-HelicopterShotdown-3].Name;Helicopter Shot Down
[StoryEvents.Event-OperationMonolith-HelicopterShotdown-3].Desc-Owner;A Military helicopter was shot down over location %1:s!
[StoryEvents.Event-OperationMonolith-HelicopterShotdown-3].Desc-NonOwner;A Military helicopter was shot down over location %1:s!
[StoryEvents.Event-OperationMonolith-HelicopterShotdown-4].Name;Another Helicopter Shot Down
[StoryEvents.Event-OperationMonolith-HelicopterShotdown-4].Desc-Owner;A Military helicopter was shot down over location %1:s!
[StoryEvents.Event-OperationMonolith-HelicopterShotdown-4].Desc-NonOwner;A Military helicopter was shot down over location %1:s!
[StoryEvents.Event-OperationMonolith-Clearing-1].Name;Ownership Change at CNPP
[StoryEvents.Event-OperationMonolith-Clearing-1].Desc-Owner;If you see this, it's a bug in event Event-OperationMonolith-Clearing-1.
[StoryEvents.Event-OperationMonolith-Clearing-1].Desc-NonOwner;If you see this, it's a bug in event Event-OperationMonolith-Clearing-1.
[StoryEvents.Event-OperationMonolith-Clearing-2].Name;Ownership Change at CNPP
[StoryEvents.Event-OperationMonolith-Clearing-2].Desc-Owner;If you see this, it's a bug in event Event-OperationMonolith-Clearing-2.
[StoryEvents.Event-OperationMonolith-Clearing-2].Desc-NonOwner;If you see this, it's a bug in event Event-OperationMonolith-Clearing-2.
[StoryEvents.Event-OperationMonolith-Clearing-3].Name;Ownership Change at CNPP
[StoryEvents.Event-OperationMonolith-Clearing-3].Desc-Owner;If you see this, it's a bug in event Event-OperationMonolith-Clearing-3.
[StoryEvents.Event-OperationMonolith-Clearing-3].Desc-NonOwner;If you see this, it's a bug in event Event-OperationMonolith-Clearing-3.
[StoryEvents.Event-OperationMonolith-Clearing-4].Name;Ownership Change at CNPP
[StoryEvents.Event-OperationMonolith-Clearing-4].Desc-Owner;If you see this, it's a bug in event Event-OperationMonolith-Clearing-4.
[StoryEvents.Event-OperationMonolith-Clearing-4].Desc-NonOwner;If you see this, it's a bug in event Event-OperationMonolith-Clearing-4.
[StoryEvents.Event-OperationMonolith-Clearing-5].Name;Ownership Change at CNPP
[StoryEvents.Event-OperationMonolith-Clearing-5].Desc-Owner;If you see this, it's a bug in event Event-OperationMonolith-Clearing-5.
[StoryEvents.Event-OperationMonolith-Clearing-5].Desc-NonOwner;If you see this, it's a bug in event Event-OperationMonolith-Clearing-5.
[StoryEvents.Event-OperationMonolith-Clearing-6].Name;Ownership Change at CNPP
[StoryEvents.Event-OperationMonolith-Clearing-6].Desc-Owner;If you see this, it's a bug in event Event-OperationMonolith-Clearing-6.
[StoryEvents.Event-OperationMonolith-Clearing-6].Desc-NonOwner;If you see this, it's a bug in event Event-OperationMonolith-Clearing-6.
[StoryEvents.Event-OperationMonolith-Clearing-7].Name;Ownership Change at CNPP
[StoryEvents.Event-OperationMonolith-Clearing-7].Desc-Owner;If you see this, it's a bug in event Event-OperationMonolith-Clearing-7.
[StoryEvents.Event-OperationMonolith-Clearing-7].Desc-NonOwner;If you see this, it's a bug in event Event-OperationMonolith-Clearing-7.
[StoryEvents.Event-OperationMonolith-Clearing-8].Name;Ownership Change at CNPP
[StoryEvents.Event-OperationMonolith-Clearing-8].Desc-Owner;If you see this, it's a bug in event Event-OperationMonolith-Clearing-8.
[StoryEvents.Event-OperationMonolith-Clearing-8].Desc-NonOwner;If you see this, it's a bug in event Event-OperationMonolith-Clearing-8.
[StoryEvents.Event-OperationMonolith-Clearing-9].Name;Ownership Change at CNPP
[StoryEvents.Event-OperationMonolith-Clearing-9].Desc-Owner;If you see this, it's a bug in event Event-OperationMonolith-Clearing-9.
[StoryEvents.Event-OperationMonolith-Clearing-9].Desc-NonOwner;If you see this, it's a bug in event Event-OperationMonolith-Clearing-9.
[StoryEvents.Event-OperationMonolith-Clearing-10].Name;Ownership Change at CNPP
[StoryEvents.Event-OperationMonolith-Clearing-10].Desc-Owner;If you see this, it's a bug in event Event-OperationMonolith-Clearing-10.
[StoryEvents.Event-OperationMonolith-Clearing-10].Desc-NonOwner;If you see this, it's a bug in event Event-OperationMonolith-Clearing-10.
[StoryEvents.Event-OperationMonolith-Clearing-11].Name;Ownership Change at CNPP
[StoryEvents.Event-OperationMonolith-Clearing-11].Desc-Owner;If you see this, it's a bug in event Event-OperationMonolith-Clearing-11.
[StoryEvents.Event-OperationMonolith-Clearing-11].Desc-NonOwner;If you see this, it's a bug in event Event-OperationMonolith-Clearing-11.
[StoryEvents.Event-OperationMonolith-Clearing-12].Name;Ownership Change at CNPP
[StoryEvents.Event-OperationMonolith-Clearing-12].Desc-Owner;If you see this, it's a bug in event Event-OperationMonolith-Clearing-12.
[StoryEvents.Event-OperationMonolith-Clearing-12].Desc-NonOwner;If you see this, it's a bug in event Event-OperationMonolith-Clearing-12.
[StoryEvents.Event-OperationMonolith-Clearing-13].Name;Ownership Change at CNPP
[StoryEvents.Event-OperationMonolith-Clearing-13].Desc-Owner;If you see this, it's a bug in event Event-OperationMonolith-Clearing-13.
[StoryEvents.Event-OperationMonolith-Clearing-13].Desc-NonOwner;If you see this, it's a bug in event Event-OperationMonolith-Clearing-13.
[StoryEvents.Event-OperationMonolith-Clearing-14].Name;Ownership Change at CNPP
[StoryEvents.Event-OperationMonolith-Clearing-14].Desc-Owner;If you see this, it's a bug in event Event-OperationMonolith-Clearing-14.
[StoryEvents.Event-OperationMonolith-Clearing-14].Desc-NonOwner;If you see this, it's a bug in event Event-OperationMonolith-Clearing-14.
[StoryEvents.Event-OperationMonolith-Clearing-15].Name;Ownership Change at CNPP
[StoryEvents.Event-OperationMonolith-Clearing-15].Desc-Owner;If you see this, it's a bug in event Event-OperationMonolith-Clearing-15.
[StoryEvents.Event-OperationMonolith-Clearing-15].Desc-NonOwner;If you see this, it's a bug in event Event-OperationMonolith-Clearing-15.
[StoryEvents.Event-OperationMonolith-Clearing-16].Name;Ownership Change at CNPP
[StoryEvents.Event-OperationMonolith-Clearing-16].Desc-Owner;If you see this, it's a bug in event Event-OperationMonolith-Clearing-16.
[StoryEvents.Event-OperationMonolith-Clearing-16].Desc-NonOwner;If you see this, it's a bug in event Event-OperationMonolith-Clearing-16.
[StoryEvents.Event-OperationMonolith-Clearing-17].Name;Ownership Change at CNPP
[StoryEvents.Event-OperationMonolith-Clearing-17].Desc-Owner;If you see this, it's a bug in event Event-OperationMonolith-Clearing-17.
[StoryEvents.Event-OperationMonolith-Clearing-17].Desc-NonOwner;If you see this, it's a bug in event Event-OperationMonolith-Clearing-17.
[StoryEvents.Event-OperationMonolith-Clearing-18].Name;Ownership Change at CNPP
[StoryEvents.Event-OperationMonolith-Clearing-18].Desc-Owner;If you see this, it's a bug in event Event-OperationMonolith-Clearing-18.
[StoryEvents.Event-OperationMonolith-Clearing-18].Desc-NonOwner;If you see this, it's a bug in event Event-OperationMonolith-Clearing-18.
[StoryEvents.Event-OperationMonolith-Clearing-19].Name;Ownership Change at CNPP
[StoryEvents.Event-OperationMonolith-Clearing-19].Desc-Owner;If you see this, it's a bug in event Event-OperationMonolith-Clearing-19.
[StoryEvents.Event-OperationMonolith-Clearing-19].Desc-NonOwner;If you see this, it's a bug in event Event-OperationMonolith-Clearing-19.
[StoryEvents.Event-OperationMonolith-Clearing-20].Name;Ownership Change at CNPP
[StoryEvents.Event-OperationMonolith-Clearing-20].Desc-Owner;If you see this, it's a bug in event Event-OperationMonolith-Clearing-20.
[StoryEvents.Event-OperationMonolith-Clearing-20].Desc-NonOwner;If you see this, it's a bug in event Event-OperationMonolith-Clearing-20.
[StoryEvents.Event-OperationMonolith-Clearing-21].Name;Ownership Change at CNPP
[StoryEvents.Event-OperationMonolith-Clearing-21].Desc-Owner;If you see this, it's a bug in event Event-OperationMonolith-Clearing-21.
[StoryEvents.Event-OperationMonolith-Clearing-21].Desc-NonOwner;If you see this, it's a bug in event Event-OperationMonolith-Clearing-21.
[StoryEvents.Event-OperationMonolith-Clearing-22].Name;Ownership Change at CNPP
[StoryEvents.Event-OperationMonolith-Clearing-22].Desc-Owner;If you see this, it's a bug in event Event-OperationMonolith-Clearing-22.
[StoryEvents.Event-OperationMonolith-Clearing-22].Desc-NonOwner;If you see this, it's a bug in event Event-OperationMonolith-Clearing-22.
[StoryEvents.Event-OperationMonolith-Finishing-Lose-1].Name;Operation Monolith Failed
[StoryEvents.Event-OperationMonolith-Finishing-Lose-1].Desc-Owner;The Great Monolith granted us strength and we repelled them!
[StoryEvents.Event-OperationMonolith-Finishing-Lose-1].Desc-NonOwner;Government forces failed to take control of the Sarcophagus! Is this a complete disaster for them?
[StoryEvents.Event-OperationMonolith-Finishing-Lose-2].Name;Operation Monolith Failed
[StoryEvents.Event-OperationMonolith-Finishing-Lose-2].Desc-Owner;We managed to defend %0:s! We repelled the Military!
[StoryEvents.Event-OperationMonolith-Finishing-Lose-2].Desc-NonOwner;Government forces failed to take control of %0:s! Is this a complete disaster for them?
[StoryEvents.Event-OperationMonolith-Finishing-Lose-3].Name;Ambiguous Outcome
[StoryEvents.Event-OperationMonolith-Finishing-Lose-3].Desc-Owner;We managed to capture %0:s! Us, not "those" Military! We are the protection of this world from the Zone's contamination!
[StoryEvents.Event-OperationMonolith-Finishing-Lose-3].Desc-NonOwner;Government forces failed to take control of %0:s! Is this a complete disaster for them, or was there some kind of deal with Duty?
[StoryEvents.Event-OperationMonolith-Finishing-Lose-4].Name;Unusual Outcome
[StoryEvents.Event-OperationMonolith-Finishing-Lose-4].Desc-Owner;We managed to capture %0:s! Us, not "those" Military! We are the vanguard of science and knowledge!
[StoryEvents.Event-OperationMonolith-Finishing-Lose-4].Desc-NonOwner;The Military failed to take control of %0:s, but the Scientists did instead! Those guys with instruments and test tubes proved to everyone that you don't mess with them!
[StoryEvents.Event-OperationMonolith-Finishing-Victory].Name;Operation Results
[StoryEvents.Event-OperationMonolith-Finishing-Victory].Desc-Owner;Despite all the casualties, %0:s has been captured! It's a success, but given our losses in this campaign, we'll probably be summoned before a court-martial...
[StoryEvents.Event-OperationMonolith-Finishing-Victory].Desc-NonOwner;%0:s is under government control!
[StoryEvents.Event-CHAES-11].Name;The Marked One continues his journey
[StoryEvents.Event-CHAES-11].Desc-Owner;The stalker known as the Marked One has been spotted in our territory %0:s at location %1:s. Our garrison let him pass.
[StoryEvents.Event-CHAES-11].Desc-NonOwner;Rumors say that the stalker known as the Marked One was spotted in territory %0:s at location %1:s.
[StoryEvents.Event-CHAES-12].Name;The Marked One attacked the territory garrison
[StoryEvents.Event-CHAES-12].Desc-Owner;Our patrols encountered the stalker known as the Marked One. We lost the engagement in territory %0:s at location %1:s... Our casualties:
[StoryEvents.Event-CHAES-12].Desc-NonOwner;Rumors say that the stalker known as the Marked One was spotted in territory %0:s at location %1:s.
[StoryEvents.Event-Ending-Mutants].Name;The Marked One Made a Wish
[StoryEvents.Event-Ending-Mutants].Desc-Owner;Controller to another Controller: Have you seen the Marked One near the Wish Granter? Hah, he's walking around blind and deaf, muttering about green grass and beautiful meadows. Been like that for days. I wish I could wash people's brains like that stone...
[StoryEvents.Event-Ending-Mutants].Desc-NonOwner;Rumors say that the Marked One found the Wish Granter, but for some reason, he was later found wandering near CNPP. Blind and deaf, mumbling about green grass and beautiful meadows. What could he have wished for?
[StoryEvents.Event-Ending-StalkersAndBanditsAndMercenaries].Name;The Marked One Made a Wish
[StoryEvents.Event-Ending-StalkersAndBanditsAndMercenaries].Desc-Owner;Squad commanders reported finding the Marked One's body under debris in the Sarcophagus. He was holding a nut in his hand. What happened?
[StoryEvents.Event-Ending-StalkersAndBanditsAndMercenaries].Desc-NonOwner;Rumors say that the Marked One found the Wish Granter, but for some reason, he was later found under debris holding a nut. What could he have wished for?
[StoryEvents.Event-Ending-Soldiers].Name;The Marked One Made a Wish
[StoryEvents.Event-Ending-Soldiers].Desc-Owner;Officers reported finding the Marked One's gear near the Wish Granter. The Marked One himself is nowhere to be found. Did the Monolith take him? What happened?
[StoryEvents.Event-Ending-Soldiers].Desc-NonOwner;Rumors speak of the Marked One finding the Wish Granter, but for some reason, he vanished afterwards and hasn't been seen. Although his gear was found near the Wish Granter. Did the Monolith take him? What could he have wished for?
[StoryEvents.Event-Ending-Duty].Name;The Marked One Made a Wish
[StoryEvents.Event-Ending-Duty].Desc-Owner;Officers reported finding the Marked One in the Sarcophagus. He sees nothing and hears nothing, constantly talking about greenery all around and beautiful meadows. What happened?
[StoryEvents.Event-Ending-Duty].Desc-NonOwner;Rumors say that the Marked One found the Wish Granter, but for some reason, he was later found blind and deaf, mumbling about green grass and beautiful meadows. What could he have wished for?
[StoryEvents.Event-Ending-Freedom].Name;The Marked One Made a Wish
[StoryEvents.Event-Ending-Freedom].Desc-Owner;Officers reported finding the Marked One wandering aimlessly in the Sarcophagus. He sees nothing and hears nothing, constantly talking about darkness. What happened?
[StoryEvents.Event-Ending-Freedom].Desc-NonOwner;Rumors say that the Marked One found the Wish Granter, but for some reason, he was later found blind and deaf, wandering aimlessly and mumbling about darkness. What could he have wished for?
[StoryEvents.Event-Ending-Scientists].Name;The Marked One Made a Wish
[StoryEvents.Event-Ending-Scientists].Desc-Owner;Scientists exploring the Sarcophagus reported finding an inexplicable silver statue of a human inside. What is this? The Marked One?!
[StoryEvents.Event-Ending-Scientists].Desc-NonOwner;Rumors say that the Marked One found the Wish Granter, but for some reason, he was later found as a silver statue. What could he have wished for?
[StoryEvents.Event-CHAES-13].Name;The Marked One continues his journey
[StoryEvents.Event-CHAES-13].Desc-Owner;The stalker known as the Marked One has been spotted in our territory %0:s at location %1:s. Our garrison let him pass.
[StoryEvents.Event-CHAES-13].Desc-NonOwner;Rumors say that the stalker known as the Marked One was spotted in territory %0:s at location %1:s.
[StoryEvents.Event-CHAES-14].Name;The Marked One attacked the territory garrison
[StoryEvents.Event-CHAES-14].Desc-Owner;Our patrols encountered the stalker known as the Marked One. We lost the engagement in territory %0:s at location %1:s... Our casualties:
[StoryEvents.Event-CHAES-14].Desc-NonOwner;Rumors say that the stalker known as the Marked One was spotted in territory %0:s at location %1:s.
[StoryEvents.Event-Ending-Monolith].Name;The Marked One Destroyed the C-Consciousness!
[StoryEvents.Event-Ending-Monolith].Desc-Owner;Monolith! We can no longer hear you! Monolith! Answer us! Monolith! Monolith!!!
[StoryEvents.Event-Ending-Monolith].Desc-NonOwner;Rumors say that the Marked One destroyed a certain C-Consciousness, which used the Wish Granter and controlled the Monolith faction! I wonder if it's true?
[StoryEvents.Event-Ending-Zombie].Name;The Marked One Joined the C-Consciousness!
[StoryEvents.Event-Ending-Zombie].Desc-Owner;So it is. The Marked One has joined the C-Consciousness. He has earned his place among the masters of the Zone!
[StoryEvents.Event-Ending-Zombie].Desc-NonOwner;Rumors say that the Marked One managed to sneak inside CNPP. But there's no confirmation or information on what happened to him afterwards. Some assume he joined the Monolith faction, while others even claim he made a wish like "I want to become the master of the Zone". Anyway, rumors vary, and the Zone has begun expanding rapidly... Soon the Cordon will no longer be the outskirts...
ScenarioName;Story. Shadow of Chernobyl
ScenarioDescription;This scenario recreates the plot of the original game. The Marked One's journey to the center of the Zone in search of Strelok. This scenario has a turn limit. You must capture the entire Zone before the Marked One reaches the C-Consciousness or Monolith from the Cordon (endings vary depending on specific conditions). Diplomacy between factions is close to canon. Emissions have double the power but occur half as frequently.
ScenarioLoseDescription;Defeat conditions: lose all controlled territories or fail to meet victory conditions within approximately 148-149 turns.